instance_id,box_id,type_id,length_cm,width_cm,height_cm,vert_axis_allowed,volume_cm3,weight_kg,destination,priority,shipper,stackable
1,10,1,108,76,30,3,246240,73.872,C,3,S6,1
1,94,11,36,34,25,"1,2,3",30600,9.18,C,3,S6,1
1,104,13,33,25,23,"1,2,3",18975,5.692,C,3,S6,1
1,79,9,85,84,30,3,214200,64.26,A,1,S1,1
1,50,6,111,70,48,"2,3",372960,111.888,A,1,S1,1
1,17,2,110,43,25,"2,3",118250,35.475,B,2,S5,1
1,63,7,98,72,46,"2,3",324576,97.373,B,2,S5,1
1,73,8,95,66,31,3,194370,58.311,B,2,S4,1
1,106,13,33,25,23,"1,2,3",18975,5.692,B,2,S4,1
1,102,12,97,67,62,"1,2,3",402938,120.881,C,3,S6,1
1,48,6,111,70,48,"2,3",372960,111.888,A,1,S1,0
1,22,2,110,43,25,"2,3",118250,35.475,C,3,S6,1
1,31,4,81,33,28,"2,3",74844,22.453,A,1,S1,1
1,88,11,36,34,25,"1,2,3",30600,9.18,A,1,S3,1
1,33,4,81,33,28,"2,3",74844,22.453,A,1,S2,1
1,51,6,111,70,48,"2,3",372960,111.888,A,1,S3,1
1,64,7,98,72,46,"2,3",324576,97.373,B,2,S5,0
1,125,15,94,81,44,"2,3",335016,100.505,C,3,S6,1
1,98,12,97,67,62,"1,2,3",402938,120.881,A,1,S1,1
1,19,2,110,43,25,"2,3",118250,35.475,C,3,S6,0
1,96,11,36,34,25,"1,2,3",30600,9.18,A,1,S3,1
1,3,1,108,76,30,3,246240,73.872,A,1,S1,1
1,67,8,95,66,31,3,194370,58.311,A,1,S3,1
1,82,9,85,84,30,3,214200,64.26,C,3,S6,1
1,37,4,81,33,28,"2,3",74844,22.453,B,2,S5,1
1,120,14,95,27,26,"2,3",66690,20.007,A,1,S3,1
1,8,1,108,76,30,3,246240,73.872,A,1,S3,0
1,2,1,108,76,30,3,246240,73.872,C,3,S6,1
1,89,11,36,34,25,"1,2,3",30600,9.18,C,3,S6,1
1,81,9,85,84,30,3,214200,64.26,C,3,S6,1
1,27,3,92,81,55,"1,2,3",409860,122.958,A,1,S1,1
1,93,11,36,34,25,"1,2,3",30600,9.18,C,3,S6,1
1,61,7,98,72,46,"2,3",324576,97.373,B,2,S5,1
1,75,8,95,66,31,3,194370,58.311,B,2,S4,1
1,97,12,97,67,62,"1,2,3",402938,120.881,C,3,S6,0
1,60,7,98,72,46,"2,3",324576,97.373,C,3,S6,1
1,40,5,120,99,73,"1,2,3",867240,260.172,B,2,S4,1
1,74,8,95,66,31,3,194370,58.311,C,3,S6,1
1,35,4,81,33,28,"2,3",74844,22.453,B,2,S5,1
1,52,6,111,70,48,"2,3",372960,111.888,A,1,S3,1
1,62,7,98,72,46,"2,3",324576,97.373,A,1,S2,1
1,39,4,81,33,28,"2,3",74844,22.453,B,2,S4,1
1,113,14,95,27,26,"2,3",66690,20.007,B,2,S4,0
1,42,5,120,99,73,"1,2,3",867240,260.172,B,2,S4,1
1,86,10,71,32,25,"2,3",56800,17.04,B,2,S4,1
1,80,9,85,84,30,3,214200,64.26,B,2,S5,1
1,57,7,98,72,46,"2,3",324576,97.373,B,2,S4,1
1,43,5,120,99,73,"1,2,3",867240,260.172,A,1,S1,1
1,85,10,71,32,25,"2,3",56800,17.04,A,1,S3,1
1,23,2,110,43,25,"2,3",118250,35.475,A,1,S2,1
1,53,6,111,70,48,"2,3",372960,111.888,A,1,S2,1
1,105,13,33,25,23,"1,2,3",18975,5.692,A,1,S3,1
1,24,2,110,43,25,"2,3",118250,35.475,B,2,S4,1
1,99,12,97,67,62,"1,2,3",402938,120.881,C,3,S6,1
1,41,5,120,99,73,"1,2,3",867240,260.172,A,1,S1,1
1,108,13,33,25,23,"1,2,3",18975,5.692,B,2,S4,1
1,123,15,94,81,44,"2,3",335016,100.505,B,2,S5,1
1,68,8,95,66,31,3,194370,58.311,A,1,S1,1
1,128,15,94,81,44,"2,3",335016,100.505,C,3,S6,1
1,56,6,111,70,48,"2,3",372960,111.888,C,3,S6,1
1,15,2,110,43,25,"2,3",118250,35.475,B,2,S4,1
1,91,11,36,34,25,"1,2,3",30600,9.18,B,2,S5,1
1,66,8,95,66,31,3,194370,58.311,C,3,S6,1
1,100,12,97,67,62,"1,2,3",402938,120.881,C,3,S6,1
1,109,13,33,25,23,"1,2,3",18975,5.692,C,3,S6,1
1,77,9,85,84,30,3,214200,64.26,A,1,S1,1
1,9,1,108,76,30,3,246240,73.872,A,1,S1,1
1,25,3,92,81,55,"1,2,3",409860,122.958,C,3,S6,1
1,47,6,111,70,48,"2,3",372960,111.888,C,3,S6,1
1,38,4,81,33,28,"2,3",74844,22.453,C,3,S6,1
1,71,8,95,66,31,3,194370,58.311,C,3,S6,1
1,11,1,108,76,30,3,246240,73.872,B,2,S4,1
1,83,9,85,84,30,3,214200,64.26,B,2,S5,1
1,16,2,110,43,25,"2,3",118250,35.475,B,2,S5,1
1,69,8,95,66,31,3,194370,58.311,A,1,S3,1
1,59,7,98,72,46,"2,3",324576,97.373,B,2,S5,0
1,6,1,108,76,30,3,246240,73.872,C,3,S6,1
1,34,4,81,33,28,"2,3",74844,22.453,C,3,S6,1
1,107,13,33,25,23,"1,2,3",18975,5.692,C,3,S6,1
1,45,6,111,70,48,"2,3",372960,111.888,C,3,S6,1
1,46,6,111,70,48,"2,3",372960,111.888,C,3,S6,1
1,13,2,110,43,25,"2,3",118250,35.475,C,3,S6,1
1,49,6,111,70,48,"2,3",372960,111.888,B,2,S4,0
1,111,14,95,27,26,"2,3",66690,20.007,B,2,S4,1
1,121,15,94,81,44,"2,3",335016,100.505,A,1,S3,1
1,103,12,97,67,62,"1,2,3",402938,120.881,A,1,S2,1
1,110,13,33,25,23,"1,2,3",18975,5.692,A,1,S2,1
1,20,2,110,43,25,"2,3",118250,35.475,A,1,S3,1
1,119,14,95,27,26,"2,3",66690,20.007,A,1,S2,1
1,44,5,120,99,73,"1,2,3",867240,260.172,A,1,S2,1
1,114,14,95,27,26,"2,3",66690,20.007,C,3,S6,1
1,101,12,97,67,62,"1,2,3",402938,120.881,A,1,S2,1
1,21,2,110,43,25,"2,3",118250,35.475,A,1,S3,1
1,1,1,108,76,30,3,246240,73.872,B,2,S4,0
1,126,15,94,81,44,"2,3",335016,100.505,B,2,S5,1
1,118,14,95,27,26,"2,3",66690,20.007,B,2,S4,1
1,58,7,98,72,46,"2,3",324576,97.373,A,1,S3,1
1,124,15,94,81,44,"2,3",335016,100.505,B,2,S5,0
1,54,6,111,70,48,"2,3",372960,111.888,A,1,S1,0
1,117,14,95,27,26,"2,3",66690,20.007,A,1,S3,1
1,90,11,36,34,25,"1,2,3",30600,9.18,B,2,S4,1
1,84,10,71,32,25,"2,3",56800,17.04,B,2,S5,1
1,92,11,36,34,25,"1,2,3",30600,9.18,B,2,S5,1
1,26,3,92,81,55,"1,2,3",409860,122.958,A,1,S1,1
1,72,8,95,66,31,3,194370,58.311,A,1,S3,1
1,112,14,95,27,26,"2,3",66690,20.007,A,1,S2,1
1,78,9,85,84,30,3,214200,64.26,A,1,S3,1
1,65,7,98,72,46,"2,3",324576,97.373,B,2,S5,0
1,30,3,92,81,55,"1,2,3",409860,122.958,B,2,S4,1
1,28,3,92,81,55,"1,2,3",409860,122.958,B,2,S5,1
1,116,14,95,27,26,"2,3",66690,20.007,B,2,S5,1
1,4,1,108,76,30,3,246240,73.872,A,1,S3,1
1,5,1,108,76,30,3,246240,73.872,A,1,S2,1
1,55,6,111,70,48,"2,3",372960,111.888,A,1,S2,1
1,76,9,85,84,30,3,214200,64.26,A,1,S2,0
1,12,1,108,76,30,3,246240,73.872,A,1,S3,1
1,70,8,95,66,31,3,194370,58.311,A,1,S2,1
1,115,14,95,27,26,"2,3",66690,20.007,B,2,S4,1
1,122,15,94,81,44,"2,3",335016,100.505,B,2,S4,1
1,87,11,36,34,25,"1,2,3",30600,9.18,B,2,S5,1
1,14,2,110,43,25,"2,3",118250,35.475,B,2,S5,1
1,127,15,94,81,44,"2,3",335016,100.505,B,2,S4,1
1,18,2,110,43,25,"2,3",118250,35.475,B,2,S5,1
1,129,15,94,81,44,"2,3",335016,100.505,A,1,S2,1
1,32,4,81,33,28,"2,3",74844,22.453,B,2,S4,1
1,36,4,81,33,28,"2,3",74844,22.453,A,1,S2,1
1,95,11,36,34,25,"1,2,3",30600,9.18,A,1,S2,1
1,7,1,108,76,30,3,246240,73.872,A,1,S1,1
1,29,3,92,81,55,"1,2,3",409860,122.958,A,1,S2,1
2,72,8,86,76,38,3,248368,74.51,B,2,S5,1
2,71,8,86,76,38,3,248368,74.51,B,2,S5,1
2,134,13,61,48,39,"1,2,3",114192,34.258,B,2,S5,1
2,129,13,61,48,39,"1,2,3",114192,34.258,A,1,S3,1
2,132,13,61,48,39,"1,2,3",114192,34.258,A,1,S1,1
2,2,1,49,25,21,"2,3",25725,7.718,A,1,S3,1
2,38,5,111,49,26,"2,3",141414,42.424,B,2,S4,1
2,88,9,71,48,47,"1,2,3",160176,48.053,B,2,S4,1
2,64,7,48,36,31,"1,2,3",53568,16.07,A,1,S3,1
2,91,9,71,48,47,"1,2,3",160176,48.053,A,1,S3,1
2,68,8,86,76,38,3,248368,74.51,A,1,S2,1
2,147,15,74,42,40,"1,2,3",124320,37.296,A,1,S1,1
2,23,3,103,76,64,"1,2,3",500992,150.298,A,1,S3,1
2,92,9,71,48,47,"1,2,3",160176,48.053,A,1,S1,1
2,76,8,86,76,38,3,248368,74.51,C,3,S6,1
2,116,12,73,37,23,"2,3",62123,18.637,C,3,S6,1
2,52,6,85,84,72,"1,2,3",514080,154.224,C,3,S6,1
2,57,7,48,36,31,"1,2,3",53568,16.07,B,2,S5,0
2,58,7,48,36,31,"1,2,3",53568,16.07,B,2,S4,1
2,55,6,85,84,72,"1,2,3",514080,154.224,B,2,S5,1
2,121,13,61,48,39,"1,2,3",114192,34.258,B,2,S4,1
2,130,13,61,48,39,"1,2,3",114192,34.258,B,2,S4,1
2,56,6,85,84,72,"1,2,3",514080,154.224,B,2,S5,1
2,94,10,90,43,33,"2,3",127710,38.313,B,2,S4,1
2,19,2,60,51,41,"1,2,3",125460,37.638,B,2,S5,0
2,37,5,111,49,26,"2,3",141414,42.424,A,1,S2,1
2,25,3,103,76,64,"1,2,3",500992,150.298,B,2,S5,1
2,146,15,74,42,40,"1,2,3",124320,37.296,A,1,S2,1
2,95,10,90,43,33,"2,3",127710,38.313,B,2,S4,1
2,106,11,98,52,44,"2,3",224224,67.267,B,2,S4,1
2,143,14,75,75,63,"1,2,3",354375,106.312,B,2,S5,1
2,65,7,48,36,31,"1,2,3",53568,16.07,B,2,S4,1
2,66,7,48,36,31,"1,2,3",53568,16.07,B,2,S4,1
2,79,9,71,48,47,"1,2,3",160176,48.053,B,2,S4,0
2,102,11,98,52,44,"2,3",224224,67.267,B,2,S4,1
2,123,13,61,48,39,"1,2,3",114192,34.258,B,2,S5,0
2,131,13,61,48,39,"1,2,3",114192,34.258,A,1,S3,0
2,93,10,90,43,33,"2,3",127710,38.313,A,1,S3,1
2,63,7,48,36,31,"1,2,3",53568,16.07,A,1,S1,1
2,74,8,86,76,38,3,248368,74.51,A,1,S2,1
2,18,2,60,51,41,"1,2,3",125460,37.638,B,2,S4,1
2,34,4,95,70,62,"1,2,3",412300,123.69,A,1,S1,1
2,12,1,49,25,21,"2,3",25725,7.718,B,2,S5,1
2,50,6,85,84,72,"1,2,3",514080,154.224,C,3,S6,1
2,109,11,98,52,44,"2,3",224224,67.267,A,1,S2,1
2,46,5,111,49,26,"2,3",141414,42.424,B,2,S5,1
2,30,3,103,76,64,"1,2,3",500992,150.298,C,3,S6,1
2,41,5,111,49,26,"2,3",141414,42.424,C,3,S6,1
2,90,9,71,48,47,"1,2,3",160176,48.053,C,3,S6,1
2,62,7,48,36,31,"1,2,3",53568,16.07,A,1,S3,1
2,108,11,98,52,44,"2,3",224224,67.267,A,1,S3,1
2,69,8,86,76,38,3,248368,74.51,A,1,S1,1
2,53,6,85,84,72,"1,2,3",514080,154.224,A,1,S1,1
2,27,3,103,76,64,"1,2,3",500992,150.298,B,2,S5,1
2,1,1,49,25,21,"2,3",25725,7.718,B,2,S5,1
2,83,9,71,48,47,"1,2,3",160176,48.053,B,2,S5,1
2,124,13,61,48,39,"1,2,3",114192,34.258,B,2,S5,1
2,85,9,71,48,47,"1,2,3",160176,48.053,B,2,S5,1
2,5,1,49,25,21,"2,3",25725,7.718,C,3,S6,1
2,24,3,103,76,64,"1,2,3",500992,150.298,B,2,S5,1
2,142,14,75,75,63,"1,2,3",354375,106.312,B,2,S4,1
2,144,14,75,75,63,"1,2,3",354375,106.312,B,2,S5,1
2,133,13,61,48,39,"1,2,3",114192,34.258,C,3,S6,1
2,114,12,73,37,23,"2,3",62123,18.637,C,3,S6,1
2,139,14,75,75,63,"1,2,3",354375,106.312,C,3,S6,1
2,16,2,60,51,41,"1,2,3",125460,37.638,C,3,S6,1
2,39,5,111,49,26,"2,3",141414,42.424,B,2,S5,1
2,77,8,86,76,38,3,248368,74.51,B,2,S5,1
2,122,13,61,48,39,"1,2,3",114192,34.258,B,2,S5,1
2,10,1,49,25,21,"2,3",25725,7.718,B,2,S4,1
2,103,11,98,52,44,"2,3",224224,67.267,B,2,S5,1
2,51,6,85,84,72,"1,2,3",514080,154.224,A,1,S2,1
2,141,14,75,75,63,"1,2,3",354375,106.312,A,1,S1,1
2,81,9,71,48,47,"1,2,3",160176,48.053,A,1,S3,1
2,99,10,90,43,33,"2,3",127710,38.313,A,1,S3,0
2,75,8,86,76,38,3,248368,74.51,A,1,S3,1
2,14,2,60,51,41,"1,2,3",125460,37.638,C,3,S6,0
2,40,5,111,49,26,"2,3",141414,42.424,C,3,S6,0
2,21,2,60,51,41,"1,2,3",125460,37.638,B,2,S5,1
2,89,9,71,48,47,"1,2,3",160176,48.053,B,2,S4,1
2,82,9,71,48,47,"1,2,3",160176,48.053,B,2,S5,1
2,78,8,86,76,38,3,248368,74.51,B,2,S4,1
2,135,14,75,75,63,"1,2,3",354375,106.312,C,3,S6,1
2,48,6,85,84,72,"1,2,3",514080,154.224,C,3,S6,1
2,115,12,73,37,23,"2,3",62123,18.637,B,2,S4,0
2,60,7,48,36,31,"1,2,3",53568,16.07,A,1,S3,1
2,126,13,61,48,39,"1,2,3",114192,34.258,A,1,S1,1
2,73,8,86,76,38,3,248368,74.51,A,1,S3,1
2,15,2,60,51,41,"1,2,3",125460,37.638,C,3,S6,1
2,86,9,71,48,47,"1,2,3",160176,48.053,C,3,S6,1
2,148,15,74,42,40,"1,2,3",124320,37.296,A,1,S2,1
2,17,2,60,51,41,"1,2,3",125460,37.638,C,3,S6,1
2,31,4,95,70,62,"1,2,3",412300,123.69,B,2,S5,1
2,20,2,60,51,41,"1,2,3",125460,37.638,B,2,S4,1
2,80,9,71,48,47,"1,2,3",160176,48.053,B,2,S4,1
2,111,12,73,37,23,"2,3",62123,18.637,B,2,S5,1
2,26,3,103,76,64,"1,2,3",500992,150.298,C,3,S6,1
2,32,4,95,70,62,"1,2,3",412300,123.69,B,2,S5,1
2,4,1,49,25,21,"2,3",25725,7.718,A,1,S1,1
2,118,12,73,37,23,"2,3",62123,18.637,A,1,S1,0
2,6,1,49,25,21,"2,3",25725,7.718,B,2,S4,0
2,105,11,98,52,44,"2,3",224224,67.267,A,1,S3,1
2,145,14,75,75,63,"1,2,3",354375,106.312,C,3,S6,1
2,9,1,49,25,21,"2,3",25725,7.718,B,2,S5,1
2,84,9,71,48,47,"1,2,3",160176,48.053,B,2,S4,1
2,29,3,103,76,64,"1,2,3",500992,150.298,B,2,S5,1
2,45,5,111,49,26,"2,3",141414,42.424,A,1,S2,0
2,136,14,75,75,63,"1,2,3",354375,106.312,A,1,S2,1
2,149,15,74,42,40,"1,2,3",124320,37.296,A,1,S3,1
2,96,10,90,43,33,"2,3",127710,38.313,A,1,S2,1
2,3,1,49,25,21,"2,3",25725,7.718,C,3,S6,1
2,61,7,48,36,31,"1,2,3",53568,16.07,A,1,S2,1
2,11,1,49,25,21,"2,3",25725,7.718,A,1,S1,1
2,117,12,73,37,23,"2,3",62123,18.637,A,1,S1,1
2,140,14,75,75,63,"1,2,3",354375,106.312,A,1,S1,0
2,54,6,85,84,72,"1,2,3",514080,154.224,C,3,S6,1
2,107,11,98,52,44,"2,3",224224,67.267,C,3,S6,1
2,97,10,90,43,33,"2,3",127710,38.313,A,1,S1,1
2,36,4,95,70,62,"1,2,3",412300,123.69,A,1,S2,1
2,49,6,85,84,72,"1,2,3",514080,154.224,C,3,S6,1
2,113,12,73,37,23,"2,3",62123,18.637,C,3,S6,1
2,128,13,61,48,39,"1,2,3",114192,34.258,A,1,S3,0
2,44,5,111,49,26,"2,3",141414,42.424,A,1,S1,1
2,127,13,61,48,39,"1,2,3",114192,34.258,A,1,S2,1
2,59,7,48,36,31,"1,2,3",53568,16.07,A,1,S2,1
2,28,3,103,76,64,"1,2,3",500992,150.298,C,3,S6,1
2,42,5,111,49,26,"2,3",141414,42.424,A,1,S3,1
2,98,10,90,43,33,"2,3",127710,38.313,A,1,S2,1
2,67,8,86,76,38,3,248368,74.51,A,1,S3,1
2,13,1,49,25,21,"2,3",25725,7.718,A,1,S2,1
2,47,6,85,84,72,"1,2,3",514080,154.224,A,1,S1,0
2,119,12,73,37,23,"2,3",62123,18.637,A,1,S3,1
2,35,4,95,70,62,"1,2,3",412300,123.69,A,1,S1,1
2,110,11,98,52,44,"2,3",224224,67.267,A,1,S2,1
2,22,2,60,51,41,"1,2,3",125460,37.638,C,3,S6,1
2,138,14,75,75,63,"1,2,3",354375,106.312,A,1,S3,1
2,101,10,90,43,33,"2,3",127710,38.313,C,3,S6,1
2,7,1,49,25,21,"2,3",25725,7.718,A,1,S3,1
2,137,14,75,75,63,"1,2,3",354375,106.312,A,1,S1,1
2,33,4,95,70,62,"1,2,3",412300,123.69,A,1,S3,1
2,120,12,73,37,23,"2,3",62123,18.637,C,3,S6,1
2,43,5,111,49,26,"2,3",141414,42.424,A,1,S3,1
2,104,11,98,52,44,"2,3",224224,67.267,C,3,S6,1
2,87,9,71,48,47,"1,2,3",160176,48.053,C,3,S6,1
2,100,10,90,43,33,"2,3",127710,38.313,C,3,S6,1
2,8,1,49,25,21,"2,3",25725,7.718,C,3,S6,1
2,125,13,61,48,39,"1,2,3",114192,34.258,C,3,S6,1
2,112,12,73,37,23,"2,3",62123,18.637,C,3,S6,1
2,70,8,86,76,38,3,248368,74.51,C,3,S6,1
3,31,4,66,50,42,"1,2,3",138600,41.58,B,2,S4,1
3,68,8,106,61,56,"1,2,3",362096,108.629,B,2,S5,1
3,106,12,85,67,39,"2,3",222105,66.632,B,2,S5,1
3,60,7,91,50,40,"2,3",182000,54.6,B,2,S4,1
3,67,8,106,61,56,"1,2,3",362096,108.629,B,2,S4,1
3,75,9,103,63,58,"1,2,3",376362,112.909,B,2,S5,1
3,125,14,61,48,30,"2,3",87840,26.352,A,1,S3,1
3,23,3,113,46,36,"2,3",187128,56.138,A,1,S3,1
3,42,6,100,56,35,"2,3",196000,58.8,B,2,S4,1
3,136,15,80,54,35,"2,3",151200,45.36,A,1,S3,1
3,58,7,91,50,40,"2,3",182000,54.6,C,3,S6,0
3,3,1,97,81,27,3,212139,63.642,C,3,S6,0
3,89,10,75,57,41,"1,2,3",175275,52.582,B,2,S5,0
3,5,1,97,81,27,3,212139,63.642,A,1,S2,1
3,51,7,91,50,40,"2,3",182000,54.6,A,1,S1,0
3,71,9,103,63,58,"1,2,3",376362,112.909,B,2,S5,1
3,54,7,91,50,40,"2,3",182000,54.6,B,2,S4,1
3,126,14,61,48,30,"2,3",87840,26.352,B,2,S5,1
3,38,5,101,30,26,"2,3",78780,23.634,B,2,S4,1
3,2,1,97,81,27,3,212139,63.642,A,1,S3,1
3,49,7,91,50,40,"2,3",182000,54.6,B,2,S4,1
3,26,3,113,46,36,"2,3",187128,56.138,B,2,S5,0
3,121,14,61,48,30,"2,3",87840,26.352,A,1,S1,1
3,113,13,97,63,56,"1,2,3",342216,102.665,B,2,S4,1
3,135,15,80,54,35,"2,3",151200,45.36,B,2,S5,1
3,88,10,75,57,41,"1,2,3",175275,52.582,B,2,S5,1
3,57,7,91,50,40,"2,3",182000,54.6,B,2,S4,1
3,102,12,85,67,39,"2,3",222105,66.632,B,2,S5,1
3,115,13,97,63,56,"1,2,3",342216,102.665,B,2,S5,1
3,124,14,61,48,30,"2,3",87840,26.352,A,1,S2,1
3,64,8,106,61,56,"1,2,3",362096,108.629,B,2,S4,1
3,119,14,61,48,30,"2,3",87840,26.352,B,2,S5,1
3,33,4,66,50,42,"1,2,3",138600,41.58,B,2,S4,0
3,61,8,106,61,56,"1,2,3",362096,108.629,B,2,S5,1
3,41,5,101,30,26,"2,3",78780,23.634,A,1,S1,1
3,59,7,91,50,40,"2,3",182000,54.6,A,1,S3,1
3,73,9,103,63,58,"1,2,3",376362,112.909,B,2,S4,1
3,32,4,66,50,42,"1,2,3",138600,41.58,C,3,S6,1
3,98,12,85,67,39,"2,3",222105,66.632,A,1,S1,1
3,137,15,80,54,35,"2,3",151200,45.36,A,1,S1,0
3,131,15,80,54,35,"2,3",151200,45.36,A,1,S2,1
3,63,8,106,61,56,"1,2,3",362096,108.629,A,1,S3,1
3,112,13,97,63,56,"1,2,3",342216,102.665,A,1,S2,1
3,87,10,75,57,41,"1,2,3",175275,52.582,C,3,S6,0
3,127,14,61,48,30,"2,3",87840,26.352,C,3,S6,1
3,10,2,102,78,39,3,310284,93.085,A,1,S3,1
3,99,12,85,67,39,"2,3",222105,66.632,C,3,S6,1
3,6,1,97,81,27,3,212139,63.642,A,1,S3,1
3,39,5,101,30,26,"2,3",78780,23.634,B,2,S4,1
3,105,12,85,67,39,"2,3",222105,66.632,B,2,S4,1
3,50,7,91,50,40,"2,3",182000,54.6,B,2,S4,1
3,21,3,113,46,36,"2,3",187128,56.138,B,2,S5,1
3,47,6,100,56,35,"2,3",196000,58.8,C,3,S6,1
3,109,12,85,67,39,"2,3",222105,66.632,A,1,S2,1
3,70,8,106,61,56,"1,2,3",362096,108.629,A,1,S1,1
3,11,2,102,78,39,3,310284,93.085,C,3,S6,1
3,129,14,61,48,30,"2,3",87840,26.352,B,2,S4,1
3,30,4,66,50,42,"1,2,3",138600,41.58,B,2,S4,1
3,27,3,113,46,36,"2,3",187128,56.138,A,1,S2,1
3,25,3,113,46,36,"2,3",187128,56.138,B,2,S5,0
3,107,12,85,67,39,"2,3",222105,66.632,B,2,S5,1
3,34,4,66,50,42,"1,2,3",138600,41.58,A,1,S3,1
3,90,11,71,68,64,"1,2,3",308992,92.698,A,1,S2,1
3,12,2,102,78,39,3,310284,93.085,A,1,S2,1
3,132,15,80,54,35,"2,3",151200,45.36,A,1,S1,1
3,69,8,106,61,56,"1,2,3",362096,108.629,C,3,S6,1
3,9,2,102,78,39,3,310284,93.085,A,1,S2,1
3,52,7,91,50,40,"2,3",182000,54.6,A,1,S2,1
3,19,3,113,46,36,"2,3",187128,56.138,C,3,S6,1
3,118,13,97,63,56,"1,2,3",342216,102.665,C,3,S6,1
3,1,1,97,81,27,3,212139,63.642,B,2,S5,1
3,92,11,71,68,64,"1,2,3",308992,92.698,B,2,S4,1
3,44,6,100,56,35,"2,3",196000,58.8,A,1,S2,1
3,103,12,85,67,39,"2,3",222105,66.632,B,2,S5,1
3,82,10,75,57,41,"1,2,3",175275,52.582,B,2,S5,1
3,128,14,61,48,30,"2,3",87840,26.352,B,2,S5,1
3,83,10,75,57,41,"1,2,3",175275,52.582,C,3,S6,1
3,35,4,66,50,42,"1,2,3",138600,41.58,C,3,S6,1
3,78,9,103,63,58,"1,2,3",376362,112.909,C,3,S6,0
3,4,1,97,81,27,3,212139,63.642,B,2,S5,1
3,84,10,75,57,41,"1,2,3",175275,52.582,B,2,S5,1
3,79,10,75,57,41,"1,2,3",175275,52.582,B,2,S5,1
3,80,10,75,57,41,"1,2,3",175275,52.582,A,1,S3,1
3,91,11,71,68,64,"1,2,3",308992,92.698,A,1,S2,1
3,108,12,85,67,39,"2,3",222105,66.632,A,1,S1,1
3,94,11,71,68,64,"1,2,3",308992,92.698,A,1,S3,1
3,100,12,85,67,39,"2,3",222105,66.632,B,2,S5,1
3,36,5,101,30,26,"2,3",78780,23.634,B,2,S4,1
3,15,3,113,46,36,"2,3",187128,56.138,B,2,S5,1
3,123,14,61,48,30,"2,3",87840,26.352,B,2,S4,1
3,116,13,97,63,56,"1,2,3",342216,102.665,A,1,S3,1
3,45,6,100,56,35,"2,3",196000,58.8,A,1,S2,1
3,101,12,85,67,39,"2,3",222105,66.632,B,2,S5,1
3,29,4,66,50,42,"1,2,3",138600,41.58,B,2,S4,1
3,62,8,106,61,56,"1,2,3",362096,108.629,B,2,S4,1
3,85,10,75,57,41,"1,2,3",175275,52.582,A,1,S2,1
3,20,3,113,46,36,"2,3",187128,56.138,C,3,S6,1
3,28,4,66,50,42,"1,2,3",138600,41.58,C,3,S6,0
3,65,8,106,61,56,"1,2,3",362096,108.629,A,1,S2,1
3,74,9,103,63,58,"1,2,3",376362,112.909,A,1,S3,1
3,14,3,113,46,36,"2,3",187128,56.138,C,3,S6,1
3,111,13,97,63,56,"1,2,3",342216,102.665,A,1,S1,1
3,133,15,80,54,35,"2,3",151200,45.36,A,1,S3,1
3,77,9,103,63,58,"1,2,3",376362,112.909,C,3,S6,1
3,37,5,101,30,26,"2,3",78780,23.634,A,1,S2,0
3,7,2,102,78,39,3,310284,93.085,A,1,S2,1
3,93,11,71,68,64,"1,2,3",308992,92.698,A,1,S1,1
3,55,7,91,50,40,"2,3",182000,54.6,C,3,S6,1
3,97,12,85,67,39,"2,3",222105,66.632,C,3,S6,1
3,114,13,97,63,56,"1,2,3",342216,102.665,A,1,S2,0
3,46,6,100,56,35,"2,3",196000,58.8,C,3,S6,1
3,53,7,91,50,40,"2,3",182000,54.6,A,1,S1,1
3,16,3,113,46,36,"2,3",187128,56.138,A,1,S3,1
3,86,10,75,57,41,"1,2,3",175275,52.582,A,1,S3,1
3,43,6,100,56,35,"2,3",196000,58.8,A,1,S2,1
3,117,13,97,63,56,"1,2,3",342216,102.665,A,1,S2,1
3,120,14,61,48,30,"2,3",87840,26.352,C,3,S6,1
3,76,9,103,63,58,"1,2,3",376362,112.909,C,3,S6,1
3,8,2,102,78,39,3,310284,93.085,A,1,S1,1
3,72,9,103,63,58,"1,2,3",376362,112.909,A,1,S3,1
3,17,3,113,46,36,"2,3",187128,56.138,A,1,S3,1
3,104,12,85,67,39,"2,3",222105,66.632,A,1,S2,1
3,48,6,100,56,35,"2,3",196000,58.8,A,1,S1,1
3,95,11,71,68,64,"1,2,3",308992,92.698,A,1,S1,1
3,134,15,80,54,35,"2,3",151200,45.36,A,1,S1,1
3,13,3,113,46,36,"2,3",187128,56.138,A,1,S1,1
3,56,7,91,50,40,"2,3",182000,54.6,A,1,S3,1
3,130,15,80,54,35,"2,3",151200,45.36,C,3,S6,1
3,22,3,113,46,36,"2,3",187128,56.138,C,3,S6,1
3,24,3,113,46,36,"2,3",187128,56.138,C,3,S6,1
3,18,3,113,46,36,"2,3",187128,56.138,C,3,S6,0
3,122,14,61,48,30,"2,3",87840,26.352,C,3,S6,1
3,40,5,101,30,26,"2,3",78780,23.634,C,3,S6,1
3,96,12,85,67,39,"2,3",222105,66.632,C,3,S6,1
3,66,8,106,61,56,"1,2,3",362096,108.629,C,3,S6,1
3,138,15,80,54,35,"2,3",151200,45.36,C,3,S6,1
3,110,13,97,63,56,"1,2,3",342216,102.665,C,3,S6,1
3,81,10,75,57,41,"1,2,3",175275,52.582,C,3,S6,1
4,71,8,75,45,35,"2,3",118125,35.438,A,1,S2,1
4,80,9,79,68,44,"1,2,3",236368,70.91,A,1,S2,0
4,1,1,113,92,33,3,343068,102.92,A,1,S1,1
4,90,10,116,49,47,"2,3",267148,80.144,C,3,S6,1
4,141,15,41,33,31,"1,2,3",41943,12.583,B,2,S5,1
4,82,9,79,68,44,"1,2,3",236368,70.91,B,2,S4,1
4,132,15,41,33,31,"1,2,3",41943,12.583,C,3,S6,1
4,43,5,92,64,33,"2,3",194304,58.291,A,1,S3,1
4,6,1,113,92,33,3,343068,102.92,A,1,S2,1
4,91,10,116,49,47,"2,3",267148,80.144,B,2,S4,1
4,83,9,79,68,44,"1,2,3",236368,70.91,C,3,S6,1
4,85,10,116,49,47,"2,3",267148,80.144,C,3,S6,1
4,110,12,98,96,56,"1,2,3",526848,158.054,A,1,S1,1
4,95,11,83,44,23,"2,3",83996,25.199,B,2,S5,1
4,62,7,54,52,49,"1,2,3",137592,41.278,B,2,S5,1
4,101,11,83,44,23,"2,3",83996,25.199,B,2,S5,1
4,97,11,83,44,23,"2,3",83996,25.199,A,1,S3,1
4,96,11,83,44,23,"2,3",83996,25.199,B,2,S5,1
4,100,11,83,44,23,"2,3",83996,25.199,C,3,S6,1
4,20,2,52,37,28,"1,2,3",53872,16.162,B,2,S4,1
4,27,4,99,37,30,"2,3",109890,32.967,B,2,S5,1
4,15,2,52,37,28,"1,2,3",53872,16.162,B,2,S5,1
4,128,14,98,88,47,"2,3",405328,121.598,B,2,S4,1
4,123,14,98,88,47,"2,3",405328,121.598,B,2,S5,1
4,11,2,52,37,28,"1,2,3",53872,16.162,B,2,S4,1
4,23,3,57,33,29,"1,2,3",54549,16.365,C,3,S6,1
4,131,14,98,88,47,"2,3",405328,121.598,C,3,S6,1
4,103,11,83,44,23,"2,3",83996,25.199,C,3,S6,1
4,30,4,99,37,30,"2,3",109890,32.967,C,3,S6,1
4,70,8,75,45,35,"2,3",118125,35.438,C,3,S6,1
4,120,13,78,72,57,"1,2,3",320112,96.034,C,3,S6,1
4,122,13,78,72,57,"1,2,3",320112,96.034,C,3,S6,1
4,84,9,79,68,44,"1,2,3",236368,70.91,B,2,S4,0
4,57,6,119,59,39,"2,3",273819,82.146,B,2,S4,1
4,10,2,52,37,28,"1,2,3",53872,16.162,B,2,S5,0
4,39,5,92,64,33,"2,3",194304,58.291,B,2,S4,1
4,118,13,78,72,57,"1,2,3",320112,96.034,B,2,S4,1
4,22,3,57,33,29,"1,2,3",54549,16.365,B,2,S4,1
4,68,8,75,45,35,"2,3",118125,35.438,A,1,S2,1
4,73,9,79,68,44,"1,2,3",236368,70.91,A,1,S2,1
4,76,9,79,68,44,"1,2,3",236368,70.91,A,1,S1,1
4,9,2,52,37,28,"1,2,3",53872,16.162,A,1,S3,1
4,8,1,113,92,33,3,343068,102.92,A,1,S1,1
4,144,15,41,33,31,"1,2,3",41943,12.583,B,2,S4,1
4,44,5,92,64,33,"2,3",194304,58.291,A,1,S1,1
4,130,14,98,88,47,"2,3",405328,121.598,A,1,S3,1
4,67,8,75,45,35,"2,3",118125,35.438,A,1,S2,1
4,55,6,119,59,39,"2,3",273819,82.146,A,1,S1,1
4,49,6,119,59,39,"2,3",273819,82.146,A,1,S3,1
4,29,4,99,37,30,"2,3",109890,32.967,A,1,S3,1
4,33,4,99,37,30,"2,3",109890,32.967,A,1,S2,1
4,133,15,41,33,31,"1,2,3",41943,12.583,A,1,S3,1
4,5,1,113,92,33,3,343068,102.92,A,1,S3,1
4,134,15,41,33,31,"1,2,3",41943,12.583,A,1,S3,1
4,109,12,98,96,56,"1,2,3",526848,158.054,B,2,S5,0
4,142,15,41,33,31,"1,2,3",41943,12.583,B,2,S4,1
4,106,12,98,96,56,"1,2,3",526848,158.054,C,3,S6,1
4,36,4,99,37,30,"2,3",109890,32.967,C,3,S6,1
4,116,13,78,72,57,"1,2,3",320112,96.034,C,3,S6,1
4,4,1,113,92,33,3,343068,102.92,B,2,S5,1
4,26,4,99,37,30,"2,3",109890,32.967,A,1,S2,1
4,86,10,116,49,47,"2,3",267148,80.144,A,1,S2,1
4,24,3,57,33,29,"1,2,3",54549,16.365,A,1,S1,1
4,121,13,78,72,57,"1,2,3",320112,96.034,B,2,S4,1
4,47,6,119,59,39,"2,3",273819,82.146,B,2,S5,1
4,34,4,99,37,30,"2,3",109890,32.967,C,3,S6,1
4,18,2,52,37,28,"1,2,3",53872,16.162,C,3,S6,0
4,56,6,119,59,39,"2,3",273819,82.146,B,2,S5,0
4,115,13,78,72,57,"1,2,3",320112,96.034,C,3,S6,1
4,2,1,113,92,33,3,343068,102.92,C,3,S6,1
4,69,8,75,45,35,"2,3",118125,35.438,C,3,S6,1
4,102,11,83,44,23,"2,3",83996,25.199,C,3,S6,1
4,61,7,54,52,49,"1,2,3",137592,41.278,C,3,S6,1
4,87,10,116,49,47,"2,3",267148,80.144,C,3,S6,1
4,129,14,98,88,47,"2,3",405328,121.598,C,3,S6,1
4,140,15,41,33,31,"1,2,3",41943,12.583,C,3,S6,1
4,105,12,98,96,56,"1,2,3",526848,158.054,C,3,S6,1
4,46,5,92,64,33,"2,3",194304,58.291,C,3,S6,1
4,75,9,79,68,44,"1,2,3",236368,70.91,B,2,S4,1
4,28,4,99,37,30,"2,3",109890,32.967,C,3,S6,1
4,135,15,41,33,31,"1,2,3",41943,12.583,C,3,S6,1
4,59,7,54,52,49,"1,2,3",137592,41.278,A,1,S2,1
4,65,7,54,52,49,"1,2,3",137592,41.278,A,1,S1,0
4,51,6,119,59,39,"2,3",273819,82.146,B,2,S5,1
4,12,2,52,37,28,"1,2,3",53872,16.162,A,1,S2,1
4,3,1,113,92,33,3,343068,102.92,A,1,S3,1
4,89,10,116,49,47,"2,3",267148,80.144,A,1,S3,1
4,40,5,92,64,33,"2,3",194304,58.291,A,1,S1,1
4,126,14,98,88,47,"2,3",405328,121.598,B,2,S5,1
4,112,12,98,96,56,"1,2,3",526848,158.054,B,2,S4,1
4,139,15,41,33,31,"1,2,3",41943,12.583,B,2,S5,1
4,64,7,54,52,49,"1,2,3",137592,41.278,A,1,S1,1
4,99,11,83,44,23,"2,3",83996,25.199,B,2,S5,1
4,25,3,57,33,29,"1,2,3",54549,16.365,A,1,S3,1
4,114,12,98,96,56,"1,2,3",526848,158.054,A,1,S1,0
4,93,10,116,49,47,"2,3",267148,80.144,A,1,S2,1
4,74,9,79,68,44,"1,2,3",236368,70.91,A,1,S2,1
4,42,5,92,64,33,"2,3",194304,58.291,B,2,S4,0
4,21,3,57,33,29,"1,2,3",54549,16.365,B,2,S4,1
4,108,12,98,96,56,"1,2,3",526848,158.054,B,2,S4,1
4,54,6,119,59,39,"2,3",273819,82.146,B,2,S5,1
4,79,9,79,68,44,"1,2,3",236368,70.91,B,2,S5,1
4,50,6,119,59,39,"2,3",273819,82.146,B,2,S4,0
4,38,5,92,64,33,"2,3",194304,58.291,C,3,S6,1
4,7,1,113,92,33,3,343068,102.92,C,3,S6,0
4,13,2,52,37,28,"1,2,3",53872,16.162,B,2,S4,1
4,138,15,41,33,31,"1,2,3",41943,12.583,A,1,S2,1
4,32,4,99,37,30,"2,3",109890,32.967,A,1,S1,0
4,58,6,119,59,39,"2,3",273819,82.146,B,2,S5,1
4,35,4,99,37,30,"2,3",109890,32.967,C,3,S6,1
4,137,15,41,33,31,"1,2,3",41943,12.583,C,3,S6,1
4,60,7,54,52,49,"1,2,3",137592,41.278,C,3,S6,1
4,31,4,99,37,30,"2,3",109890,32.967,C,3,S6,0
4,125,14,98,88,47,"2,3",405328,121.598,C,3,S6,1
4,14,2,52,37,28,"1,2,3",53872,16.162,B,2,S5,1
4,72,8,75,45,35,"2,3",118125,35.438,B,2,S4,1
4,66,7,54,52,49,"1,2,3",137592,41.278,A,1,S3,1
4,48,6,119,59,39,"2,3",273819,82.146,A,1,S3,1
4,98,11,83,44,23,"2,3",83996,25.199,A,1,S3,1
4,17,2,52,37,28,"1,2,3",53872,16.162,B,2,S4,1
4,52,6,119,59,39,"2,3",273819,82.146,B,2,S5,1
4,45,5,92,64,33,"2,3",194304,58.291,A,1,S1,1
4,127,14,98,88,47,"2,3",405328,121.598,A,1,S3,1
4,94,11,83,44,23,"2,3",83996,25.199,B,2,S5,1
4,136,15,41,33,31,"1,2,3",41943,12.583,B,2,S5,1
4,92,10,116,49,47,"2,3",267148,80.144,A,1,S2,1
4,111,12,98,96,56,"1,2,3",526848,158.054,A,1,S2,1
4,81,9,79,68,44,"1,2,3",236368,70.91,B,2,S5,1
4,37,4,99,37,30,"2,3",109890,32.967,B,2,S5,1
4,88,10,116,49,47,"2,3",267148,80.144,B,2,S5,1
4,53,6,119,59,39,"2,3",273819,82.146,B,2,S5,1
4,119,13,78,72,57,"1,2,3",320112,96.034,A,1,S3,1
4,143,15,41,33,31,"1,2,3",41943,12.583,A,1,S2,1
4,107,12,98,96,56,"1,2,3",526848,158.054,A,1,S2,1
4,113,12,98,96,56,"1,2,3",526848,158.054,A,1,S1,1
4,41,5,92,64,33,"2,3",194304,58.291,A,1,S3,1
4,16,2,52,37,28,"1,2,3",53872,16.162,A,1,S2,1
4,19,2,52,37,28,"1,2,3",53872,16.162,A,1,S2,1
4,117,13,78,72,57,"1,2,3",320112,96.034,A,1,S1,1
4,77,9,79,68,44,"1,2,3",236368,70.91,A,1,S2,1
4,104,11,83,44,23,"2,3",83996,25.199,A,1,S2,1
4,63,7,54,52,49,"1,2,3",137592,41.278,A,1,S2,0
4,124,14,98,88,47,"2,3",405328,121.598,A,1,S1,1
4,78,9,79,68,44,"1,2,3",236368,70.91,A,1,S3,1
5,48,6,91,54,22,3,108108,32.432,C,3,S6,1
5,134,14,71,56,33,"2,3",131208,39.362,A,1,S3,1
5,126,13,93,93,28,3,242172,72.652,B,2,S5,1
5,22,3,87,77,43,"2,3",288057,86.417,A,1,S2,1
5,2,1,88,54,39,"2,3",185328,55.598,A,1,S2,1
5,65,7,109,58,54,"2,3",341388,102.416,A,1,S2,1
5,121,13,93,93,28,3,242172,72.652,A,1,S3,1
5,115,12,72,37,32,"2,3",85248,25.574,B,2,S4,1
5,3,1,88,54,39,"2,3",185328,55.598,B,2,S4,1
5,29,4,100,80,72,"1,2,3",576000,172.8,C,3,S6,1
5,23,3,87,77,43,"2,3",288057,86.417,B,2,S5,1
5,130,13,93,93,28,3,242172,72.652,A,1,S1,1
5,113,12,72,37,32,"2,3",85248,25.574,C,3,S6,1
5,69,7,109,58,54,"2,3",341388,102.416,B,2,S4,1
5,54,6,91,54,22,3,108108,32.432,B,2,S5,1
5,52,6,91,54,22,3,108108,32.432,B,2,S4,0
5,39,5,83,40,36,"2,3",119520,35.856,B,2,S5,1
5,13,3,87,77,43,"2,3",288057,86.417,A,1,S2,1
5,61,7,109,58,54,"2,3",341388,102.416,B,2,S5,1
5,106,11,108,40,26,"2,3",112320,33.696,B,2,S5,0
5,33,5,83,40,36,"2,3",119520,35.856,B,2,S5,1
5,68,7,109,58,54,"2,3",341388,102.416,C,3,S6,1
5,15,3,87,77,43,"2,3",288057,86.417,C,3,S6,1
5,7,1,88,54,39,"2,3",185328,55.598,B,2,S5,1
5,131,14,71,56,33,"2,3",131208,39.362,A,1,S3,1
5,120,13,93,93,28,3,242172,72.652,B,2,S4,1
5,70,7,109,58,54,"2,3",341388,102.416,B,2,S4,1
5,135,14,71,56,33,"2,3",131208,39.362,A,1,S1,1
5,64,7,109,58,54,"2,3",341388,102.416,B,2,S5,1
5,8,2,94,54,36,"2,3",182736,54.821,B,2,S4,1
5,110,12,72,37,32,"2,3",85248,25.574,C,3,S6,0
5,76,7,109,58,54,"2,3",341388,102.416,A,1,S1,1
5,83,8,94,55,30,"2,3",155100,46.53,A,1,S2,1
5,31,4,100,80,72,"1,2,3",576000,172.8,B,2,S5,1
5,97,10,83,80,57,"1,2,3",378480,113.544,B,2,S4,1
5,59,6,91,54,22,3,108108,32.432,A,1,S2,1
5,43,5,83,40,36,"2,3",119520,35.856,B,2,S4,1
5,28,4,100,80,72,"1,2,3",576000,172.8,A,1,S3,1
5,55,6,91,54,22,3,108108,32.432,A,1,S1,1
5,5,1,88,54,39,"2,3",185328,55.598,A,1,S3,1
5,96,10,83,80,57,"1,2,3",378480,113.544,C,3,S6,1
5,98,10,83,80,57,"1,2,3",378480,113.544,C,3,S6,1
5,45,5,83,40,36,"2,3",119520,35.856,A,1,S2,1
5,90,9,34,32,31,"1,2,3",33728,10.118,A,1,S1,1
5,18,3,87,77,43,"2,3",288057,86.417,A,1,S3,1
5,9,2,94,54,36,"2,3",182736,54.821,B,2,S5,0
5,91,9,34,32,31,"1,2,3",33728,10.118,B,2,S5,0
5,74,7,109,58,54,"2,3",341388,102.416,B,2,S4,1
5,127,13,93,93,28,3,242172,72.652,B,2,S5,1
5,95,10,83,80,57,"1,2,3",378480,113.544,A,1,S3,1
5,34,5,83,40,36,"2,3",119520,35.856,B,2,S4,1
5,37,5,83,40,36,"2,3",119520,35.856,A,1,S1,1
5,16,3,87,77,43,"2,3",288057,86.417,A,1,S2,1
5,136,14,71,56,33,"2,3",131208,39.362,A,1,S3,1
5,81,8,94,55,30,"2,3",155100,46.53,A,1,S2,0
5,6,1,88,54,39,"2,3",185328,55.598,C,3,S6,1
5,133,14,71,56,33,"2,3",131208,39.362,C,3,S6,1
5,141,15,104,78,26,3,210912,63.274,A,1,S3,1
5,27,4,100,80,72,"1,2,3",576000,172.8,B,2,S4,1
5,19,3,87,77,43,"2,3",288057,86.417,B,2,S4,1
5,84,8,94,55,30,"2,3",155100,46.53,A,1,S1,1
5,25,4,100,80,72,"1,2,3",576000,172.8,A,1,S1,1
5,105,11,108,40,26,"2,3",112320,33.696,A,1,S2,1
5,119,13,93,93,28,3,242172,72.652,C,3,S6,1
5,67,7,109,58,54,"2,3",341388,102.416,C,3,S6,1
5,111,12,72,37,32,"2,3",85248,25.574,C,3,S6,1
5,122,13,93,93,28,3,242172,72.652,A,1,S3,1
5,118,13,93,93,28,3,242172,72.652,A,1,S3,0
5,124,13,93,93,28,3,242172,72.652,A,1,S2,1
5,53,6,91,54,22,3,108108,32.432,B,2,S4,1
5,66,7,109,58,54,"2,3",341388,102.416,B,2,S4,1
5,73,7,109,58,54,"2,3",341388,102.416,B,2,S5,1
5,72,7,109,58,54,"2,3",341388,102.416,B,2,S4,1
5,114,12,72,37,32,"2,3",85248,25.574,B,2,S5,1
5,108,11,108,40,26,"2,3",112320,33.696,B,2,S4,1
5,107,11,108,40,26,"2,3",112320,33.696,B,2,S5,1
5,104,11,108,40,26,"2,3",112320,33.696,A,1,S1,1
5,17,3,87,77,43,"2,3",288057,86.417,A,1,S1,1
5,86,8,94,55,30,"2,3",155100,46.53,A,1,S2,1
5,94,9,34,32,31,"1,2,3",33728,10.118,A,1,S1,1
5,87,9,34,32,31,"1,2,3",33728,10.118,A,1,S3,1
5,57,6,91,54,22,3,108108,32.432,B,2,S4,1
5,40,5,83,40,36,"2,3",119520,35.856,A,1,S1,1
5,1,1,88,54,39,"2,3",185328,55.598,A,1,S2,1
5,12,2,94,54,36,"2,3",182736,54.821,A,1,S2,1
5,132,14,71,56,33,"2,3",131208,39.362,B,2,S5,1
5,47,5,83,40,36,"2,3",119520,35.856,C,3,S6,1
5,41,5,83,40,36,"2,3",119520,35.856,B,2,S5,1
5,50,6,91,54,22,3,108108,32.432,B,2,S4,0
5,93,9,34,32,31,"1,2,3",33728,10.118,B,2,S4,1
5,117,12,72,37,32,"2,3",85248,25.574,A,1,S1,1
5,103,11,108,40,26,"2,3",112320,33.696,A,1,S3,1
5,128,13,93,93,28,3,242172,72.652,A,1,S3,1
5,116,12,72,37,32,"2,3",85248,25.574,A,1,S1,1
5,145,15,104,78,26,3,210912,63.274,C,3,S6,1
5,10,2,94,54,36,"2,3",182736,54.821,B,2,S5,1
5,92,9,34,32,31,"1,2,3",33728,10.118,B,2,S5,1
5,32,5,83,40,36,"2,3",119520,35.856,B,2,S4,1
5,38,5,83,40,36,"2,3",119520,35.856,B,2,S4,1
5,80,8,94,55,30,"2,3",155100,46.53,B,2,S5,1
5,125,13,93,93,28,3,242172,72.652,A,1,S3,0
5,11,2,94,54,36,"2,3",182736,54.821,A,1,S3,1
5,109,11,108,40,26,"2,3",112320,33.696,A,1,S2,0
5,138,14,71,56,33,"2,3",131208,39.362,B,2,S4,1
5,75,7,109,58,54,"2,3",341388,102.416,B,2,S4,1
5,88,9,34,32,31,"1,2,3",33728,10.118,B,2,S4,1
5,24,4,100,80,72,"1,2,3",576000,172.8,B,2,S4,1
5,56,6,91,54,22,3,108108,32.432,C,3,S6,1
5,49,6,91,54,22,3,108108,32.432,C,3,S6,0
5,71,7,109,58,54,"2,3",341388,102.416,A,1,S2,1
5,46,5,83,40,36,"2,3",119520,35.856,B,2,S5,1
5,30,4,100,80,72,"1,2,3",576000,172.8,A,1,S2,1
5,63,7,109,58,54,"2,3",341388,102.416,C,3,S6,1
5,58,6,91,54,22,3,108108,32.432,C,3,S6,1
5,101,11,108,40,26,"2,3",112320,33.696,B,2,S5,1
5,35,5,83,40,36,"2,3",119520,35.856,B,2,S4,1
5,82,8,94,55,30,"2,3",155100,46.53,B,2,S4,1
5,4,1,88,54,39,"2,3",185328,55.598,C,3,S6,1
5,142,15,104,78,26,3,210912,63.274,A,1,S3,1
5,140,14,71,56,33,"2,3",131208,39.362,A,1,S1,1
5,51,6,91,54,22,3,108108,32.432,A,1,S3,1
5,143,15,104,78,26,3,210912,63.274,C,3,S6,1
5,123,13,93,93,28,3,242172,72.652,C,3,S6,1
5,79,8,94,55,30,"2,3",155100,46.53,C,3,S6,1
5,137,14,71,56,33,"2,3",131208,39.362,C,3,S6,1
5,78,8,94,55,30,"2,3",155100,46.53,C,3,S6,1
5,44,5,83,40,36,"2,3",119520,35.856,C,3,S6,1
5,144,15,104,78,26,3,210912,63.274,C,3,S6,1
5,60,6,91,54,22,3,108108,32.432,C,3,S6,1
5,112,12,72,37,32,"2,3",85248,25.574,A,1,S2,1
5,26,4,100,80,72,"1,2,3",576000,172.8,A,1,S1,1
5,14,3,87,77,43,"2,3",288057,86.417,A,1,S1,1
5,89,9,34,32,31,"1,2,3",33728,10.118,C,3,S6,1
5,129,13,93,93,28,3,242172,72.652,A,1,S3,1
5,21,3,87,77,43,"2,3",288057,86.417,C,3,S6,1
5,36,5,83,40,36,"2,3",119520,35.856,C,3,S6,1
5,99,11,108,40,26,"2,3",112320,33.696,A,1,S2,1
5,85,8,94,55,30,"2,3",155100,46.53,A,1,S2,1
5,139,14,71,56,33,"2,3",131208,39.362,C,3,S6,0
5,100,11,108,40,26,"2,3",112320,33.696,C,3,S6,1
5,62,7,109,58,54,"2,3",341388,102.416,A,1,S3,1
5,42,5,83,40,36,"2,3",119520,35.856,A,1,S2,0
5,77,8,94,55,30,"2,3",155100,46.53,C,3,S6,1
5,20,3,87,77,43,"2,3",288057,86.417,C,3,S6,0
5,102,11,108,40,26,"2,3",112320,33.696,C,3,S6,1
6,37,3,70,54,37,"1,2,3",139860,41.958,A,1,S3,1
6,9,1,86,84,45,"1,2,3",325080,97.524,C,3,S6,1
6,114,12,68,44,27,"2,3",80784,24.235,C,3,S6,1
6,32,3,70,54,37,"1,2,3",139860,41.958,C,3,S6,1
6,101,10,65,51,50,"1,2,3",165750,49.725,C,3,S6,1
6,112,12,68,44,27,"2,3",80784,24.235,A,1,S2,1
6,104,11,81,56,46,"1,2,3",208656,62.597,B,2,S4,1
6,79,8,75,75,36,3,202500,60.75,B,2,S5,1
6,52,5,78,73,40,"1,2,3",227760,68.328,B,2,S4,1
6,129,14,114,80,44,"2,3",401280,120.384,A,1,S2,1
6,74,7,72,67,56,"1,2,3",270144,81.043,A,1,S2,1
6,120,13,108,52,45,"2,3",252720,75.816,A,1,S2,1
6,25,2,81,45,34,"2,3",123930,37.179,B,2,S5,1
6,28,3,70,54,37,"1,2,3",139860,41.958,B,2,S4,1
6,103,10,65,51,50,"1,2,3",165750,49.725,B,2,S5,1
6,121,13,108,52,45,"2,3",252720,75.816,B,2,S4,0
6,107,11,81,56,46,"1,2,3",208656,62.597,B,2,S4,1
6,84,8,75,75,36,3,202500,60.75,B,2,S4,1
6,5,1,86,84,45,"1,2,3",325080,97.524,A,1,S1,1
6,64,6,69,63,46,"1,2,3",199962,59.989,B,2,S5,1
6,80,8,75,75,36,3,202500,60.75,B,2,S5,1
6,78,7,72,67,56,"1,2,3",270144,81.043,B,2,S4,1
6,88,9,94,88,50,"1,2,3",413600,124.08,B,2,S4,1
6,102,10,65,51,50,"1,2,3",165750,49.725,A,1,S2,1
6,24,2,81,45,34,"2,3",123930,37.179,A,1,S3,1
6,115,13,108,52,45,"2,3",252720,75.816,A,1,S2,0
6,15,2,81,45,34,"2,3",123930,37.179,A,1,S3,1
6,91,9,94,88,50,"1,2,3",413600,124.08,A,1,S3,1
6,137,15,84,39,22,"2,3",72072,21.622,A,1,S2,1
6,47,4,71,61,52,"1,2,3",225212,67.564,B,2,S4,1
6,128,14,114,80,44,"2,3",401280,120.384,B,2,S5,1
6,117,13,108,52,45,"2,3",252720,75.816,A,1,S2,1
6,46,4,71,61,52,"1,2,3",225212,67.564,A,1,S1,1
6,4,1,86,84,45,"1,2,3",325080,97.524,A,1,S2,1
6,33,3,70,54,37,"1,2,3",139860,41.958,A,1,S3,1
6,69,6,69,63,46,"1,2,3",199962,59.989,C,3,S6,1
6,57,5,78,73,40,"1,2,3",227760,68.328,C,3,S6,1
6,16,2,81,45,34,"2,3",123930,37.179,B,2,S4,1
6,116,13,108,52,45,"2,3",252720,75.816,A,1,S2,1
6,135,15,84,39,22,"2,3",72072,21.622,C,3,S6,0
6,61,6,69,63,46,"1,2,3",199962,59.989,C,3,S6,1
6,55,5,78,73,40,"1,2,3",227760,68.328,C,3,S6,1
6,3,1,86,84,45,"1,2,3",325080,97.524,C,3,S6,1
6,132,15,84,39,22,"2,3",72072,21.622,A,1,S1,1
6,126,14,114,80,44,"2,3",401280,120.384,B,2,S4,1
6,97,10,65,51,50,"1,2,3",165750,49.725,B,2,S5,1
6,44,4,71,61,52,"1,2,3",225212,67.564,A,1,S1,0
6,93,9,94,88,50,"1,2,3",413600,124.08,C,3,S6,0
6,100,10,65,51,50,"1,2,3",165750,49.725,C,3,S6,1
6,122,13,108,52,45,"2,3",252720,75.816,A,1,S3,1
6,81,8,75,75,36,3,202500,60.75,A,1,S1,1
6,62,6,69,63,46,"1,2,3",199962,59.989,A,1,S3,1
6,66,6,69,63,46,"1,2,3",199962,59.989,A,1,S2,1
6,106,11,81,56,46,"1,2,3",208656,62.597,A,1,S2,1
6,96,10,65,51,50,"1,2,3",165750,49.725,C,3,S6,1
6,50,5,78,73,40,"1,2,3",227760,68.328,C,3,S6,1
6,23,2,81,45,34,"2,3",123930,37.179,C,3,S6,1
6,72,7,72,67,56,"1,2,3",270144,81.043,C,3,S6,1
6,83,8,75,75,36,3,202500,60.75,C,3,S6,0
6,110,12,68,44,27,"2,3",80784,24.235,C,3,S6,1
6,21,2,81,45,34,"2,3",123930,37.179,A,1,S3,1
6,71,7,72,67,56,"1,2,3",270144,81.043,A,1,S2,1
6,29,3,70,54,37,"1,2,3",139860,41.958,A,1,S1,1
6,22,2,81,45,34,"2,3",123930,37.179,A,1,S3,1
6,118,13,108,52,45,"2,3",252720,75.816,B,2,S5,1
6,20,2,81,45,34,"2,3",123930,37.179,A,1,S1,1
6,111,12,68,44,27,"2,3",80784,24.235,A,1,S2,0
6,123,13,108,52,45,"2,3",252720,75.816,B,2,S4,0
6,26,2,81,45,34,"2,3",123930,37.179,B,2,S4,1
6,86,9,94,88,50,"1,2,3",413600,124.08,A,1,S3,1
6,99,10,65,51,50,"1,2,3",165750,49.725,B,2,S4,1
6,35,3,70,54,37,"1,2,3",139860,41.958,B,2,S4,1
6,58,6,69,63,46,"1,2,3",199962,59.989,B,2,S4,1
6,77,7,72,67,56,"1,2,3",270144,81.043,C,3,S6,1
6,42,4,71,61,52,"1,2,3",225212,67.564,C,3,S6,1
6,87,9,94,88,50,"1,2,3",413600,124.08,A,1,S2,1
6,41,4,71,61,52,"1,2,3",225212,67.564,A,1,S2,1
6,34,3,70,54,37,"1,2,3",139860,41.958,A,1,S2,1
6,38,3,70,54,37,"1,2,3",139860,41.958,B,2,S5,1
6,124,13,108,52,45,"2,3",252720,75.816,C,3,S6,1
6,17,2,81,45,34,"2,3",123930,37.179,A,1,S1,1
6,56,5,78,73,40,"1,2,3",227760,68.328,A,1,S1,1
6,130,14,114,80,44,"2,3",401280,120.384,B,2,S5,1
6,73,7,72,67,56,"1,2,3",270144,81.043,A,1,S2,1
6,76,7,72,67,56,"1,2,3",270144,81.043,A,1,S1,1
6,10,1,86,84,45,"1,2,3",325080,97.524,A,1,S3,1
6,134,15,84,39,22,"2,3",72072,21.622,A,1,S3,1
6,125,14,114,80,44,"2,3",401280,120.384,A,1,S3,1
6,18,2,81,45,34,"2,3",123930,37.179,C,3,S6,1
6,65,6,69,63,46,"1,2,3",199962,59.989,B,2,S4,0
6,13,2,81,45,34,"2,3",123930,37.179,A,1,S2,1
6,75,7,72,67,56,"1,2,3",270144,81.043,A,1,S2,0
6,11,1,86,84,45,"1,2,3",325080,97.524,A,1,S3,1
6,59,6,69,63,46,"1,2,3",199962,59.989,A,1,S1,1
6,48,5,78,73,40,"1,2,3",227760,68.328,B,2,S4,1
6,90,9,94,88,50,"1,2,3",413600,124.08,B,2,S5,1
6,53,5,78,73,40,"1,2,3",227760,68.328,B,2,S5,1
6,67,6,69,63,46,"1,2,3",199962,59.989,B,2,S5,1
6,30,3,70,54,37,"1,2,3",139860,41.958,C,3,S6,1
6,6,1,86,84,45,"1,2,3",325080,97.524,C,3,S6,1
6,12,2,81,45,34,"2,3",123930,37.179,C,3,S6,1
6,36,3,70,54,37,"1,2,3",139860,41.958,C,3,S6,1
6,92,9,94,88,50,"1,2,3",413600,124.08,C,3,S6,1
6,19,2,81,45,34,"2,3",123930,37.179,C,3,S6,1
6,8,1,86,84,45,"1,2,3",325080,97.524,C,3,S6,1
6,133,15,84,39,22,"2,3",72072,21.622,C,3,S6,0
6,54,5,78,73,40,"1,2,3",227760,68.328,C,3,S6,1
6,31,3,70,54,37,"1,2,3",139860,41.958,C,3,S6,0
6,68,6,69,63,46,"1,2,3",199962,59.989,C,3,S6,1
6,27,3,70,54,37,"1,2,3",139860,41.958,C,3,S6,0
6,14,2,81,45,34,"2,3",123930,37.179,B,2,S5,1
6,40,4,71,61,52,"1,2,3",225212,67.564,B,2,S5,1
6,94,10,65,51,50,"1,2,3",165750,49.725,B,2,S4,1
6,136,15,84,39,22,"2,3",72072,21.622,B,2,S4,1
6,109,12,68,44,27,"2,3",80784,24.235,B,2,S5,1
6,49,5,78,73,40,"1,2,3",227760,68.328,B,2,S4,1
6,85,8,75,75,36,3,202500,60.75,A,1,S2,1
6,98,10,65,51,50,"1,2,3",165750,49.725,B,2,S5,1
6,1,1,86,84,45,"1,2,3",325080,97.524,A,1,S3,1
6,43,4,71,61,52,"1,2,3",225212,67.564,A,1,S2,1
6,131,14,114,80,44,"2,3",401280,120.384,A,1,S1,1
6,113,12,68,44,27,"2,3",80784,24.235,B,2,S4,1
6,89,9,94,88,50,"1,2,3",413600,124.08,B,2,S4,1
6,108,11,81,56,46,"1,2,3",208656,62.597,B,2,S5,1
6,82,8,75,75,36,3,202500,60.75,B,2,S5,1
6,45,4,71,61,52,"1,2,3",225212,67.564,B,2,S4,1
6,70,7,72,67,56,"1,2,3",270144,81.043,A,1,S3,1
6,60,6,69,63,46,"1,2,3",199962,59.989,A,1,S3,1
6,7,1,86,84,45,"1,2,3",325080,97.524,A,1,S1,1
6,105,11,81,56,46,"1,2,3",208656,62.597,A,1,S1,1
6,2,1,86,84,45,"1,2,3",325080,97.524,B,2,S4,0
6,39,4,71,61,52,"1,2,3",225212,67.564,A,1,S1,1
6,138,15,84,39,22,"2,3",72072,21.622,A,1,S1,1
6,51,5,78,73,40,"1,2,3",227760,68.328,B,2,S4,1
6,127,14,114,80,44,"2,3",401280,120.384,A,1,S1,1
6,95,10,65,51,50,"1,2,3",165750,49.725,B,2,S5,1
6,119,13,108,52,45,"2,3",252720,75.816,B,2,S4,1
6,63,6,69,63,46,"1,2,3",199962,59.989,B,2,S5,1
7,109,14,94,82,66,"1,2,3",508728,152.618,B,2,S4,1
7,74,10,109,73,23,3,183011,54.903,A,1,S3,1
7,50,7,76,57,36,"2,3",155952,46.786,C,3,S6,1
7,30,4,42,42,32,"1,2,3",56448,16.934,B,2,S4,1
7,99,13,88,61,31,"2,3",166408,49.922,B,2,S4,1
7,116,15,78,77,64,"1,2,3",384384,115.315,B,2,S5,1
7,6,1,118,79,51,"2,3",475422,142.627,A,1,S3,1
7,108,14,94,82,66,"1,2,3",508728,152.618,A,1,S3,1
7,83,11,72,65,54,"1,2,3",252720,75.816,A,1,S3,1
7,104,13,88,61,31,"2,3",166408,49.922,A,1,S2,1
7,4,1,118,79,51,"2,3",475422,142.627,A,1,S3,1
7,45,6,84,70,35,3,205800,61.74,A,1,S2,1
7,95,12,98,55,44,"2,3",237160,71.148,A,1,S2,1
7,85,11,72,65,54,"1,2,3",252720,75.816,B,2,S4,1
7,64,8,95,60,55,"1,2,3",313500,94.05,B,2,S5,1
7,37,5,64,55,43,"1,2,3",151360,45.408,B,2,S5,1
7,66,8,95,60,55,"1,2,3",313500,94.05,A,1,S2,1
7,42,6,84,70,35,3,205800,61.74,B,2,S5,1
7,69,9,80,66,52,"1,2,3",274560,82.368,C,3,S6,1
7,32,4,42,42,32,"1,2,3",56448,16.934,C,3,S6,1
7,14,2,86,32,31,"2,3",85312,25.594,C,3,S6,1
7,55,7,76,57,36,"2,3",155952,46.786,A,1,S2,1
7,71,9,80,66,52,"1,2,3",274560,82.368,C,3,S6,1
7,117,15,78,77,64,"1,2,3",384384,115.315,B,2,S5,1
7,97,13,88,61,31,"2,3",166408,49.922,B,2,S4,1
7,52,7,76,57,36,"2,3",155952,46.786,B,2,S4,1
7,77,10,109,73,23,3,183011,54.903,B,2,S4,0
7,119,15,78,77,64,"1,2,3",384384,115.315,B,2,S5,1
7,100,13,88,61,31,"2,3",166408,49.922,B,2,S5,1
7,120,15,78,77,64,"1,2,3",384384,115.315,C,3,S6,1
7,70,9,80,66,52,"1,2,3",274560,82.368,C,3,S6,1
7,5,1,118,79,51,"2,3",475422,142.627,C,3,S6,1
7,79,10,109,73,23,3,183011,54.903,B,2,S4,1
7,92,12,98,55,44,"2,3",237160,71.148,A,1,S2,1
7,33,5,64,55,43,"1,2,3",151360,45.408,A,1,S3,1
7,72,10,109,73,23,3,183011,54.903,C,3,S6,1
7,90,12,98,55,44,"2,3",237160,71.148,A,1,S3,0
7,9,1,118,79,51,"2,3",475422,142.627,B,2,S5,1
7,89,12,98,55,44,"2,3",237160,71.148,B,2,S5,1
7,76,10,109,73,23,3,183011,54.903,C,3,S6,1
7,15,2,86,32,31,"2,3",85312,25.594,C,3,S6,0
7,118,15,78,77,64,"1,2,3",384384,115.315,C,3,S6,1
7,67,9,80,66,52,"1,2,3",274560,82.368,A,1,S1,1
7,51,7,76,57,36,"2,3",155952,46.786,C,3,S6,1
7,86,11,72,65,54,"1,2,3",252720,75.816,C,3,S6,1
7,2,1,118,79,51,"2,3",475422,142.627,A,1,S1,1
7,115,15,78,77,64,"1,2,3",384384,115.315,A,1,S3,1
7,111,14,94,82,66,"1,2,3",508728,152.618,A,1,S1,0
7,94,12,98,55,44,"2,3",237160,71.148,B,2,S4,1
7,93,12,98,55,44,"2,3",237160,71.148,B,2,S5,1
7,57,7,76,57,36,"2,3",155952,46.786,B,2,S4,1
7,114,15,78,77,64,"1,2,3",384384,115.315,A,1,S2,1
7,47,6,84,70,35,3,205800,61.74,A,1,S3,1
7,13,2,86,32,31,"2,3",85312,25.594,C,3,S6,1
7,35,5,64,55,43,"1,2,3",151360,45.408,A,1,S1,1
7,3,1,118,79,51,"2,3",475422,142.627,B,2,S4,0
7,123,15,78,77,64,"1,2,3",384384,115.315,B,2,S5,1
7,98,13,88,61,31,"2,3",166408,49.922,C,3,S6,0
7,31,4,42,42,32,"1,2,3",56448,16.934,C,3,S6,1
7,62,8,95,60,55,"1,2,3",313500,94.05,B,2,S5,1
7,87,11,72,65,54,"1,2,3",252720,75.816,B,2,S5,1
7,28,4,42,42,32,"1,2,3",56448,16.934,C,3,S6,1
7,102,13,88,61,31,"2,3",166408,49.922,A,1,S3,1
7,56,7,76,57,36,"2,3",155952,46.786,A,1,S3,1
7,17,2,86,32,31,"2,3",85312,25.594,B,2,S4,0
7,122,15,78,77,64,"1,2,3",384384,115.315,B,2,S5,1
7,78,10,109,73,23,3,183011,54.903,B,2,S4,1
7,21,3,64,58,52,"1,2,3",193024,57.907,C,3,S6,1
7,22,3,64,58,52,"1,2,3",193024,57.907,B,2,S4,1
7,27,4,42,42,32,"1,2,3",56448,16.934,B,2,S5,1
7,36,5,64,55,43,"1,2,3",151360,45.408,B,2,S5,1
7,58,7,76,57,36,"2,3",155952,46.786,B,2,S5,1
7,1,1,118,79,51,"2,3",475422,142.627,B,2,S5,1
7,8,1,118,79,51,"2,3",475422,142.627,C,3,S6,1
7,81,11,72,65,54,"1,2,3",252720,75.816,A,1,S1,1
7,23,3,64,58,52,"1,2,3",193024,57.907,B,2,S5,1
7,113,15,78,77,64,"1,2,3",384384,115.315,B,2,S4,0
7,63,8,95,60,55,"1,2,3",313500,94.05,B,2,S5,1
7,11,2,86,32,31,"2,3",85312,25.594,A,1,S1,1
7,24,4,42,42,32,"1,2,3",56448,16.934,A,1,S3,1
7,41,6,84,70,35,3,205800,61.74,A,1,S3,1
7,19,3,64,58,52,"1,2,3",193024,57.907,B,2,S5,1
7,59,7,76,57,36,"2,3",155952,46.786,B,2,S4,1
7,73,10,109,73,23,3,183011,54.903,A,1,S3,1
7,91,12,98,55,44,"2,3",237160,71.148,B,2,S4,0
7,44,6,84,70,35,3,205800,61.74,B,2,S5,1
7,26,4,42,42,32,"1,2,3",56448,16.934,A,1,S2,1
7,18,2,86,32,31,"2,3",85312,25.594,B,2,S4,1
7,20,3,64,58,52,"1,2,3",193024,57.907,B,2,S4,1
7,105,14,94,82,66,"1,2,3",508728,152.618,A,1,S1,1
7,53,7,76,57,36,"2,3",155952,46.786,C,3,S6,1
7,39,5,64,55,43,"1,2,3",151360,45.408,C,3,S6,1
7,68,9,80,66,52,"1,2,3",274560,82.368,C,3,S6,1
7,49,6,84,70,35,3,205800,61.74,B,2,S4,1
7,88,11,72,65,54,"1,2,3",252720,75.816,A,1,S2,0
7,107,14,94,82,66,"1,2,3",508728,152.618,C,3,S6,1
7,65,8,95,60,55,"1,2,3",313500,94.05,A,1,S3,1
7,25,4,42,42,32,"1,2,3",56448,16.934,B,2,S5,1
7,106,14,94,82,66,"1,2,3",508728,152.618,C,3,S6,1
7,10,2,86,32,31,"2,3",85312,25.594,C,3,S6,1
7,80,11,72,65,54,"1,2,3",252720,75.816,A,1,S3,1
7,103,13,88,61,31,"2,3",166408,49.922,A,1,S2,1
7,110,14,94,82,66,"1,2,3",508728,152.618,A,1,S1,1
7,82,11,72,65,54,"1,2,3",252720,75.816,C,3,S6,1
7,7,1,118,79,51,"2,3",475422,142.627,A,1,S2,1
7,61,8,95,60,55,"1,2,3",313500,94.05,A,1,S3,1
7,16,2,86,32,31,"2,3",85312,25.594,A,1,S1,1
7,60,7,76,57,36,"2,3",155952,46.786,C,3,S6,1
7,38,5,64,55,43,"1,2,3",151360,45.408,A,1,S1,1
7,75,10,109,73,23,3,183011,54.903,A,1,S2,1
7,34,5,64,55,43,"1,2,3",151360,45.408,A,1,S3,0
7,48,6,84,70,35,3,205800,61.74,A,1,S1,1
7,43,6,84,70,35,3,205800,61.74,A,1,S3,1
7,101,13,88,61,31,"2,3",166408,49.922,A,1,S3,1
7,54,7,76,57,36,"2,3",155952,46.786,A,1,S3,1
7,40,6,84,70,35,3,205800,61.74,C,3,S6,1
7,112,15,78,77,64,"1,2,3",384384,115.315,C,3,S6,1
7,96,12,98,55,44,"2,3",237160,71.148,A,1,S3,1
7,121,15,78,77,64,"1,2,3",384384,115.315,A,1,S3,0
7,46,6,84,70,35,3,205800,61.74,A,1,S2,1
7,29,4,42,42,32,"1,2,3",56448,16.934,A,1,S1,1
7,12,2,86,32,31,"2,3",85312,25.594,A,1,S3,1
7,84,11,72,65,54,"1,2,3",252720,75.816,C,3,S6,1
8,26,4,104,99,74,"1,2,3",761904,228.571,A,1,S2,1
8,35,6,99,98,33,3,320166,96.05,A,1,S1,1
8,64,9,107,67,21,3,150549,45.165,A,1,S1,1
8,84,13,78,48,46,"1,2,3",172224,51.667,C,3,S6,1
8,25,4,104,99,74,"1,2,3",761904,228.571,A,1,S3,1
8,100,15,74,43,38,"1,2,3",120916,36.275,A,1,S3,1
8,87,13,78,48,46,"1,2,3",172224,51.667,A,1,S2,1
8,95,14,67,53,49,"1,2,3",173999,52.2,A,1,S2,1
8,47,8,115,74,44,"2,3",374440,112.332,A,1,S1,1
8,67,10,81,76,55,"1,2,3",338580,101.574,A,1,S1,1
8,91,14,67,53,49,"1,2,3",173999,52.2,B,2,S4,1
8,60,9,107,67,21,3,150549,45.165,C,3,S6,1
8,77,12,67,60,38,"1,2,3",152760,45.828,B,2,S4,1
8,76,11,118,84,27,3,267624,80.287,B,2,S5,1
8,75,11,118,84,27,3,267624,80.287,A,1,S3,1
8,14,3,79,74,35,3,204610,61.383,A,1,S1,1
8,24,4,104,99,74,"1,2,3",761904,228.571,B,2,S5,0
8,56,9,107,67,21,3,150549,45.165,B,2,S5,1
8,44,7,90,85,59,"1,2,3",451350,135.405,B,2,S5,1
8,97,14,67,53,49,"1,2,3",173999,52.2,B,2,S4,0
8,10,2,57,37,30,"1,2,3",63270,18.981,B,2,S4,1
8,66,10,81,76,55,"1,2,3",338580,101.574,C,3,S6,1
8,31,5,55,46,31,"1,2,3",78430,23.529,A,1,S3,1
8,73,11,118,84,27,3,267624,80.287,B,2,S5,1
8,62,9,107,67,21,3,150549,45.165,B,2,S5,1
8,34,5,55,46,31,"1,2,3",78430,23.529,B,2,S5,1
8,80,12,67,60,38,"1,2,3",152760,45.828,B,2,S5,1
8,33,5,55,46,31,"1,2,3",78430,23.529,A,1,S3,0
8,92,14,67,53,49,"1,2,3",173999,52.2,A,1,S2,0
8,3,1,75,58,57,"1,2,3",247950,74.385,A,1,S3,1
8,20,4,104,99,74,"1,2,3",761904,228.571,A,1,S2,1
8,68,10,81,76,55,"1,2,3",338580,101.574,A,1,S1,1
8,41,7,90,85,59,"1,2,3",451350,135.405,A,1,S2,1
8,104,15,74,43,38,"1,2,3",120916,36.275,A,1,S3,1
8,9,2,57,37,30,"1,2,3",63270,18.981,B,2,S5,1
8,23,4,104,99,74,"1,2,3",761904,228.571,B,2,S4,1
8,22,4,104,99,74,"1,2,3",761904,228.571,A,1,S2,1
8,32,5,55,46,31,"1,2,3",78430,23.529,B,2,S5,1
8,88,13,78,48,46,"1,2,3",172224,51.667,C,3,S6,1
8,58,9,107,67,21,3,150549,45.165,C,3,S6,1
8,7,2,57,37,30,"1,2,3",63270,18.981,A,1,S3,1
8,59,9,107,67,21,3,150549,45.165,A,1,S2,1
8,46,7,90,85,59,"1,2,3",451350,135.405,C,3,S6,1
8,55,8,115,74,44,"2,3",374440,112.332,A,1,S3,1
8,65,10,81,76,55,"1,2,3",338580,101.574,B,2,S4,1
8,5,1,75,58,57,"1,2,3",247950,74.385,B,2,S4,0
8,50,8,115,74,44,"2,3",374440,112.332,B,2,S4,1
8,42,7,90,85,59,"1,2,3",451350,135.405,B,2,S5,1
8,30,5,55,46,31,"1,2,3",78430,23.529,A,1,S3,1
8,36,6,99,98,33,3,320166,96.05,A,1,S1,1
8,99,15,74,43,38,"1,2,3",120916,36.275,A,1,S1,0
8,96,14,67,53,49,"1,2,3",173999,52.2,A,1,S1,1
8,102,15,74,43,38,"1,2,3",120916,36.275,A,1,S3,1
8,52,8,115,74,44,"2,3",374440,112.332,A,1,S2,1
8,43,7,90,85,59,"1,2,3",451350,135.405,A,1,S2,1
8,63,9,107,67,21,3,150549,45.165,A,1,S3,1
8,8,2,57,37,30,"1,2,3",63270,18.981,B,2,S4,1
8,13,3,79,74,35,3,204610,61.383,B,2,S4,1
8,17,4,104,99,74,"1,2,3",761904,228.571,B,2,S5,1
8,54,8,115,74,44,"2,3",374440,112.332,B,2,S4,1
8,89,14,67,53,49,"1,2,3",173999,52.2,A,1,S1,1
8,15,3,79,74,35,3,204610,61.383,A,1,S1,1
8,103,15,74,43,38,"1,2,3",120916,36.275,A,1,S2,1
8,94,14,67,53,49,"1,2,3",173999,52.2,A,1,S3,1
8,79,12,67,60,38,"1,2,3",152760,45.828,A,1,S2,1
8,53,8,115,74,44,"2,3",374440,112.332,A,1,S1,1
8,28,5,55,46,31,"1,2,3",78430,23.529,A,1,S1,0
8,45,7,90,85,59,"1,2,3",451350,135.405,B,2,S5,1
8,27,4,104,99,74,"1,2,3",761904,228.571,A,1,S1,1
8,40,7,90,85,59,"1,2,3",451350,135.405,B,2,S5,1
8,11,2,57,37,30,"1,2,3",63270,18.981,B,2,S4,0
8,81,12,67,60,38,"1,2,3",152760,45.828,B,2,S4,1
8,93,14,67,53,49,"1,2,3",173999,52.2,C,3,S6,1
8,90,14,67,53,49,"1,2,3",173999,52.2,A,1,S2,1
8,74,11,118,84,27,3,267624,80.287,B,2,S5,1
8,1,1,75,58,57,"1,2,3",247950,74.385,C,3,S6,1
8,6,1,75,58,57,"1,2,3",247950,74.385,C,3,S6,1
8,16,3,79,74,35,3,204610,61.383,A,1,S3,1
8,86,13,78,48,46,"1,2,3",172224,51.667,A,1,S2,1
8,72,10,81,76,55,"1,2,3",338580,101.574,B,2,S5,1
8,71,10,81,76,55,"1,2,3",338580,101.574,B,2,S4,1
8,2,1,75,58,57,"1,2,3",247950,74.385,B,2,S4,1
8,48,8,115,74,44,"2,3",374440,112.332,B,2,S5,1
8,83,13,78,48,46,"1,2,3",172224,51.667,B,2,S4,1
8,39,6,99,98,33,3,320166,96.05,B,2,S4,1
8,19,4,104,99,74,"1,2,3",761904,228.571,B,2,S4,1
8,82,13,78,48,46,"1,2,3",172224,51.667,B,2,S4,1
8,38,6,99,98,33,3,320166,96.05,C,3,S6,1
8,70,10,81,76,55,"1,2,3",338580,101.574,C,3,S6,0
8,101,15,74,43,38,"1,2,3",120916,36.275,C,3,S6,1
8,18,4,104,99,74,"1,2,3",761904,228.571,C,3,S6,1
8,29,5,55,46,31,"1,2,3",78430,23.529,C,3,S6,1
8,69,10,81,76,55,"1,2,3",338580,101.574,C,3,S6,1
8,21,4,104,99,74,"1,2,3",761904,228.571,C,3,S6,1
8,61,9,107,67,21,3,150549,45.165,C,3,S6,1
8,4,1,75,58,57,"1,2,3",247950,74.385,C,3,S6,0
8,85,13,78,48,46,"1,2,3",172224,51.667,C,3,S6,1
8,51,8,115,74,44,"2,3",374440,112.332,C,3,S6,1
8,49,8,115,74,44,"2,3",374440,112.332,C,3,S6,1
8,57,9,107,67,21,3,150549,45.165,C,3,S6,1
8,98,14,67,53,49,"1,2,3",173999,52.2,C,3,S6,1
8,37,6,99,98,33,3,320166,96.05,C,3,S6,1
8,12,3,79,74,35,3,204610,61.383,C,3,S6,1
8,78,12,67,60,38,"1,2,3",152760,45.828,C,3,S6,1
9,66,9,72,53,37,"1,2,3",141192,42.358,B,2,S4,1
9,109,14,107,40,39,"2,3",166920,50.076,B,2,S5,1
9,114,15,114,75,69,"1,2,3",589950,176.985,A,1,S2,1
9,46,7,94,61,54,"1,2,3",309636,92.891,A,1,S3,1
9,101,14,107,40,39,"2,3",166920,50.076,A,1,S1,1
9,3,2,84,78,28,3,183456,55.037,B,2,S5,0
9,118,15,114,75,69,"1,2,3",589950,176.985,A,1,S1,1
9,82,11,91,44,28,"2,3",112112,33.634,C,3,S6,0
9,102,14,107,40,39,"2,3",166920,50.076,B,2,S5,0
9,119,15,114,75,69,"1,2,3",589950,176.985,B,2,S5,1
9,8,2,84,78,28,3,183456,55.037,B,2,S5,1
9,25,4,80,76,54,"1,2,3",328320,98.496,A,1,S1,1
9,39,6,70,57,37,"1,2,3",147630,44.289,A,1,S3,1
9,15,3,94,85,39,3,311610,93.483,A,1,S1,1
9,85,12,78,76,68,"1,2,3",403104,120.931,B,2,S5,1
9,60,9,72,53,37,"1,2,3",141192,42.358,B,2,S5,1
9,6,2,84,78,28,3,183456,55.037,B,2,S5,1
9,81,11,91,44,28,"2,3",112112,33.634,B,2,S5,1
9,115,15,114,75,69,"1,2,3",589950,176.985,B,2,S4,1
9,73,10,89,43,27,"2,3",103329,30.999,B,2,S4,1
9,38,6,70,57,37,"1,2,3",147630,44.289,B,2,S4,1
9,43,6,70,57,37,"1,2,3",147630,44.289,A,1,S2,1
9,57,9,72,53,37,"1,2,3",141192,42.358,A,1,S2,1
9,33,5,69,50,45,"1,2,3",155250,46.575,A,1,S2,1
9,50,8,92,44,29,"2,3",117392,35.218,A,1,S3,1
9,74,10,89,43,27,"2,3",103329,30.999,B,2,S5,1
9,28,5,69,50,45,"1,2,3",155250,46.575,B,2,S5,1
9,18,4,80,76,54,"1,2,3",328320,98.496,A,1,S1,1
9,91,12,78,76,68,"1,2,3",403104,120.931,A,1,S3,1
9,107,14,107,40,39,"2,3",166920,50.076,A,1,S3,0
9,53,8,92,44,29,"2,3",117392,35.218,C,3,S6,1
9,22,4,80,76,54,"1,2,3",328320,98.496,C,3,S6,1
9,29,5,69,50,45,"1,2,3",155250,46.575,B,2,S4,1
9,40,6,70,57,37,"1,2,3",147630,44.289,B,2,S5,1
9,106,14,107,40,39,"2,3",166920,50.076,B,2,S4,1
9,116,15,114,75,69,"1,2,3",589950,176.985,B,2,S5,1
9,14,3,94,85,39,3,311610,93.483,C,3,S6,1
9,96,13,84,61,33,"2,3",169092,50.728,B,2,S5,1
9,11,3,94,85,39,3,311610,93.483,C,3,S6,1
9,124,15,114,75,69,"1,2,3",589950,176.985,A,1,S3,1
9,117,15,114,75,69,"1,2,3",589950,176.985,A,1,S3,1
9,4,2,84,78,28,3,183456,55.037,A,1,S2,1
9,37,6,70,57,37,"1,2,3",147630,44.289,A,1,S3,1
9,98,13,84,61,33,"2,3",169092,50.728,A,1,S1,1
9,72,10,89,43,27,"2,3",103329,30.999,C,3,S6,1
9,20,4,80,76,54,"1,2,3",328320,98.496,C,3,S6,1
9,86,12,78,76,68,"1,2,3",403104,120.931,C,3,S6,1
9,21,4,80,76,54,"1,2,3",328320,98.496,B,2,S5,1
9,77,10,89,43,27,"2,3",103329,30.999,C,3,S6,1
9,69,9,72,53,37,"1,2,3",141192,42.358,C,3,S6,0
9,108,14,107,40,39,"2,3",166920,50.076,C,3,S6,1
9,105,14,107,40,39,"2,3",166920,50.076,C,3,S6,1
9,9,3,94,85,39,3,311610,93.483,A,1,S1,1
9,32,5,69,50,45,"1,2,3",155250,46.575,B,2,S4,1
9,80,11,91,44,28,"2,3",112112,33.634,B,2,S4,1
9,12,3,94,85,39,3,311610,93.483,B,2,S4,1
9,1,1,90,70,63,"1,2,3",396900,119.07,A,1,S1,0
9,63,9,72,53,37,"1,2,3",141192,42.358,A,1,S2,1
9,123,15,114,75,69,"1,2,3",589950,176.985,B,2,S4,0
9,10,3,94,85,39,3,311610,93.483,B,2,S4,1
9,78,11,91,44,28,"2,3",112112,33.634,A,1,S1,1
9,120,15,114,75,69,"1,2,3",589950,176.985,B,2,S5,1
9,76,10,89,43,27,"2,3",103329,30.999,B,2,S5,1
9,19,4,80,76,54,"1,2,3",328320,98.496,B,2,S5,1
9,26,5,69,50,45,"1,2,3",155250,46.575,B,2,S4,1
9,99,13,84,61,33,"2,3",169092,50.728,B,2,S5,1
9,56,8,92,44,29,"2,3",117392,35.218,B,2,S4,1
9,104,14,107,40,39,"2,3",166920,50.076,B,2,S4,1
9,113,14,107,40,39,"2,3",166920,50.076,B,2,S4,1
9,97,13,84,61,33,"2,3",169092,50.728,B,2,S4,1
9,30,5,69,50,45,"1,2,3",155250,46.575,B,2,S5,0
9,17,3,94,85,39,3,311610,93.483,A,1,S1,1
9,83,11,91,44,28,"2,3",112112,33.634,A,1,S2,1
9,58,9,72,53,37,"1,2,3",141192,42.358,A,1,S3,0
9,36,6,70,57,37,"1,2,3",147630,44.289,A,1,S1,1
9,52,8,92,44,29,"2,3",117392,35.218,A,1,S2,1
9,84,11,91,44,28,"2,3",112112,33.634,A,1,S3,1
9,48,7,94,61,54,"1,2,3",309636,92.891,A,1,S3,1
9,54,8,92,44,29,"2,3",117392,35.218,C,3,S6,1
9,112,14,107,40,39,"2,3",166920,50.076,A,1,S2,1
9,121,15,114,75,69,"1,2,3",589950,176.985,A,1,S3,1
9,64,9,72,53,37,"1,2,3",141192,42.358,A,1,S1,1
9,92,12,78,76,68,"1,2,3",403104,120.931,A,1,S3,1
9,95,12,78,76,68,"1,2,3",403104,120.931,A,1,S2,1
9,44,7,94,61,54,"1,2,3",309636,92.891,A,1,S3,1
9,94,12,78,76,68,"1,2,3",403104,120.931,A,1,S1,1
9,61,9,72,53,37,"1,2,3",141192,42.358,A,1,S3,1
9,35,5,69,50,45,"1,2,3",155250,46.575,A,1,S1,1
9,31,5,69,50,45,"1,2,3",155250,46.575,A,1,S2,1
9,93,12,78,76,68,"1,2,3",403104,120.931,B,2,S4,1
9,71,10,89,43,27,"2,3",103329,30.999,B,2,S4,1
9,24,4,80,76,54,"1,2,3",328320,98.496,A,1,S3,1
9,34,5,69,50,45,"1,2,3",155250,46.575,A,1,S1,1
9,79,11,91,44,28,"2,3",112112,33.634,A,1,S1,1
9,47,7,94,61,54,"1,2,3",309636,92.891,A,1,S3,1
9,42,6,70,57,37,"1,2,3",147630,44.289,A,1,S1,1
9,13,3,94,85,39,3,311610,93.483,C,3,S6,1
9,75,10,89,43,27,"2,3",103329,30.999,C,3,S6,1
9,49,8,92,44,29,"2,3",117392,35.218,B,2,S4,1
9,27,5,69,50,45,"1,2,3",155250,46.575,A,1,S3,1
9,87,12,78,76,68,"1,2,3",403104,120.931,A,1,S3,1
9,122,15,114,75,69,"1,2,3",589950,176.985,A,1,S1,1
9,2,1,90,70,63,"1,2,3",396900,119.07,A,1,S3,1
9,89,12,78,76,68,"1,2,3",403104,120.931,C,3,S6,1
9,41,6,70,57,37,"1,2,3",147630,44.289,C,3,S6,0
9,110,14,107,40,39,"2,3",166920,50.076,A,1,S3,1
9,67,9,72,53,37,"1,2,3",141192,42.358,C,3,S6,1
9,90,12,78,76,68,"1,2,3",403104,120.931,B,2,S5,0
9,16,3,94,85,39,3,311610,93.483,B,2,S5,1
9,59,9,72,53,37,"1,2,3",141192,42.358,B,2,S5,0
9,23,4,80,76,54,"1,2,3",328320,98.496,C,3,S6,1
9,100,13,84,61,33,"2,3",169092,50.728,C,3,S6,1
9,88,12,78,76,68,"1,2,3",403104,120.931,B,2,S4,1
9,111,14,107,40,39,"2,3",166920,50.076,C,3,S6,1
9,51,8,92,44,29,"2,3",117392,35.218,C,3,S6,1
9,45,7,94,61,54,"1,2,3",309636,92.891,C,3,S6,1
9,65,9,72,53,37,"1,2,3",141192,42.358,C,3,S6,1
9,5,2,84,78,28,3,183456,55.037,C,3,S6,1
9,70,10,89,43,27,"2,3",103329,30.999,C,3,S6,1
9,62,9,72,53,37,"1,2,3",141192,42.358,C,3,S6,1
9,55,8,92,44,29,"2,3",117392,35.218,C,3,S6,1
9,103,14,107,40,39,"2,3",166920,50.076,C,3,S6,1
9,68,9,72,53,37,"1,2,3",141192,42.358,C,3,S6,1
9,7,2,84,78,28,3,183456,55.037,C,3,S6,1
10,115,13,76,50,43,"1,2,3",163400,49.02,A,1,S3,1
10,39,4,61,47,34,"1,2,3",97478,29.243,A,1,S3,1
10,140,15,94,65,37,"2,3",226070,67.821,A,1,S2,1
10,72,8,74,64,35,"2,3",165760,49.728,B,2,S4,1
10,122,14,90,75,25,3,168750,50.625,C,3,S6,1
10,75,9,53,40,36,"1,2,3",76320,22.896,B,2,S5,0
10,137,15,94,65,37,"2,3",226070,67.821,B,2,S5,1
10,85,10,102,96,59,"1,2,3",577728,173.318,B,2,S4,1
10,50,6,80,52,42,"1,2,3",174720,52.416,B,2,S4,1
10,46,5,53,45,36,"1,2,3",85860,25.758,B,2,S5,1
10,14,2,120,34,26,"2,3",106080,31.824,B,2,S4,1
10,9,1,68,66,31,3,139128,41.738,A,1,S1,1
10,59,7,109,63,28,3,192276,57.683,A,1,S1,0
10,55,6,80,52,42,"1,2,3",174720,52.416,C,3,S6,1
10,130,14,90,75,25,3,168750,50.625,B,2,S5,1
10,74,8,74,64,35,"2,3",165760,49.728,C,3,S6,1
10,31,4,61,47,34,"1,2,3",97478,29.243,B,2,S4,1
10,65,8,74,64,35,"2,3",165760,49.728,B,2,S5,1
10,100,11,64,60,47,"1,2,3",180480,54.144,B,2,S5,0
10,36,4,61,47,34,"1,2,3",97478,29.243,B,2,S4,0
10,76,9,53,40,36,"1,2,3",76320,22.896,B,2,S5,0
10,16,2,120,34,26,"2,3",106080,31.824,A,1,S2,1
10,119,14,90,75,25,3,168750,50.625,A,1,S3,1
10,10,1,68,66,31,3,139128,41.738,A,1,S3,1
10,17,3,95,76,60,"1,2,3",433200,129.96,C,3,S6,1
10,66,8,74,64,35,"2,3",165760,49.728,C,3,S6,1
10,127,14,90,75,25,3,168750,50.625,C,3,S6,1
10,56,7,109,63,28,3,192276,57.683,B,2,S5,1
10,131,14,90,75,25,3,168750,50.625,B,2,S5,1
10,38,4,61,47,34,"1,2,3",97478,29.243,B,2,S4,1
10,52,6,80,52,42,"1,2,3",174720,52.416,B,2,S5,1
10,86,10,102,96,59,"1,2,3",577728,173.318,B,2,S5,1
10,41,5,53,45,36,"1,2,3",85860,25.758,B,2,S5,1
10,13,2,120,34,26,"2,3",106080,31.824,B,2,S4,1
10,12,2,120,34,26,"2,3",106080,31.824,A,1,S1,1
10,81,9,53,40,36,"1,2,3",76320,22.896,A,1,S3,1
10,144,15,94,65,37,"2,3",226070,67.821,A,1,S2,1
10,101,12,99,90,32,3,285120,85.536,A,1,S2,1
10,21,3,95,76,60,"1,2,3",433200,129.96,B,2,S5,1
10,113,13,76,50,43,"1,2,3",163400,49.02,A,1,S3,1
10,78,9,53,40,36,"1,2,3",76320,22.896,A,1,S3,1
10,90,10,102,96,59,"1,2,3",577728,173.318,A,1,S3,1
10,104,12,99,90,32,3,285120,85.536,A,1,S1,1
10,54,6,80,52,42,"1,2,3",174720,52.416,C,3,S6,1
10,128,14,90,75,25,3,168750,50.625,C,3,S6,1
10,73,8,74,64,35,"2,3",165760,49.728,C,3,S6,0
10,91,10,102,96,59,"1,2,3",577728,173.318,A,1,S2,1
10,96,11,64,60,47,"1,2,3",180480,54.144,A,1,S3,1
10,24,3,95,76,60,"1,2,3",433200,129.96,A,1,S2,1
10,136,15,94,65,37,"2,3",226070,67.821,B,2,S5,1
10,53,6,80,52,42,"1,2,3",174720,52.416,B,2,S4,1
10,60,7,109,63,28,3,192276,57.683,C,3,S6,1
10,132,14,90,75,25,3,168750,50.625,C,3,S6,1
10,141,15,94,65,37,"2,3",226070,67.821,C,3,S6,1
10,5,1,68,66,31,3,139128,41.738,A,1,S3,1
10,1,1,68,66,31,3,139128,41.738,B,2,S5,1
10,143,15,94,65,37,"2,3",226070,67.821,B,2,S5,1
10,114,13,76,50,43,"1,2,3",163400,49.02,A,1,S2,1
10,120,14,90,75,25,3,168750,50.625,A,1,S2,1
10,18,3,95,76,60,"1,2,3",433200,129.96,C,3,S6,1
10,87,10,102,96,59,"1,2,3",577728,173.318,A,1,S3,1
10,116,13,76,50,43,"1,2,3",163400,49.02,C,3,S6,1
10,139,15,94,65,37,"2,3",226070,67.821,C,3,S6,1
10,107,12,99,90,32,3,285120,85.536,C,3,S6,1
10,92,10,102,96,59,"1,2,3",577728,173.318,C,3,S6,1
10,8,1,68,66,31,3,139128,41.738,C,3,S6,1
10,117,13,76,50,43,"1,2,3",163400,49.02,C,3,S6,1
10,33,4,61,47,34,"1,2,3",97478,29.243,A,1,S1,0
10,108,13,76,50,43,"1,2,3",163400,49.02,A,1,S1,1
10,68,8,74,64,35,"2,3",165760,49.728,A,1,S2,1
10,49,6,80,52,42,"1,2,3",174720,52.416,B,2,S4,1
10,121,14,90,75,25,3,168750,50.625,B,2,S5,1
10,93,10,102,96,59,"1,2,3",577728,173.318,A,1,S2,1
10,62,8,74,64,35,"2,3",165760,49.728,A,1,S3,1
10,71,8,74,64,35,"2,3",165760,49.728,C,3,S6,1
10,34,4,61,47,34,"1,2,3",97478,29.243,A,1,S3,1
10,67,8,74,64,35,"2,3",165760,49.728,A,1,S3,1
10,70,8,74,64,35,"2,3",165760,49.728,A,1,S2,1
10,82,9,53,40,36,"1,2,3",76320,22.896,C,3,S6,1
10,28,3,95,76,60,"1,2,3",433200,129.96,C,3,S6,1
10,134,15,94,65,37,"2,3",226070,67.821,C,3,S6,1
10,27,3,95,76,60,"1,2,3",433200,129.96,C,3,S6,1
10,43,5,53,45,36,"1,2,3",85860,25.758,B,2,S4,1
10,3,1,68,66,31,3,139128,41.738,B,2,S5,1
10,61,7,109,63,28,3,192276,57.683,A,1,S2,0
10,58,7,109,63,28,3,192276,57.683,B,2,S4,1
10,118,14,90,75,25,3,168750,50.625,B,2,S5,1
10,98,11,64,60,47,"1,2,3",180480,54.144,B,2,S4,1
10,89,10,102,96,59,"1,2,3",577728,173.318,B,2,S5,1
10,44,5,53,45,36,"1,2,3",85860,25.758,B,2,S5,1
10,2,1,68,66,31,3,139128,41.738,A,1,S2,0
10,37,4,61,47,34,"1,2,3",97478,29.243,A,1,S1,1
10,110,13,76,50,43,"1,2,3",163400,49.02,A,1,S3,1
10,133,15,94,65,37,"2,3",226070,67.821,C,3,S6,1
10,32,4,61,47,34,"1,2,3",97478,29.243,C,3,S6,1
10,7,1,68,66,31,3,139128,41.738,C,3,S6,1
10,95,11,64,60,47,"1,2,3",180480,54.144,A,1,S2,1
10,15,2,120,34,26,"2,3",106080,31.824,A,1,S1,1
10,11,2,120,34,26,"2,3",106080,31.824,C,3,S6,1
10,94,11,64,60,47,"1,2,3",180480,54.144,C,3,S6,1
10,97,11,64,60,47,"1,2,3",180480,54.144,C,3,S6,1
10,20,3,95,76,60,"1,2,3",433200,129.96,C,3,S6,1
10,48,6,80,52,42,"1,2,3",174720,52.416,C,3,S6,1
10,88,10,102,96,59,"1,2,3",577728,173.318,A,1,S3,1
10,26,3,95,76,60,"1,2,3",433200,129.96,B,2,S4,1
10,30,4,61,47,34,"1,2,3",97478,29.243,B,2,S4,1
10,105,12,99,90,32,3,285120,85.536,A,1,S2,1
10,6,1,68,66,31,3,139128,41.738,B,2,S5,1
10,112,13,76,50,43,"1,2,3",163400,49.02,B,2,S5,1
10,138,15,94,65,37,"2,3",226070,67.821,B,2,S5,0
10,80,9,53,40,36,"1,2,3",76320,22.896,A,1,S1,1
10,57,7,109,63,28,3,192276,57.683,C,3,S6,1
10,103,12,99,90,32,3,285120,85.536,C,3,S6,0
10,129,14,90,75,25,3,168750,50.625,C,3,S6,1
10,79,9,53,40,36,"1,2,3",76320,22.896,C,3,S6,1
10,123,14,90,75,25,3,168750,50.625,A,1,S2,1
10,22,3,95,76,60,"1,2,3",433200,129.96,A,1,S2,1
10,40,5,53,45,36,"1,2,3",85860,25.758,A,1,S3,1
10,99,11,64,60,47,"1,2,3",180480,54.144,B,2,S4,1
10,4,1,68,66,31,3,139128,41.738,B,2,S4,0
10,84,9,53,40,36,"1,2,3",76320,22.896,B,2,S5,1
10,77,9,53,40,36,"1,2,3",76320,22.896,B,2,S4,1
10,126,14,90,75,25,3,168750,50.625,A,1,S3,1
10,42,5,53,45,36,"1,2,3",85860,25.758,A,1,S3,1
10,25,3,95,76,60,"1,2,3",433200,129.96,B,2,S4,1
10,45,5,53,45,36,"1,2,3",85860,25.758,B,2,S5,1
10,47,6,80,52,42,"1,2,3",174720,52.416,B,2,S5,0
10,109,13,76,50,43,"1,2,3",163400,49.02,B,2,S4,1
10,106,12,99,90,32,3,285120,85.536,B,2,S4,1
10,29,4,61,47,34,"1,2,3",97478,29.243,A,1,S3,1
10,23,3,95,76,60,"1,2,3",433200,129.96,B,2,S5,1
10,83,9,53,40,36,"1,2,3",76320,22.896,B,2,S4,1
10,111,13,76,50,43,"1,2,3",163400,49.02,A,1,S3,1
10,69,8,74,64,35,"2,3",165760,49.728,A,1,S2,1
10,19,3,95,76,60,"1,2,3",433200,129.96,A,1,S3,1
10,63,8,74,64,35,"2,3",165760,49.728,A,1,S1,1
10,64,8,74,64,35,"2,3",165760,49.728,A,1,S2,1
10,135,15,94,65,37,"2,3",226070,67.821,A,1,S1,0
10,142,15,94,65,37,"2,3",226070,67.821,A,1,S1,1
10,102,12,99,90,32,3,285120,85.536,A,1,S2,1
10,125,14,90,75,25,3,168750,50.625,A,1,S2,1
10,51,6,80,52,42,"1,2,3",174720,52.416,A,1,S3,1
10,124,14,90,75,25,3,168750,50.625,A,1,S2,1
10,35,4,61,47,34,"1,2,3",97478,29.243,A,1,S2,1
11,80,10,69,31,28,"2,3",59892,17.968,B,2,S4,1
11,109,12,48,39,25,"1,2,3",46800,14.04,A,1,S3,1
11,86,10,69,31,28,"2,3",59892,17.968,B,2,S5,0
11,3,1,74,63,61,"1,2,3",284382,85.315,B,2,S5,0
11,77,9,91,69,26,3,163254,48.976,B,2,S4,1
11,13,2,71,60,25,3,106500,31.95,C,3,S6,1
11,21,3,106,80,59,"1,2,3",500320,150.096,A,1,S3,1
11,11,2,71,60,25,3,106500,31.95,C,3,S6,1
11,40,5,118,56,22,3,145376,43.613,A,1,S1,1
11,123,14,72,63,42,"1,2,3",190512,57.154,A,1,S1,1
11,67,8,84,59,54,"1,2,3",267624,80.287,A,1,S1,1
11,35,5,118,56,22,3,145376,43.613,A,1,S1,1
11,83,10,69,31,28,"2,3",59892,17.968,B,2,S4,1
11,68,8,84,59,54,"1,2,3",267624,80.287,B,2,S5,1
11,107,12,48,39,25,"1,2,3",46800,14.04,A,1,S2,1
11,22,3,106,80,59,"1,2,3",500320,150.096,B,2,S4,1
11,84,10,69,31,28,"2,3",59892,17.968,B,2,S5,0
11,94,11,76,67,37,"2,3",188404,56.521,B,2,S5,1
11,93,11,76,67,37,"2,3",188404,56.521,A,1,S3,1
11,34,4,109,76,42,"2,3",347928,104.378,A,1,S2,1
11,96,12,48,39,25,"1,2,3",46800,14.04,A,1,S1,1
11,91,11,76,67,37,"2,3",188404,56.521,A,1,S1,1
11,128,15,74,74,60,"1,2,3",328560,98.568,A,1,S2,1
11,131,15,74,74,60,"1,2,3",328560,98.568,A,1,S1,1
11,57,8,84,59,54,"1,2,3",267624,80.287,B,2,S5,1
11,122,14,72,63,42,"1,2,3",190512,57.154,B,2,S4,0
11,117,13,91,79,66,"1,2,3",474474,142.342,A,1,S2,1
11,14,2,71,60,25,3,106500,31.95,A,1,S1,1
11,64,8,84,59,54,"1,2,3",267624,80.287,A,1,S1,1
11,89,11,76,67,37,"2,3",188404,56.521,A,1,S3,1
11,81,10,69,31,28,"2,3",59892,17.968,A,1,S3,1
11,65,8,84,59,54,"1,2,3",267624,80.287,C,3,S6,1
11,29,4,109,76,42,"2,3",347928,104.378,C,3,S6,1
11,90,11,76,67,37,"2,3",188404,56.521,C,3,S6,1
11,33,4,109,76,42,"2,3",347928,104.378,A,1,S1,1
11,101,12,48,39,25,"1,2,3",46800,14.04,B,2,S4,1
11,120,14,72,63,42,"1,2,3",190512,57.154,B,2,S4,1
11,44,6,105,67,43,"2,3",302505,90.751,C,3,S6,1
11,30,4,109,76,42,"2,3",347928,104.378,C,3,S6,1
11,59,8,84,59,54,"1,2,3",267624,80.287,C,3,S6,1
11,98,12,48,39,25,"1,2,3",46800,14.04,A,1,S3,1
11,6,1,74,63,61,"1,2,3",284382,85.315,B,2,S4,1
11,53,7,72,65,37,"1,2,3",173160,51.948,C,3,S6,1
11,115,13,91,79,66,"1,2,3",474474,142.342,A,1,S3,1
11,55,7,72,65,37,"1,2,3",173160,51.948,A,1,S3,1
11,32,4,109,76,42,"2,3",347928,104.378,A,1,S1,1
11,47,7,72,65,37,"1,2,3",173160,51.948,B,2,S4,0
11,110,13,91,79,66,"1,2,3",474474,142.342,B,2,S4,1
11,95,11,76,67,37,"2,3",188404,56.521,A,1,S3,1
11,42,5,118,56,22,3,145376,43.613,A,1,S1,1
11,5,1,74,63,61,"1,2,3",284382,85.315,C,3,S6,0
11,118,14,72,63,42,"1,2,3",190512,57.154,C,3,S6,1
11,62,8,84,59,54,"1,2,3",267624,80.287,A,1,S2,1
11,9,2,71,60,25,3,106500,31.95,B,2,S4,1
11,43,6,105,67,43,"2,3",302505,90.751,A,1,S3,1
11,103,12,48,39,25,"1,2,3",46800,14.04,A,1,S1,1
11,119,14,72,63,42,"1,2,3",190512,57.154,A,1,S1,0
11,10,2,71,60,25,3,106500,31.95,B,2,S4,0
11,108,12,48,39,25,"1,2,3",46800,14.04,A,1,S2,1
11,63,8,84,59,54,"1,2,3",267624,80.287,C,3,S6,1
11,130,15,74,74,60,"1,2,3",328560,98.568,B,2,S4,1
11,60,8,84,59,54,"1,2,3",267624,80.287,A,1,S1,1
11,54,7,72,65,37,"1,2,3",173160,51.948,A,1,S2,1
11,113,13,91,79,66,"1,2,3",474474,142.342,A,1,S2,1
11,25,3,106,80,59,"1,2,3",500320,150.096,A,1,S3,1
11,18,3,106,80,59,"1,2,3",500320,150.096,B,2,S5,1
11,61,8,84,59,54,"1,2,3",267624,80.287,A,1,S2,1
11,23,3,106,80,59,"1,2,3",500320,150.096,A,1,S1,1
11,28,4,109,76,42,"2,3",347928,104.378,A,1,S3,1
11,70,9,91,69,26,3,163254,48.976,A,1,S3,1
11,78,9,91,69,26,3,163254,48.976,C,3,S6,1
11,111,13,91,79,66,"1,2,3",474474,142.342,C,3,S6,1
11,99,12,48,39,25,"1,2,3",46800,14.04,A,1,S1,1
11,49,7,72,65,37,"1,2,3",173160,51.948,A,1,S1,1
11,106,12,48,39,25,"1,2,3",46800,14.04,A,1,S3,1
11,51,7,72,65,37,"1,2,3",173160,51.948,B,2,S4,1
11,76,9,91,69,26,3,163254,48.976,A,1,S2,1
11,100,12,48,39,25,"1,2,3",46800,14.04,A,1,S1,1
11,31,4,109,76,42,"2,3",347928,104.378,A,1,S1,1
11,4,1,74,63,61,"1,2,3",284382,85.315,A,1,S2,1
11,37,5,118,56,22,3,145376,43.613,A,1,S1,1
11,15,2,71,60,25,3,106500,31.95,C,3,S6,1
11,46,6,105,67,43,"2,3",302505,90.751,B,2,S4,1
11,72,9,91,69,26,3,163254,48.976,C,3,S6,0
11,121,14,72,63,42,"1,2,3",190512,57.154,C,3,S6,1
11,7,1,74,63,61,"1,2,3",284382,85.315,A,1,S2,1
11,71,9,91,69,26,3,163254,48.976,A,1,S1,1
11,48,7,72,65,37,"1,2,3",173160,51.948,A,1,S3,1
11,8,2,71,60,25,3,106500,31.95,A,1,S1,1
11,127,15,74,74,60,"1,2,3",328560,98.568,A,1,S1,1
11,17,3,106,80,59,"1,2,3",500320,150.096,A,1,S1,1
11,52,7,72,65,37,"1,2,3",173160,51.948,C,3,S6,1
11,66,8,84,59,54,"1,2,3",267624,80.287,C,3,S6,1
11,112,13,91,79,66,"1,2,3",474474,142.342,C,3,S6,1
11,2,1,74,63,61,"1,2,3",284382,85.315,B,2,S5,1
11,126,15,74,74,60,"1,2,3",328560,98.568,B,2,S4,1
11,12,2,71,60,25,3,106500,31.95,B,2,S4,1
11,45,6,105,67,43,"2,3",302505,90.751,B,2,S4,1
11,92,11,76,67,37,"2,3",188404,56.521,B,2,S4,0
11,129,15,74,74,60,"1,2,3",328560,98.568,B,2,S4,1
11,105,12,48,39,25,"1,2,3",46800,14.04,C,3,S6,1
11,87,10,69,31,28,"2,3",59892,17.968,C,3,S6,1
11,102,12,48,39,25,"1,2,3",46800,14.04,C,3,S6,0
11,73,9,91,69,26,3,163254,48.976,C,3,S6,1
11,39,5,118,56,22,3,145376,43.613,C,3,S6,1
11,41,5,118,56,22,3,145376,43.613,C,3,S6,1
11,88,11,76,67,37,"2,3",188404,56.521,C,3,S6,1
11,27,4,109,76,42,"2,3",347928,104.378,C,3,S6,1
11,26,4,109,76,42,"2,3",347928,104.378,C,3,S6,1
11,125,14,72,63,42,"1,2,3",190512,57.154,C,3,S6,1
11,74,9,91,69,26,3,163254,48.976,C,3,S6,1
11,79,9,91,69,26,3,163254,48.976,B,2,S4,1
11,50,7,72,65,37,"1,2,3",173160,51.948,C,3,S6,1
11,38,5,118,56,22,3,145376,43.613,C,3,S6,1
11,69,9,91,69,26,3,163254,48.976,B,2,S4,1
11,58,8,84,59,54,"1,2,3",267624,80.287,B,2,S5,1
11,20,3,106,80,59,"1,2,3",500320,150.096,B,2,S5,1
11,85,10,69,31,28,"2,3",59892,17.968,B,2,S5,1
11,19,3,106,80,59,"1,2,3",500320,150.096,B,2,S4,1
11,124,14,72,63,42,"1,2,3",190512,57.154,B,2,S4,1
11,1,1,74,63,61,"1,2,3",284382,85.315,B,2,S4,1
11,104,12,48,39,25,"1,2,3",46800,14.04,B,2,S4,1
11,82,10,69,31,28,"2,3",59892,17.968,B,2,S4,0
11,97,12,48,39,25,"1,2,3",46800,14.04,B,2,S5,0
11,116,13,91,79,66,"1,2,3",474474,142.342,B,2,S4,1
11,75,9,91,69,26,3,163254,48.976,B,2,S5,1
11,114,13,91,79,66,"1,2,3",474474,142.342,B,2,S4,1
11,36,5,118,56,22,3,145376,43.613,B,2,S5,1
11,56,7,72,65,37,"1,2,3",173160,51.948,B,2,S4,1
11,24,3,106,80,59,"1,2,3",500320,150.096,B,2,S4,1
11,16,3,106,80,59,"1,2,3",500320,150.096,B,2,S4,1
12,76,9,89,56,24,3,119616,35.885,B,2,S4,1
12,13,2,112,87,23,3,224112,67.234,A,1,S3,1
12,64,8,104,72,44,"2,3",329472,98.842,B,2,S4,1
12,45,6,82,77,67,"1,2,3",423038,126.911,B,2,S4,1
12,93,12,69,65,37,"1,2,3",165945,49.784,B,2,S4,1
12,87,12,69,65,37,"1,2,3",165945,49.784,B,2,S4,1
12,117,15,56,53,35,"1,2,3",103880,31.164,B,2,S5,1
12,19,3,116,41,40,"2,3",190240,57.072,B,2,S5,0
12,71,9,89,56,24,3,119616,35.885,A,1,S3,1
12,44,6,82,77,67,"1,2,3",423038,126.911,B,2,S5,1
12,49,6,82,77,67,"1,2,3",423038,126.911,A,1,S2,1
12,25,3,116,41,40,"2,3",190240,57.072,A,1,S3,1
12,32,4,98,80,56,"1,2,3",439040,131.712,B,2,S5,1
12,26,3,116,41,40,"2,3",190240,57.072,B,2,S4,1
12,119,15,56,53,35,"1,2,3",103880,31.164,B,2,S5,1
12,20,3,116,41,40,"2,3",190240,57.072,B,2,S4,1
12,69,9,89,56,24,3,119616,35.885,A,1,S1,1
12,108,14,100,58,37,"2,3",214600,64.38,A,1,S1,1
12,61,7,67,46,36,"1,2,3",110952,33.286,C,3,S6,1
12,73,9,89,56,24,3,119616,35.885,A,1,S2,1
12,85,11,101,86,31,3,269266,80.78,A,1,S2,0
12,34,4,98,80,56,"1,2,3",439040,131.712,A,1,S2,1
12,51,6,82,77,67,"1,2,3",423038,126.911,B,2,S5,1
12,37,5,108,60,59,"1,2,3",382320,114.696,B,2,S4,1
12,39,5,108,60,59,"1,2,3",382320,114.696,C,3,S6,1
12,79,10,64,36,36,"1,2,3",82944,24.883,B,2,S4,1
12,56,7,67,46,36,"1,2,3",110952,33.286,B,2,S4,0
12,99,13,106,39,22,"2,3",90948,27.284,B,2,S4,1
12,30,4,98,80,56,"1,2,3",439040,131.712,B,2,S4,1
12,114,14,100,58,37,"2,3",214600,64.38,B,2,S4,0
12,54,6,82,77,67,"1,2,3",423038,126.911,B,2,S5,1
12,29,4,98,80,56,"1,2,3",439040,131.712,B,2,S5,0
12,41,5,108,60,59,"1,2,3",382320,114.696,B,2,S4,1
12,107,14,100,58,37,"2,3",214600,64.38,A,1,S1,1
12,57,7,67,46,36,"1,2,3",110952,33.286,A,1,S1,1
12,98,13,106,39,22,"2,3",90948,27.284,A,1,S1,1
12,105,14,100,58,37,"2,3",214600,64.38,A,1,S2,1
12,115,14,100,58,37,"2,3",214600,64.38,A,1,S2,1
12,33,4,98,80,56,"1,2,3",439040,131.712,A,1,S2,1
12,95,13,106,39,22,"2,3",90948,27.284,B,2,S5,0
12,23,3,116,41,40,"2,3",190240,57.072,A,1,S1,0
12,104,13,106,39,22,"2,3",90948,27.284,A,1,S2,1
12,88,12,69,65,37,"1,2,3",165945,49.784,A,1,S3,0
12,116,14,100,58,37,"2,3",214600,64.38,C,3,S6,1
12,80,10,64,36,36,"1,2,3",82944,24.883,C,3,S6,1
12,111,14,100,58,37,"2,3",214600,64.38,B,2,S5,1
12,65,8,104,72,44,"2,3",329472,98.842,B,2,S4,1
12,121,15,56,53,35,"1,2,3",103880,31.164,C,3,S6,1
12,78,10,64,36,36,"1,2,3",82944,24.883,A,1,S1,1
12,16,2,112,87,23,3,224112,67.234,C,3,S6,1
12,22,3,116,41,40,"2,3",190240,57.072,B,2,S4,1
12,9,2,112,87,23,3,224112,67.234,C,3,S6,1
12,14,2,112,87,23,3,224112,67.234,C,3,S6,1
12,67,8,104,72,44,"2,3",329472,98.842,A,1,S1,1
12,58,7,67,46,36,"1,2,3",110952,33.286,C,3,S6,1
12,120,15,56,53,35,"1,2,3",103880,31.164,A,1,S1,1
12,106,14,100,58,37,"2,3",214600,64.38,A,1,S1,1
12,113,14,100,58,37,"2,3",214600,64.38,B,2,S5,1
12,36,4,98,80,56,"1,2,3",439040,131.712,B,2,S4,1
12,42,5,108,60,59,"1,2,3",382320,114.696,A,1,S1,1
12,109,14,100,58,37,"2,3",214600,64.38,A,1,S1,1
12,63,8,104,72,44,"2,3",329472,98.842,B,2,S5,1
12,92,12,69,65,37,"1,2,3",165945,49.784,A,1,S2,1
12,6,1,95,80,57,"1,2,3",433200,129.96,A,1,S1,1
12,118,15,56,53,35,"1,2,3",103880,31.164,A,1,S1,1
12,77,10,64,36,36,"1,2,3",82944,24.883,C,3,S6,1
12,84,11,101,86,31,3,269266,80.78,A,1,S1,1
12,15,2,112,87,23,3,224112,67.234,A,1,S3,1
12,7,1,95,80,57,"1,2,3",433200,129.96,A,1,S3,1
12,47,6,82,77,67,"1,2,3",423038,126.911,A,1,S3,1
12,66,8,104,72,44,"2,3",329472,98.842,A,1,S1,1
12,8,2,112,87,23,3,224112,67.234,A,1,S2,1
12,110,14,100,58,37,"2,3",214600,64.38,C,3,S6,1
12,122,15,56,53,35,"1,2,3",103880,31.164,C,3,S6,1
12,27,4,98,80,56,"1,2,3",439040,131.712,B,2,S4,1
12,101,13,106,39,22,"2,3",90948,27.284,C,3,S6,1
12,70,9,89,56,24,3,119616,35.885,C,3,S6,1
12,35,4,98,80,56,"1,2,3",439040,131.712,C,3,S6,1
12,55,6,82,77,67,"1,2,3",423038,126.911,C,3,S6,1
12,112,14,100,58,37,"2,3",214600,64.38,C,3,S6,1
12,5,1,95,80,57,"1,2,3",433200,129.96,A,1,S3,1
12,68,8,104,72,44,"2,3",329472,98.842,A,1,S1,1
12,43,5,108,60,59,"1,2,3",382320,114.696,C,3,S6,1
12,50,6,82,77,67,"1,2,3",423038,126.911,A,1,S1,1
12,10,2,112,87,23,3,224112,67.234,C,3,S6,1
12,90,12,69,65,37,"1,2,3",165945,49.784,C,3,S6,1
12,1,1,95,80,57,"1,2,3",433200,129.96,C,3,S6,1
12,82,10,64,36,36,"1,2,3",82944,24.883,B,2,S4,0
12,100,13,106,39,22,"2,3",90948,27.284,C,3,S6,1
12,81,10,64,36,36,"1,2,3",82944,24.883,C,3,S6,1
12,48,6,82,77,67,"1,2,3",423038,126.911,C,3,S6,1
12,24,3,116,41,40,"2,3",190240,57.072,C,3,S6,1
12,52,6,82,77,67,"1,2,3",423038,126.911,A,1,S3,0
12,103,13,106,39,22,"2,3",90948,27.284,C,3,S6,1
12,18,2,112,87,23,3,224112,67.234,C,3,S6,1
12,60,7,67,46,36,"1,2,3",110952,33.286,B,2,S4,1
12,102,13,106,39,22,"2,3",90948,27.284,B,2,S4,1
12,4,1,95,80,57,"1,2,3",433200,129.96,B,2,S4,1
12,75,9,89,56,24,3,119616,35.885,B,2,S4,1
12,96,13,106,39,22,"2,3",90948,27.284,C,3,S6,1
12,74,9,89,56,24,3,119616,35.885,B,2,S4,1
12,59,7,67,46,36,"1,2,3",110952,33.286,B,2,S4,1
12,91,12,69,65,37,"1,2,3",165945,49.784,B,2,S4,1
12,21,3,116,41,40,"2,3",190240,57.072,B,2,S4,1
12,40,5,108,60,59,"1,2,3",382320,114.696,B,2,S5,1
12,86,11,101,86,31,3,269266,80.78,B,2,S5,1
12,62,8,104,72,44,"2,3",329472,98.842,A,1,S3,1
12,3,1,95,80,57,"1,2,3",433200,129.96,B,2,S4,1
12,12,2,112,87,23,3,224112,67.234,C,3,S6,1
12,83,11,101,86,31,3,269266,80.78,B,2,S4,1
12,31,4,98,80,56,"1,2,3",439040,131.712,C,3,S6,0
12,38,5,108,60,59,"1,2,3",382320,114.696,A,1,S2,0
12,46,6,82,77,67,"1,2,3",423038,126.911,A,1,S2,1
12,17,2,112,87,23,3,224112,67.234,A,1,S2,1
12,28,4,98,80,56,"1,2,3",439040,131.712,A,1,S1,1
12,53,6,82,77,67,"1,2,3",423038,126.911,A,1,S3,1
12,94,13,106,39,22,"2,3",90948,27.284,A,1,S1,1
12,89,12,69,65,37,"1,2,3",165945,49.784,A,1,S2,1
12,2,1,95,80,57,"1,2,3",433200,129.96,A,1,S1,1
12,97,13,106,39,22,"2,3",90948,27.284,A,1,S2,1
12,72,9,89,56,24,3,119616,35.885,A,1,S1,1
12,11,2,112,87,23,3,224112,67.234,A,1,S2,1
13,162,13,75,38,30,"2,3",85500,25.65,B,2,S5,0
13,38,3,100,61,36,"2,3",219600,65.88,B,2,S4,1
13,141,11,74,47,29,"2,3",100862,30.259,B,2,S5,1
13,109,8,91,33,28,"2,3",84084,25.225,B,2,S5,0
13,19,1,52,36,25,"2,3",46800,14.04,B,2,S4,0
13,1,1,52,36,25,"2,3",46800,14.04,B,2,S5,1
13,103,8,91,33,28,"2,3",84084,25.225,B,2,S5,1
13,60,4,79,52,36,"2,3",147888,44.366,B,2,S4,1
13,48,4,79,52,36,"2,3",147888,44.366,C,3,S6,1
13,137,11,74,47,29,"2,3",100862,30.259,A,1,S3,0
13,20,2,63,37,21,"2,3",48951,14.685,A,1,S2,0
13,180,14,86,68,44,"1,2,3",257312,77.194,C,3,S6,1
13,161,13,75,38,30,"2,3",85500,25.65,B,2,S4,1
13,58,4,79,52,36,"2,3",147888,44.366,B,2,S4,1
13,191,15,72,52,33,"2,3",123552,37.066,A,1,S2,1
13,177,14,86,68,44,"1,2,3",257312,77.194,B,2,S4,1
13,57,4,79,52,36,"2,3",147888,44.366,B,2,S5,1
13,72,5,99,63,36,"2,3",224532,67.36,B,2,S5,1
13,23,2,63,37,21,"2,3",48951,14.685,C,3,S6,0
13,149,12,100,48,20,3,96000,28.8,C,3,S6,1
13,198,15,72,52,33,"2,3",123552,37.066,C,3,S6,1
13,11,1,52,36,25,"2,3",46800,14.04,C,3,S6,1
13,153,12,100,48,20,3,96000,28.8,A,1,S1,0
13,171,14,86,68,44,"1,2,3",257312,77.194,A,1,S1,1
13,172,14,86,68,44,"1,2,3",257312,77.194,A,1,S3,1
13,174,14,86,68,44,"1,2,3",257312,77.194,A,1,S2,1
13,95,7,90,69,55,"1,2,3",341550,102.465,A,1,S1,1
13,120,9,111,76,41,"2,3",345876,103.763,A,1,S3,1
13,203,15,72,52,33,"2,3",123552,37.066,A,1,S2,1
13,157,13,75,38,30,"2,3",85500,25.65,B,2,S5,1
13,5,1,52,36,25,"2,3",46800,14.04,B,2,S4,1
13,163,13,75,38,30,"2,3",85500,25.65,B,2,S4,1
13,24,2,63,37,21,"2,3",48951,14.685,B,2,S4,1
13,165,13,75,38,30,"2,3",85500,25.65,A,1,S3,0
13,67,5,99,63,36,"2,3",224532,67.36,B,2,S4,1
13,4,1,52,36,25,"2,3",46800,14.04,C,3,S6,1
13,105,8,91,33,28,"2,3",84084,25.225,A,1,S2,1
13,70,5,99,63,36,"2,3",224532,67.36,C,3,S6,1
13,18,1,52,36,25,"2,3",46800,14.04,C,3,S6,1
13,53,4,79,52,36,"2,3",147888,44.366,B,2,S5,1
13,14,1,52,36,25,"2,3",46800,14.04,B,2,S5,1
13,32,2,63,37,21,"2,3",48951,14.685,B,2,S5,1
13,129,10,95,44,35,"2,3",146300,43.89,A,1,S3,1
13,51,4,79,52,36,"2,3",147888,44.366,A,1,S1,1
13,159,13,75,38,30,"2,3",85500,25.65,A,1,S3,0
13,194,15,72,52,33,"2,3",123552,37.066,A,1,S1,1
13,113,8,91,33,28,"2,3",84084,25.225,C,3,S6,1
13,2,1,52,36,25,"2,3",46800,14.04,C,3,S6,1
13,77,6,97,49,30,"2,3",142590,42.777,A,1,S1,1
13,36,2,63,37,21,"2,3",48951,14.685,A,1,S1,1
13,112,8,91,33,28,"2,3",84084,25.225,A,1,S2,1
13,62,4,79,52,36,"2,3",147888,44.366,A,1,S1,0
13,133,11,74,47,29,"2,3",100862,30.259,A,1,S1,1
13,154,13,75,38,30,"2,3",85500,25.65,C,3,S6,1
13,40,3,100,61,36,"2,3",219600,65.88,C,3,S6,1
13,135,11,74,47,29,"2,3",100862,30.259,B,2,S5,1
13,117,9,111,76,41,"2,3",345876,103.763,B,2,S5,1
13,71,5,99,63,36,"2,3",224532,67.36,C,3,S6,1
13,115,9,111,76,41,"2,3",345876,103.763,B,2,S5,1
13,21,2,63,37,21,"2,3",48951,14.685,C,3,S6,1
13,123,10,95,44,35,"2,3",146300,43.89,C,3,S6,1
13,189,15,72,52,33,"2,3",123552,37.066,C,3,S6,1
13,178,14,86,68,44,"1,2,3",257312,77.194,B,2,S4,1
13,148,12,100,48,20,3,96000,28.8,B,2,S4,1
13,200,15,72,52,33,"2,3",123552,37.066,C,3,S6,1
13,102,8,91,33,28,"2,3",84084,25.225,B,2,S4,1
13,45,3,100,61,36,"2,3",219600,65.88,B,2,S5,1
13,167,13,75,38,30,"2,3",85500,25.65,B,2,S4,1
13,124,10,95,44,35,"2,3",146300,43.89,B,2,S4,0
13,179,14,86,68,44,"1,2,3",257312,77.194,A,1,S2,1
13,166,13,75,38,30,"2,3",85500,25.65,B,2,S4,1
13,195,15,72,52,33,"2,3",123552,37.066,B,2,S4,1
13,119,9,111,76,41,"2,3",345876,103.763,B,2,S4,1
13,96,7,90,69,55,"1,2,3",341550,102.465,B,2,S5,1
13,193,15,72,52,33,"2,3",123552,37.066,C,3,S6,1
13,75,5,99,63,36,"2,3",224532,67.36,C,3,S6,1
13,155,13,75,38,30,"2,3",85500,25.65,B,2,S5,1
13,190,15,72,52,33,"2,3",123552,37.066,A,1,S2,1
13,52,4,79,52,36,"2,3",147888,44.366,B,2,S5,1
13,108,8,91,33,28,"2,3",84084,25.225,B,2,S5,1
13,93,7,90,69,55,"1,2,3",341550,102.465,C,3,S6,1
13,151,12,100,48,20,3,96000,28.8,A,1,S1,1
13,34,2,63,37,21,"2,3",48951,14.685,A,1,S1,1
13,37,2,63,37,21,"2,3",48951,14.685,C,3,S6,1
13,28,2,63,37,21,"2,3",48951,14.685,A,1,S1,1
13,69,5,99,63,36,"2,3",224532,67.36,C,3,S6,0
13,128,10,95,44,35,"2,3",146300,43.89,B,2,S4,1
13,82,6,97,49,30,"2,3",142590,42.777,C,3,S6,1
13,202,15,72,52,33,"2,3",123552,37.066,C,3,S6,1
13,26,2,63,37,21,"2,3",48951,14.685,A,1,S1,1
13,56,4,79,52,36,"2,3",147888,44.366,B,2,S4,1
13,47,4,79,52,36,"2,3",147888,44.366,B,2,S5,1
13,39,3,100,61,36,"2,3",219600,65.88,B,2,S4,1
13,134,11,74,47,29,"2,3",100862,30.259,B,2,S4,1
13,136,11,74,47,29,"2,3",100862,30.259,A,1,S2,1
13,183,14,86,68,44,"1,2,3",257312,77.194,B,2,S4,1
13,86,6,97,49,30,"2,3",142590,42.777,B,2,S4,1
13,65,5,99,63,36,"2,3",224532,67.36,A,1,S2,1
13,175,14,86,68,44,"1,2,3",257312,77.194,A,1,S2,1
13,131,10,95,44,35,"2,3",146300,43.89,C,3,S6,1
13,27,2,63,37,21,"2,3",48951,14.685,C,3,S6,1
13,132,11,74,47,29,"2,3",100862,30.259,A,1,S2,1
13,145,12,100,48,20,3,96000,28.8,B,2,S4,1
13,107,8,91,33,28,"2,3",84084,25.225,A,1,S1,1
13,140,11,74,47,29,"2,3",100862,30.259,B,2,S4,1
13,104,8,91,33,28,"2,3",84084,25.225,A,1,S1,1
13,13,1,52,36,25,"2,3",46800,14.04,A,1,S3,0
13,182,14,86,68,44,"1,2,3",257312,77.194,A,1,S3,1
13,42,3,100,61,36,"2,3",219600,65.88,C,3,S6,1
13,50,4,79,52,36,"2,3",147888,44.366,C,3,S6,0
13,74,5,99,63,36,"2,3",224532,67.36,B,2,S5,1
13,49,4,79,52,36,"2,3",147888,44.366,B,2,S4,1
13,170,14,86,68,44,"1,2,3",257312,77.194,B,2,S5,1
13,197,15,72,52,33,"2,3",123552,37.066,B,2,S4,1
13,76,5,99,63,36,"2,3",224532,67.36,B,2,S4,1
13,138,11,74,47,29,"2,3",100862,30.259,B,2,S5,1
13,176,14,86,68,44,"1,2,3",257312,77.194,A,1,S3,1
13,3,1,52,36,25,"2,3",46800,14.04,A,1,S2,1
13,186,14,86,68,44,"1,2,3",257312,77.194,A,1,S1,1
13,54,4,79,52,36,"2,3",147888,44.366,A,1,S2,1
13,201,15,72,52,33,"2,3",123552,37.066,A,1,S1,0
13,66,5,99,63,36,"2,3",224532,67.36,C,3,S6,1
13,160,13,75,38,30,"2,3",85500,25.65,C,3,S6,1
13,55,4,79,52,36,"2,3",147888,44.366,B,2,S5,1
13,187,14,86,68,44,"1,2,3",257312,77.194,B,2,S5,1
13,85,6,97,49,30,"2,3",142590,42.777,B,2,S5,1
13,59,4,79,52,36,"2,3",147888,44.366,A,1,S1,1
13,196,15,72,52,33,"2,3",123552,37.066,A,1,S2,1
13,84,6,97,49,30,"2,3",142590,42.777,A,1,S2,1
13,6,1,52,36,25,"2,3",46800,14.04,B,2,S5,0
13,44,3,100,61,36,"2,3",219600,65.88,A,1,S3,1
13,87,6,97,49,30,"2,3",142590,42.777,C,3,S6,1
13,30,2,63,37,21,"2,3",48951,14.685,A,1,S1,1
13,79,6,97,49,30,"2,3",142590,42.777,A,1,S3,1
13,17,1,52,36,25,"2,3",46800,14.04,A,1,S1,1
13,22,2,63,37,21,"2,3",48951,14.685,A,1,S3,1
13,185,14,86,68,44,"1,2,3",257312,77.194,A,1,S1,1
13,61,4,79,52,36,"2,3",147888,44.366,A,1,S2,1
13,64,5,99,63,36,"2,3",224532,67.36,C,3,S6,1
13,63,4,79,52,36,"2,3",147888,44.366,C,3,S6,1
13,168,13,75,38,30,"2,3",85500,25.65,C,3,S6,1
13,156,13,75,38,30,"2,3",85500,25.65,B,2,S5,1
13,106,8,91,33,28,"2,3",84084,25.225,A,1,S2,1
13,92,7,90,69,55,"1,2,3",341550,102.465,A,1,S1,1
13,89,6,97,49,30,"2,3",142590,42.777,A,1,S2,1
13,110,8,91,33,28,"2,3",84084,25.225,C,3,S6,1
13,25,2,63,37,21,"2,3",48951,14.685,C,3,S6,1
13,98,7,90,69,55,"1,2,3",341550,102.465,B,2,S5,1
13,88,6,97,49,30,"2,3",142590,42.777,A,1,S1,1
13,7,1,52,36,25,"2,3",46800,14.04,A,1,S1,1
13,150,12,100,48,20,3,96000,28.8,A,1,S2,1
13,90,7,90,69,55,"1,2,3",341550,102.465,A,1,S3,1
13,94,7,90,69,55,"1,2,3",341550,102.465,A,1,S1,0
13,33,2,63,37,21,"2,3",48951,14.685,B,2,S5,1
13,12,1,52,36,25,"2,3",46800,14.04,C,3,S6,1
13,164,13,75,38,30,"2,3",85500,25.65,C,3,S6,1
13,8,1,52,36,25,"2,3",46800,14.04,C,3,S6,1
13,16,1,52,36,25,"2,3",46800,14.04,B,2,S4,1
13,83,6,97,49,30,"2,3",142590,42.777,C,3,S6,1
13,73,5,99,63,36,"2,3",224532,67.36,A,1,S3,1
13,91,7,90,69,55,"1,2,3",341550,102.465,A,1,S3,1
13,158,13,75,38,30,"2,3",85500,25.65,A,1,S3,1
13,199,15,72,52,33,"2,3",123552,37.066,A,1,S2,1
13,152,12,100,48,20,3,96000,28.8,A,1,S1,1
13,127,10,95,44,35,"2,3",146300,43.89,B,2,S5,1
13,68,5,99,63,36,"2,3",224532,67.36,C,3,S6,1
13,101,8,91,33,28,"2,3",84084,25.225,B,2,S5,1
13,15,1,52,36,25,"2,3",46800,14.04,A,1,S3,1
13,130,10,95,44,35,"2,3",146300,43.89,B,2,S5,1
13,41,3,100,61,36,"2,3",219600,65.88,A,1,S2,1
13,144,12,100,48,20,3,96000,28.8,B,2,S4,1
13,122,10,95,44,35,"2,3",146300,43.89,B,2,S4,1
13,121,10,95,44,35,"2,3",146300,43.89,C,3,S6,1
13,147,12,100,48,20,3,96000,28.8,A,1,S3,1
13,139,11,74,47,29,"2,3",100862,30.259,A,1,S3,0
13,142,12,100,48,20,3,96000,28.8,B,2,S4,1
13,192,15,72,52,33,"2,3",123552,37.066,C,3,S6,1
13,188,15,72,52,33,"2,3",123552,37.066,A,1,S1,1
13,173,14,86,68,44,"1,2,3",257312,77.194,B,2,S4,1
13,146,12,100,48,20,3,96000,28.8,A,1,S1,1
13,29,2,63,37,21,"2,3",48951,14.685,B,2,S4,1
13,125,10,95,44,35,"2,3",146300,43.89,B,2,S5,1
13,100,8,91,33,28,"2,3",84084,25.225,B,2,S4,1
13,184,14,86,68,44,"1,2,3",257312,77.194,B,2,S5,0
13,80,6,97,49,30,"2,3",142590,42.777,C,3,S6,1
13,35,2,63,37,21,"2,3",48951,14.685,C,3,S6,1
13,111,8,91,33,28,"2,3",84084,25.225,C,3,S6,1
13,126,10,95,44,35,"2,3",146300,43.89,C,3,S6,1
13,43,3,100,61,36,"2,3",219600,65.88,A,1,S3,1
13,181,14,86,68,44,"1,2,3",257312,77.194,A,1,S1,1
13,78,6,97,49,30,"2,3",142590,42.777,A,1,S1,1
13,169,13,75,38,30,"2,3",85500,25.65,C,3,S6,1
13,143,12,100,48,20,3,96000,28.8,C,3,S6,1
13,46,3,100,61,36,"2,3",219600,65.88,A,1,S2,0
13,9,1,52,36,25,"2,3",46800,14.04,A,1,S3,1
13,10,1,52,36,25,"2,3",46800,14.04,C,3,S6,1
13,118,9,111,76,41,"2,3",345876,103.763,A,1,S1,1
13,114,9,111,76,41,"2,3",345876,103.763,A,1,S3,1
13,97,7,90,69,55,"1,2,3",341550,102.465,A,1,S1,1
13,81,6,97,49,30,"2,3",142590,42.777,A,1,S1,1
13,116,9,111,76,41,"2,3",345876,103.763,A,1,S2,1
13,99,7,90,69,55,"1,2,3",341550,102.465,A,1,S2,1
13,31,2,63,37,21,"2,3",48951,14.685,A,1,S1,1
14,130,14,59,35,31,"1,2,3",64015,19.204,A,1,S1,1
14,13,2,104,80,63,"1,2,3",524160,157.248,A,1,S3,1
14,85,10,68,62,52,"1,2,3",219232,65.77,B,2,S4,1
14,134,15,104,47,34,"2,3",166192,49.858,A,1,S3,1
14,11,2,104,80,63,"1,2,3",524160,157.248,A,1,S1,1
14,12,2,104,80,63,"1,2,3",524160,157.248,A,1,S2,1
14,105,12,60,39,36,"1,2,3",84240,25.272,A,1,S2,1
14,83,10,68,62,52,"1,2,3",219232,65.77,A,1,S2,0
14,69,8,74,53,33,"2,3",129426,38.828,B,2,S4,1
14,36,5,90,74,66,"1,2,3",439560,131.868,B,2,S5,1
14,14,2,104,80,63,"1,2,3",524160,157.248,B,2,S4,0
14,8,2,104,80,63,"1,2,3",524160,157.248,A,1,S3,1
14,64,8,74,53,33,"2,3",129426,38.828,B,2,S4,1
14,50,6,112,54,36,"2,3",217728,65.318,B,2,S5,1
14,35,4,114,78,60,"1,2,3",533520,160.056,A,1,S2,0
14,2,1,68,48,31,"2,3",101184,30.355,A,1,S2,1
14,98,12,60,39,36,"1,2,3",84240,25.272,A,1,S2,1
14,46,5,90,74,66,"1,2,3",439560,131.868,A,1,S3,1
14,101,12,60,39,36,"1,2,3",84240,25.272,A,1,S3,0
14,81,9,75,62,57,"1,2,3",265050,79.515,C,3,S6,0
14,32,4,114,78,60,"1,2,3",533520,160.056,C,3,S6,1
14,42,5,90,74,66,"1,2,3",439560,131.868,C,3,S6,1
14,52,6,112,54,36,"2,3",217728,65.318,A,1,S2,1
14,138,15,104,47,34,"2,3",166192,49.858,B,2,S5,1
14,79,9,75,62,57,"1,2,3",265050,79.515,A,1,S3,1
14,70,8,74,53,33,"2,3",129426,38.828,A,1,S1,1
14,23,3,82,46,21,3,79212,23.764,A,1,S1,0
14,75,9,75,62,57,"1,2,3",265050,79.515,A,1,S1,1
14,73,9,75,62,57,"1,2,3",265050,79.515,C,3,S6,1
14,140,15,104,47,34,"2,3",166192,49.858,C,3,S6,1
14,97,11,64,49,47,"1,2,3",147392,44.218,B,2,S4,1
14,18,3,82,46,21,3,79212,23.764,B,2,S4,1
14,44,5,90,74,66,"1,2,3",439560,131.868,B,2,S5,1
14,3,1,68,48,31,"2,3",101184,30.355,B,2,S5,1
14,121,14,59,35,31,"1,2,3",64015,19.204,B,2,S5,0
14,26,3,82,46,21,3,79212,23.764,B,2,S5,0
14,103,12,60,39,36,"1,2,3",84240,25.272,A,1,S3,1
14,56,7,71,64,54,"1,2,3",245376,73.613,A,1,S3,1
14,27,3,82,46,21,3,79212,23.764,A,1,S2,1
14,111,13,55,45,35,"1,2,3",86625,25.987,C,3,S6,1
14,132,15,104,47,34,"2,3",166192,49.858,A,1,S1,1
14,10,2,104,80,63,"1,2,3",524160,157.248,C,3,S6,1
14,110,13,55,45,35,"1,2,3",86625,25.987,B,2,S4,1
14,43,5,90,74,66,"1,2,3",439560,131.868,B,2,S4,1
14,60,7,71,64,54,"1,2,3",245376,73.613,B,2,S4,1
14,30,4,114,78,60,"1,2,3",533520,160.056,A,1,S2,1
14,41,5,90,74,66,"1,2,3",439560,131.868,A,1,S3,1
14,33,4,114,78,60,"1,2,3",533520,160.056,C,3,S6,1
14,57,7,71,64,54,"1,2,3",245376,73.613,A,1,S3,1
14,49,6,112,54,36,"2,3",217728,65.318,A,1,S3,1
14,90,10,68,62,52,"1,2,3",219232,65.77,A,1,S2,0
14,84,10,68,62,52,"1,2,3",219232,65.77,A,1,S2,1
14,47,6,112,54,36,"2,3",217728,65.318,A,1,S3,1
14,118,13,55,45,35,"1,2,3",86625,25.987,C,3,S6,1
14,31,4,114,78,60,"1,2,3",533520,160.056,C,3,S6,1
14,25,3,82,46,21,3,79212,23.764,A,1,S2,1
14,51,6,112,54,36,"2,3",217728,65.318,C,3,S6,1
14,22,3,82,46,21,3,79212,23.764,C,3,S6,1
14,58,7,71,64,54,"1,2,3",245376,73.613,C,3,S6,1
14,29,4,114,78,60,"1,2,3",533520,160.056,A,1,S2,1
14,71,8,74,53,33,"2,3",129426,38.828,A,1,S1,1
14,108,12,60,39,36,"1,2,3",84240,25.272,A,1,S3,1
14,93,11,64,49,47,"1,2,3",147392,44.218,A,1,S3,1
14,62,7,71,64,54,"1,2,3",245376,73.613,A,1,S3,1
14,77,9,75,62,57,"1,2,3",265050,79.515,B,2,S4,1
14,112,13,55,45,35,"1,2,3",86625,25.987,B,2,S4,1
14,9,2,104,80,63,"1,2,3",524160,157.248,B,2,S4,1
14,45,5,90,74,66,"1,2,3",439560,131.868,B,2,S4,1
14,88,10,68,62,52,"1,2,3",219232,65.77,B,2,S5,1
14,1,1,68,48,31,"2,3",101184,30.355,A,1,S2,1
14,82,10,68,62,52,"1,2,3",219232,65.77,A,1,S1,1
14,143,15,104,47,34,"2,3",166192,49.858,B,2,S4,1
14,107,12,60,39,36,"1,2,3",84240,25.272,C,3,S6,1
14,37,5,90,74,66,"1,2,3",439560,131.868,B,2,S4,1
14,86,10,68,62,52,"1,2,3",219232,65.77,B,2,S5,1
14,7,1,68,48,31,"2,3",101184,30.355,A,1,S1,0
14,125,14,59,35,31,"1,2,3",64015,19.204,A,1,S3,1
14,76,9,75,62,57,"1,2,3",265050,79.515,C,3,S6,1
14,80,9,75,62,57,"1,2,3",265050,79.515,A,1,S3,1
14,119,13,55,45,35,"1,2,3",86625,25.987,A,1,S3,1
14,4,1,68,48,31,"2,3",101184,30.355,A,1,S2,1
14,116,13,55,45,35,"1,2,3",86625,25.987,A,1,S3,1
14,137,15,104,47,34,"2,3",166192,49.858,C,3,S6,1
14,39,5,90,74,66,"1,2,3",439560,131.868,B,2,S5,1
14,87,10,68,62,52,"1,2,3",219232,65.77,B,2,S5,1
14,40,5,90,74,66,"1,2,3",439560,131.868,B,2,S5,1
14,123,14,59,35,31,"1,2,3",64015,19.204,A,1,S2,1
14,135,15,104,47,34,"2,3",166192,49.858,C,3,S6,1
14,136,15,104,47,34,"2,3",166192,49.858,C,3,S6,1
14,67,8,74,53,33,"2,3",129426,38.828,B,2,S5,1
14,6,1,68,48,31,"2,3",101184,30.355,A,1,S1,1
14,38,5,90,74,66,"1,2,3",439560,131.868,B,2,S5,1
14,74,9,75,62,57,"1,2,3",265050,79.515,B,2,S4,1
14,100,12,60,39,36,"1,2,3",84240,25.272,B,2,S4,1
14,99,12,60,39,36,"1,2,3",84240,25.272,A,1,S3,1
14,15,2,104,80,63,"1,2,3",524160,157.248,A,1,S1,1
14,53,6,112,54,36,"2,3",217728,65.318,B,2,S4,0
14,78,9,75,62,57,"1,2,3",265050,79.515,A,1,S2,1
14,129,14,59,35,31,"1,2,3",64015,19.204,B,2,S4,1
14,48,6,112,54,36,"2,3",217728,65.318,B,2,S4,1
14,72,8,74,53,33,"2,3",129426,38.828,C,3,S6,0
14,126,14,59,35,31,"1,2,3",64015,19.204,B,2,S5,1
14,96,11,64,49,47,"1,2,3",147392,44.218,B,2,S5,1
14,5,1,68,48,31,"2,3",101184,30.355,A,1,S1,1
14,61,7,71,64,54,"1,2,3",245376,73.613,B,2,S5,1
14,114,13,55,45,35,"1,2,3",86625,25.987,B,2,S4,1
14,28,3,82,46,21,3,79212,23.764,A,1,S1,1
14,127,14,59,35,31,"1,2,3",64015,19.204,B,2,S5,1
14,142,15,104,47,34,"2,3",166192,49.858,C,3,S6,1
14,131,14,59,35,31,"1,2,3",64015,19.204,C,3,S6,1
14,66,8,74,53,33,"2,3",129426,38.828,B,2,S5,0
14,91,10,68,62,52,"1,2,3",219232,65.77,B,2,S4,1
14,117,13,55,45,35,"1,2,3",86625,25.987,B,2,S4,1
14,59,7,71,64,54,"1,2,3",245376,73.613,A,1,S1,1
14,92,11,64,49,47,"1,2,3",147392,44.218,A,1,S2,1
14,124,14,59,35,31,"1,2,3",64015,19.204,B,2,S5,1
14,17,3,82,46,21,3,79212,23.764,B,2,S4,1
14,65,8,74,53,33,"2,3",129426,38.828,B,2,S5,1
14,19,3,82,46,21,3,79212,23.764,B,2,S4,1
14,21,3,82,46,21,3,79212,23.764,C,3,S6,1
14,106,12,60,39,36,"1,2,3",84240,25.272,A,1,S1,1
14,54,6,112,54,36,"2,3",217728,65.318,C,3,S6,1
14,94,11,64,49,47,"1,2,3",147392,44.218,A,1,S2,0
14,63,8,74,53,33,"2,3",129426,38.828,A,1,S1,1
14,139,15,104,47,34,"2,3",166192,49.858,A,1,S1,1
14,120,13,55,45,35,"1,2,3",86625,25.987,A,1,S2,1
14,89,10,68,62,52,"1,2,3",219232,65.77,B,2,S4,1
14,113,13,55,45,35,"1,2,3",86625,25.987,B,2,S5,1
14,141,15,104,47,34,"2,3",166192,49.858,C,3,S6,1
14,128,14,59,35,31,"1,2,3",64015,19.204,B,2,S4,1
14,68,8,74,53,33,"2,3",129426,38.828,C,3,S6,1
14,102,12,60,39,36,"1,2,3",84240,25.272,C,3,S6,1
14,133,15,104,47,34,"2,3",166192,49.858,B,2,S4,1
14,104,12,60,39,36,"1,2,3",84240,25.272,C,3,S6,1
14,95,11,64,49,47,"1,2,3",147392,44.218,C,3,S6,1
14,20,3,82,46,21,3,79212,23.764,C,3,S6,1
14,115,13,55,45,35,"1,2,3",86625,25.987,C,3,S6,1
14,55,7,71,64,54,"1,2,3",245376,73.613,C,3,S6,1
14,122,14,59,35,31,"1,2,3",64015,19.204,C,3,S6,1
14,34,4,114,78,60,"1,2,3",533520,160.056,C,3,S6,1
14,109,13,55,45,35,"1,2,3",86625,25.987,C,3,S6,1
14,16,2,104,80,63,"1,2,3",524160,157.248,C,3,S6,1
14,24,3,82,46,21,3,79212,23.764,C,3,S6,1
15,74,11,111,80,68,"1,2,3",603840,181.152,A,1,S1,1
15,5,1,100,44,37,"2,3",162800,48.84,B,2,S5,0
15,17,3,65,57,42,"1,2,3",155610,46.683,B,2,S5,0
15,68,11,111,80,68,"1,2,3",603840,181.152,B,2,S4,0
15,58,10,120,60,39,"2,3",280800,84.24,B,2,S5,1
15,14,3,65,57,42,"1,2,3",155610,46.683,A,1,S1,1
15,91,14,93,78,33,3,239382,71.815,A,1,S2,1
15,80,13,71,70,59,"1,2,3",293230,87.969,B,2,S4,1
15,12,3,65,57,42,"1,2,3",155610,46.683,B,2,S4,1
15,8,2,90,78,55,"1,2,3",386100,115.83,A,1,S3,1
15,40,7,109,73,73,"1,2,3",580861,174.258,A,1,S2,1
15,87,13,71,70,59,"1,2,3",293230,87.969,B,2,S5,1
15,46,8,73,58,52,"1,2,3",220168,66.05,B,2,S4,1
15,42,7,109,73,73,"1,2,3",580861,174.258,A,1,S1,1
15,33,6,84,78,51,"1,2,3",334152,100.246,A,1,S1,1
15,49,9,73,49,40,"1,2,3",143080,42.924,B,2,S5,1
15,6,1,100,44,37,"2,3",162800,48.84,B,2,S5,1
15,89,14,93,78,33,3,239382,71.815,B,2,S5,1
15,93,15,83,71,43,"1,2,3",253399,76.02,B,2,S4,1
15,47,8,73,58,52,"1,2,3",220168,66.05,B,2,S4,1
15,19,4,85,58,41,"2,3",202130,60.639,B,2,S5,1
15,69,11,111,80,68,"1,2,3",603840,181.152,B,2,S4,1
15,4,1,100,44,37,"2,3",162800,48.84,A,1,S3,1
15,16,3,65,57,42,"1,2,3",155610,46.683,A,1,S2,1
15,86,13,71,70,59,"1,2,3",293230,87.969,C,3,S6,1
15,62,10,120,60,39,"2,3",280800,84.24,C,3,S6,0
15,18,3,65,57,42,"1,2,3",155610,46.683,C,3,S6,1
15,73,11,111,80,68,"1,2,3",603840,181.152,C,3,S6,1
15,31,6,84,78,51,"1,2,3",334152,100.246,C,3,S6,0
15,7,1,100,44,37,"2,3",162800,48.84,A,1,S3,1
15,13,3,65,57,42,"1,2,3",155610,46.683,B,2,S5,1
15,50,9,73,49,40,"1,2,3",143080,42.924,B,2,S4,0
15,53,9,73,49,40,"1,2,3",143080,42.924,B,2,S5,1
15,10,2,90,78,55,"1,2,3",386100,115.83,B,2,S4,0
15,76,11,111,80,68,"1,2,3",603840,181.152,A,1,S3,1
15,3,1,100,44,37,"2,3",162800,48.84,A,1,S3,1
15,56,9,73,49,40,"1,2,3",143080,42.924,B,2,S5,1
15,59,10,120,60,39,"2,3",280800,84.24,A,1,S2,1
15,38,7,109,73,73,"1,2,3",580861,174.258,C,3,S6,1
15,21,4,85,58,41,"2,3",202130,60.639,B,2,S4,1
15,65,11,111,80,68,"1,2,3",603840,181.152,A,1,S1,1
15,35,6,84,78,51,"1,2,3",334152,100.246,A,1,S1,1
15,26,4,85,58,41,"2,3",202130,60.639,B,2,S4,1
15,94,15,83,71,43,"1,2,3",253399,76.02,B,2,S5,1
15,28,5,81,69,50,"1,2,3",279450,83.835,B,2,S4,1
15,64,11,111,80,68,"1,2,3",603840,181.152,B,2,S5,1
15,15,3,65,57,42,"1,2,3",155610,46.683,B,2,S4,1
15,22,4,85,58,41,"2,3",202130,60.639,B,2,S4,1
15,23,4,85,58,41,"2,3",202130,60.639,B,2,S4,0
15,43,7,109,73,73,"1,2,3",580861,174.258,A,1,S1,1
15,32,6,84,78,51,"1,2,3",334152,100.246,A,1,S2,1
15,1,1,100,44,37,"2,3",162800,48.84,A,1,S2,1
15,48,8,73,58,52,"1,2,3",220168,66.05,A,1,S2,0
15,81,13,71,70,59,"1,2,3",293230,87.969,A,1,S1,1
15,57,10,120,60,39,"2,3",280800,84.24,A,1,S1,1
15,90,14,93,78,33,3,239382,71.815,B,2,S5,1
15,9,2,90,78,55,"1,2,3",386100,115.83,A,1,S1,0
15,24,4,85,58,41,"2,3",202130,60.639,B,2,S4,1
15,85,13,71,70,59,"1,2,3",293230,87.969,B,2,S4,1
15,36,6,84,78,51,"1,2,3",334152,100.246,B,2,S5,1
15,82,13,71,70,59,"1,2,3",293230,87.969,B,2,S5,1
15,63,10,120,60,39,"2,3",280800,84.24,C,3,S6,1
15,29,5,81,69,50,"1,2,3",279450,83.835,A,1,S2,1
15,77,12,71,70,53,"1,2,3",263410,79.023,A,1,S2,1
15,54,9,73,49,40,"1,2,3",143080,42.924,A,1,S3,1
15,55,9,73,49,40,"1,2,3",143080,42.924,A,1,S1,1
15,25,4,85,58,41,"2,3",202130,60.639,A,1,S3,1
15,41,7,109,73,73,"1,2,3",580861,174.258,A,1,S2,1
15,11,2,90,78,55,"1,2,3",386100,115.83,C,3,S6,1
15,44,7,109,73,73,"1,2,3",580861,174.258,A,1,S1,1
15,72,11,111,80,68,"1,2,3",603840,181.152,A,1,S1,1
15,60,10,120,60,39,"2,3",280800,84.24,A,1,S3,1
15,71,11,111,80,68,"1,2,3",603840,181.152,C,3,S6,1
15,67,11,111,80,68,"1,2,3",603840,181.152,C,3,S6,1
15,78,12,71,70,53,"1,2,3",263410,79.023,A,1,S1,1
15,83,13,71,70,59,"1,2,3",293230,87.969,A,1,S1,1
15,27,5,81,69,50,"1,2,3",279450,83.835,A,1,S3,1
15,79,12,71,70,53,"1,2,3",263410,79.023,A,1,S1,1
15,30,5,81,69,50,"1,2,3",279450,83.835,A,1,S3,1
15,51,9,73,49,40,"1,2,3",143080,42.924,A,1,S1,1
15,20,4,85,58,41,"2,3",202130,60.639,A,1,S3,1
15,66,11,111,80,68,"1,2,3",603840,181.152,C,3,S6,1
15,61,10,120,60,39,"2,3",280800,84.24,C,3,S6,1
15,95,15,83,71,43,"1,2,3",253399,76.02,C,3,S6,1
15,84,13,71,70,59,"1,2,3",293230,87.969,C,3,S6,1
15,75,11,111,80,68,"1,2,3",603840,181.152,C,3,S6,1
15,88,13,71,70,59,"1,2,3",293230,87.969,C,3,S6,1
15,52,9,73,49,40,"1,2,3",143080,42.924,C,3,S6,1
15,45,8,73,58,52,"1,2,3",220168,66.05,C,3,S6,1
15,37,6,84,78,51,"1,2,3",334152,100.246,C,3,S6,1
15,39,7,109,73,73,"1,2,3",580861,174.258,C,3,S6,1
15,2,1,100,44,37,"2,3",162800,48.84,C,3,S6,1
15,34,6,84,78,51,"1,2,3",334152,100.246,C,3,S6,1
15,70,11,111,80,68,"1,2,3",603840,181.152,C,3,S6,1
15,92,15,83,71,43,"1,2,3",253399,76.02,C,3,S6,1
16,99,13,74,30,27,"2,3",59940,17.982,A,1,S2,1
16,35,4,98,57,38,"2,3",212268,63.68,A,1,S3,1
16,16,2,97,76,40,"2,3",294880,88.464,B,2,S5,1
16,36,4,98,57,38,"2,3",212268,63.68,A,1,S2,1
16,61,8,93,71,43,"2,3",283929,85.179,A,1,S1,1
16,108,13,74,30,27,"2,3",59940,17.982,A,1,S1,1
16,41,5,73,71,27,3,139941,41.982,C,3,S6,1
16,104,13,74,30,27,"2,3",59940,17.982,C,3,S6,1
16,17,2,97,76,40,"2,3",294880,88.464,C,3,S6,1
16,46,6,66,56,41,"1,2,3",151536,45.461,A,1,S2,1
16,30,4,98,57,38,"2,3",212268,63.68,A,1,S3,0
16,74,10,88,72,68,"1,2,3",430848,129.254,A,1,S3,1
16,93,12,100,83,69,"1,2,3",572700,171.81,A,1,S1,1
16,77,10,88,72,68,"1,2,3",430848,129.254,A,1,S3,1
16,70,9,95,35,28,"2,3",93100,27.93,A,1,S1,1
16,3,1,43,40,39,"1,2,3",67080,20.124,C,3,S6,0
16,23,3,67,63,47,"1,2,3",198387,59.516,C,3,S6,1
16,101,13,74,30,27,"2,3",59940,17.982,C,3,S6,1
16,31,4,98,57,38,"2,3",212268,63.68,B,2,S4,1
16,94,12,100,83,69,"1,2,3",572700,171.81,C,3,S6,1
16,37,5,73,71,27,3,139941,41.982,C,3,S6,1
16,57,8,93,71,43,"2,3",283929,85.179,C,3,S6,1
16,29,4,98,57,38,"2,3",212268,63.68,C,3,S6,1
16,72,10,88,72,68,"1,2,3",430848,129.254,A,1,S1,1
16,102,13,74,30,27,"2,3",59940,17.982,B,2,S4,1
16,44,6,66,56,41,"1,2,3",151536,45.461,B,2,S5,1
16,6,1,43,40,39,"1,2,3",67080,20.124,A,1,S3,1
16,119,15,63,38,32,"1,2,3",76608,22.982,C,3,S6,1
16,58,8,93,71,43,"2,3",283929,85.179,C,3,S6,1
16,43,6,66,56,41,"1,2,3",151536,45.461,C,3,S6,0
16,114,14,82,64,61,"1,2,3",320128,96.038,B,2,S4,1
16,115,14,82,64,61,"1,2,3",320128,96.038,A,1,S1,1
16,73,10,88,72,68,"1,2,3",430848,129.254,B,2,S4,1
16,38,5,73,71,27,3,139941,41.982,A,1,S1,1
16,52,7,82,75,72,"1,2,3",442800,132.84,C,3,S6,1
16,13,2,97,76,40,"2,3",294880,88.464,B,2,S5,1
16,9,1,43,40,39,"1,2,3",67080,20.124,A,1,S2,1
16,68,9,95,35,28,"2,3",93100,27.93,A,1,S3,1
16,24,3,67,63,47,"1,2,3",198387,59.516,B,2,S4,1
16,122,15,63,38,32,"1,2,3",76608,22.982,C,3,S6,1
16,120,15,63,38,32,"1,2,3",76608,22.982,B,2,S4,1
16,28,4,98,57,38,"2,3",212268,63.68,B,2,S5,0
16,92,12,100,83,69,"1,2,3",572700,171.81,A,1,S3,0
16,42,6,66,56,41,"1,2,3",151536,45.461,C,3,S6,1
16,106,13,74,30,27,"2,3",59940,17.982,B,2,S5,1
16,96,12,100,83,69,"1,2,3",572700,171.81,C,3,S6,1
16,27,3,67,63,47,"1,2,3",198387,59.516,B,2,S5,1
16,56,8,93,71,43,"2,3",283929,85.179,B,2,S4,0
16,107,13,74,30,27,"2,3",59940,17.982,B,2,S4,0
16,7,1,43,40,39,"1,2,3",67080,20.124,B,2,S4,1
16,54,7,82,75,72,"1,2,3",442800,132.84,B,2,S4,1
16,100,13,74,30,27,"2,3",59940,17.982,A,1,S1,1
16,79,11,88,85,35,3,261800,78.54,A,1,S2,1
16,1,1,43,40,39,"1,2,3",67080,20.124,A,1,S3,1
16,20,2,97,76,40,"2,3",294880,88.464,A,1,S3,1
16,64,8,93,71,43,"2,3",283929,85.179,B,2,S4,1
16,26,3,67,63,47,"1,2,3",198387,59.516,B,2,S4,1
16,60,8,93,71,43,"2,3",283929,85.179,C,3,S6,1
16,71,10,88,72,68,"1,2,3",430848,129.254,B,2,S5,1
16,117,14,82,64,61,"1,2,3",320128,96.038,A,1,S3,1
16,18,2,97,76,40,"2,3",294880,88.464,A,1,S3,1
16,10,1,43,40,39,"1,2,3",67080,20.124,C,3,S6,1
16,118,15,63,38,32,"1,2,3",76608,22.982,C,3,S6,1
16,45,6,66,56,41,"1,2,3",151536,45.461,C,3,S6,1
16,14,2,97,76,40,"2,3",294880,88.464,B,2,S5,1
16,98,13,74,30,27,"2,3",59940,17.982,B,2,S5,1
16,53,7,82,75,72,"1,2,3",442800,132.84,C,3,S6,1
16,40,5,73,71,27,3,139941,41.982,A,1,S3,1
16,49,7,82,75,72,"1,2,3",442800,132.84,A,1,S1,0
16,69,9,95,35,28,"2,3",93100,27.93,A,1,S1,1
16,65,8,93,71,43,"2,3",283929,85.179,A,1,S2,1
16,39,5,73,71,27,3,139941,41.982,A,1,S1,1
16,103,13,74,30,27,"2,3",59940,17.982,A,1,S3,1
16,80,11,88,85,35,3,261800,78.54,B,2,S4,1
16,22,3,67,63,47,"1,2,3",198387,59.516,B,2,S5,1
16,112,14,82,64,61,"1,2,3",320128,96.038,B,2,S4,1
16,25,3,67,63,47,"1,2,3",198387,59.516,B,2,S5,1
16,67,9,95,35,28,"2,3",93100,27.93,A,1,S3,1
16,11,2,97,76,40,"2,3",294880,88.464,A,1,S3,1
16,76,10,88,72,68,"1,2,3",430848,129.254,A,1,S3,1
16,51,7,82,75,72,"1,2,3",442800,132.84,C,3,S6,1
16,113,14,82,64,61,"1,2,3",320128,96.038,C,3,S6,1
16,12,2,97,76,40,"2,3",294880,88.464,C,3,S6,1
16,15,2,97,76,40,"2,3",294880,88.464,B,2,S4,1
16,2,1,43,40,39,"1,2,3",67080,20.124,B,2,S4,1
16,21,2,97,76,40,"2,3",294880,88.464,B,2,S4,1
16,85,11,88,85,35,3,261800,78.54,A,1,S3,1
16,75,10,88,72,68,"1,2,3",430848,129.254,A,1,S3,1
16,111,13,74,30,27,"2,3",59940,17.982,A,1,S1,0
16,109,13,74,30,27,"2,3",59940,17.982,A,1,S1,1
16,33,4,98,57,38,"2,3",212268,63.68,A,1,S3,1
16,97,13,74,30,27,"2,3",59940,17.982,C,3,S6,1
16,88,12,100,83,69,"1,2,3",572700,171.81,A,1,S2,1
16,59,8,93,71,43,"2,3",283929,85.179,A,1,S1,1
16,78,11,88,85,35,3,261800,78.54,B,2,S4,1
16,34,4,98,57,38,"2,3",212268,63.68,B,2,S4,1
16,19,2,97,76,40,"2,3",294880,88.464,B,2,S4,1
16,83,11,88,85,35,3,261800,78.54,A,1,S3,0
16,86,12,100,83,69,"1,2,3",572700,171.81,A,1,S1,1
16,116,14,82,64,61,"1,2,3",320128,96.038,A,1,S1,1
16,4,1,43,40,39,"1,2,3",67080,20.124,A,1,S3,1
16,87,12,100,83,69,"1,2,3",572700,171.81,C,3,S6,1
16,121,15,63,38,32,"1,2,3",76608,22.982,A,1,S1,1
16,81,11,88,85,35,3,261800,78.54,C,3,S6,1
16,47,6,66,56,41,"1,2,3",151536,45.461,C,3,S6,1
16,105,13,74,30,27,"2,3",59940,17.982,A,1,S3,1
16,5,1,43,40,39,"1,2,3",67080,20.124,C,3,S6,1
16,62,8,93,71,43,"2,3",283929,85.179,A,1,S2,1
16,110,13,74,30,27,"2,3",59940,17.982,A,1,S3,1
16,32,4,98,57,38,"2,3",212268,63.68,A,1,S1,1
16,95,12,100,83,69,"1,2,3",572700,171.81,B,2,S5,1
16,55,7,82,75,72,"1,2,3",442800,132.84,B,2,S4,1
16,50,7,82,75,72,"1,2,3",442800,132.84,B,2,S4,1
16,84,11,88,85,35,3,261800,78.54,B,2,S5,1
16,8,1,43,40,39,"1,2,3",67080,20.124,B,2,S4,1
16,90,12,100,83,69,"1,2,3",572700,171.81,B,2,S5,0
16,48,6,66,56,41,"1,2,3",151536,45.461,B,2,S5,1
16,89,12,100,83,69,"1,2,3",572700,171.81,B,2,S4,0
16,82,11,88,85,35,3,261800,78.54,B,2,S5,1
16,63,8,93,71,43,"2,3",283929,85.179,B,2,S5,1
16,91,12,100,83,69,"1,2,3",572700,171.81,B,2,S5,1
16,66,9,95,35,28,"2,3",93100,27.93,B,2,S4,1
17,75,9,98,59,44,"2,3",254408,76.322,B,2,S4,1
17,79,10,76,55,43,"1,2,3",179740,53.922,A,1,S2,1
17,27,3,78,30,22,"2,3",51480,15.444,A,1,S1,1
17,106,13,89,66,43,"2,3",252582,75.775,A,1,S2,1
17,97,12,94,40,25,"2,3",94000,28.2,A,1,S1,1
17,50,6,119,81,65,"1,2,3",626535,187.96,B,2,S4,1
17,98,12,94,40,25,"2,3",94000,28.2,B,2,S4,1
17,114,15,70,43,34,"2,3",102340,30.702,B,2,S4,1
17,13,2,75,66,47,"1,2,3",232650,69.795,A,1,S1,0
17,85,10,76,55,43,"1,2,3",179740,53.922,A,1,S3,1
17,3,1,72,49,35,"2,3",123480,37.044,B,2,S5,1
17,51,7,91,77,36,3,252252,75.676,B,2,S5,1
17,76,9,98,59,44,"2,3",254408,76.322,B,2,S5,0
17,68,9,98,59,44,"2,3",254408,76.322,B,2,S4,1
17,43,6,119,81,65,"1,2,3",626535,187.96,A,1,S3,1
17,117,15,70,43,34,"2,3",102340,30.702,A,1,S3,0
17,29,4,119,79,79,"1,2,3",742679,222.804,C,3,S6,1
17,111,14,119,55,50,"2,3",327250,98.175,C,3,S6,1
17,47,6,119,81,65,"1,2,3",626535,187.96,C,3,S6,1
17,73,9,98,59,44,"2,3",254408,76.322,B,2,S5,1
17,56,7,91,77,36,3,252252,75.676,A,1,S2,1
17,48,6,119,81,65,"1,2,3",626535,187.96,C,3,S6,1
17,42,5,76,65,62,"1,2,3",306280,91.884,C,3,S6,1
17,38,5,76,65,62,"1,2,3",306280,91.884,B,2,S5,1
17,61,8,113,89,27,3,271539,81.462,A,1,S1,1
17,72,9,98,59,44,"2,3",254408,76.322,C,3,S6,1
17,96,12,94,40,25,"2,3",94000,28.2,C,3,S6,1
17,21,3,78,30,22,"2,3",51480,15.444,C,3,S6,1
17,110,14,119,55,50,"2,3",327250,98.175,C,3,S6,1
17,102,13,89,66,43,"2,3",252582,75.775,A,1,S3,1
17,7,1,72,49,35,"2,3",123480,37.044,B,2,S4,1
17,26,3,78,30,22,"2,3",51480,15.444,A,1,S3,1
17,70,9,98,59,44,"2,3",254408,76.322,A,1,S3,1
17,14,2,75,66,47,"1,2,3",232650,69.795,A,1,S3,1
17,17,2,75,66,47,"1,2,3",232650,69.795,B,2,S5,1
17,39,5,76,65,62,"1,2,3",306280,91.884,A,1,S3,1
17,115,15,70,43,34,"2,3",102340,30.702,A,1,S2,1
17,20,3,78,30,22,"2,3",51480,15.444,A,1,S3,1
17,19,2,75,66,47,"1,2,3",232650,69.795,A,1,S3,1
17,63,8,113,89,27,3,271539,81.462,B,2,S4,0
17,35,5,76,65,62,"1,2,3",306280,91.884,B,2,S5,0
17,88,11,58,51,31,"1,2,3",91698,27.509,A,1,S1,1
17,77,9,98,59,44,"2,3",254408,76.322,B,2,S5,1
17,118,15,70,43,34,"2,3",102340,30.702,B,2,S5,1
17,116,15,70,43,34,"2,3",102340,30.702,B,2,S4,1
17,86,11,58,51,31,"1,2,3",91698,27.509,B,2,S5,1
17,84,10,76,55,43,"1,2,3",179740,53.922,B,2,S4,1
17,104,13,89,66,43,"2,3",252582,75.775,A,1,S2,0
17,28,4,119,79,79,"1,2,3",742679,222.804,A,1,S1,0
17,4,1,72,49,35,"2,3",123480,37.044,A,1,S3,1
17,23,3,78,30,22,"2,3",51480,15.444,A,1,S3,1
17,33,4,119,79,79,"1,2,3",742679,222.804,A,1,S2,1
17,9,1,72,49,35,"2,3",123480,37.044,A,1,S2,1
17,113,15,70,43,34,"2,3",102340,30.702,B,2,S4,1
17,5,1,72,49,35,"2,3",123480,37.044,A,1,S2,1
17,90,11,58,51,31,"1,2,3",91698,27.509,A,1,S1,1
17,15,2,75,66,47,"1,2,3",232650,69.795,A,1,S2,1
17,108,13,89,66,43,"2,3",252582,75.775,A,1,S1,1
17,34,5,76,65,62,"1,2,3",306280,91.884,A,1,S2,1
17,49,6,119,81,65,"1,2,3",626535,187.96,B,2,S4,1
17,112,14,119,55,50,"2,3",327250,98.175,B,2,S4,1
17,109,14,119,55,50,"2,3",327250,98.175,A,1,S1,1
17,44,6,119,81,65,"1,2,3",626535,187.96,A,1,S3,1
17,89,11,58,51,31,"1,2,3",91698,27.509,A,1,S2,1
17,58,7,91,77,36,3,252252,75.676,A,1,S3,1
17,6,1,72,49,35,"2,3",123480,37.044,A,1,S1,1
17,119,15,70,43,34,"2,3",102340,30.702,B,2,S5,1
17,45,6,119,81,65,"1,2,3",626535,187.96,B,2,S4,1
17,81,10,76,55,43,"1,2,3",179740,53.922,A,1,S2,1
17,1,1,72,49,35,"2,3",123480,37.044,A,1,S1,1
17,25,3,78,30,22,"2,3",51480,15.444,B,2,S4,1
17,94,12,94,40,25,"2,3",94000,28.2,A,1,S2,1
17,52,7,91,77,36,3,252252,75.676,A,1,S3,1
17,16,2,75,66,47,"1,2,3",232650,69.795,B,2,S4,1
17,69,9,98,59,44,"2,3",254408,76.322,B,2,S4,1
17,80,10,76,55,43,"1,2,3",179740,53.922,B,2,S4,1
17,83,10,76,55,43,"1,2,3",179740,53.922,B,2,S4,1
17,62,8,113,89,27,3,271539,81.462,A,1,S2,1
17,18,2,75,66,47,"1,2,3",232650,69.795,A,1,S1,1
17,66,8,113,89,27,3,271539,81.462,B,2,S5,1
17,105,13,89,66,43,"2,3",252582,75.775,B,2,S5,1
17,2,1,72,49,35,"2,3",123480,37.044,C,3,S6,1
17,64,8,113,89,27,3,271539,81.462,A,1,S3,1
17,71,9,98,59,44,"2,3",254408,76.322,A,1,S3,0
17,107,13,89,66,43,"2,3",252582,75.775,B,2,S4,0
17,93,11,58,51,31,"1,2,3",91698,27.509,B,2,S4,1
17,8,1,72,49,35,"2,3",123480,37.044,C,3,S6,1
17,74,9,98,59,44,"2,3",254408,76.322,A,1,S2,1
17,22,3,78,30,22,"2,3",51480,15.444,A,1,S2,1
17,95,12,94,40,25,"2,3",94000,28.2,B,2,S4,0
17,31,4,119,79,79,"1,2,3",742679,222.804,C,3,S6,1
17,10,1,72,49,35,"2,3",123480,37.044,B,2,S4,1
17,11,2,75,66,47,"1,2,3",232650,69.795,B,2,S4,1
17,120,15,70,43,34,"2,3",102340,30.702,B,2,S4,1
17,99,12,94,40,25,"2,3",94000,28.2,A,1,S1,1
17,41,5,76,65,62,"1,2,3",306280,91.884,B,2,S4,1
17,53,7,91,77,36,3,252252,75.676,C,3,S6,1
17,101,12,94,40,25,"2,3",94000,28.2,A,1,S1,1
17,12,2,75,66,47,"1,2,3",232650,69.795,A,1,S3,1
17,82,10,76,55,43,"1,2,3",179740,53.922,A,1,S3,1
17,40,5,76,65,62,"1,2,3",306280,91.884,C,3,S6,1
17,30,4,119,79,79,"1,2,3",742679,222.804,C,3,S6,1
17,92,11,58,51,31,"1,2,3",91698,27.509,B,2,S4,1
17,67,8,113,89,27,3,271539,81.462,B,2,S5,1
17,55,7,91,77,36,3,252252,75.676,B,2,S4,1
17,36,5,76,65,62,"1,2,3",306280,91.884,B,2,S4,1
17,37,5,76,65,62,"1,2,3",306280,91.884,C,3,S6,1
17,65,8,113,89,27,3,271539,81.462,C,3,S6,1
17,60,8,113,89,27,3,271539,81.462,C,3,S6,1
17,103,13,89,66,43,"2,3",252582,75.775,C,3,S6,1
17,46,6,119,81,65,"1,2,3",626535,187.96,C,3,S6,0
17,57,7,91,77,36,3,252252,75.676,C,3,S6,1
17,24,3,78,30,22,"2,3",51480,15.444,C,3,S6,0
17,59,8,113,89,27,3,271539,81.462,C,3,S6,1
17,121,15,70,43,34,"2,3",102340,30.702,C,3,S6,1
17,54,7,91,77,36,3,252252,75.676,C,3,S6,1
17,78,10,76,55,43,"1,2,3",179740,53.922,C,3,S6,1
17,87,11,58,51,31,"1,2,3",91698,27.509,C,3,S6,1
17,32,4,119,79,79,"1,2,3",742679,222.804,C,3,S6,1
17,100,12,94,40,25,"2,3",94000,28.2,C,3,S6,1
17,91,11,58,51,31,"1,2,3",91698,27.509,C,3,S6,1
18,53,10,113,83,76,"1,2,3",712804,213.841,B,2,S5,1
18,60,11,68,50,31,"2,3",105400,31.62,B,2,S4,1
18,81,14,86,36,29,"2,3",89784,26.935,B,2,S4,1
18,23,4,90,60,60,"1,2,3",324000,97.2,B,2,S4,0
18,28,5,79,53,41,"1,2,3",171667,51.5,B,2,S4,1
18,21,4,90,60,60,"1,2,3",324000,97.2,A,1,S2,1
18,43,8,73,42,32,"2,3",98112,29.434,A,1,S2,1
18,61,11,68,50,31,"2,3",105400,31.62,A,1,S1,1
18,77,13,104,60,26,3,162240,48.672,A,1,S2,0
18,44,8,73,42,32,"2,3",98112,29.434,A,1,S2,1
18,33,6,96,91,28,3,244608,73.382,A,1,S1,1
18,66,12,70,41,30,"2,3",86100,25.83,A,1,S2,1
18,25,4,90,60,60,"1,2,3",324000,97.2,A,1,S2,1
18,58,10,113,83,76,"1,2,3",712804,213.841,A,1,S3,1
18,52,10,113,83,76,"1,2,3",712804,213.841,A,1,S2,0
18,30,6,96,91,28,3,244608,73.382,A,1,S1,1
18,26,5,79,53,41,"1,2,3",171667,51.5,A,1,S3,1
18,36,7,100,90,79,"1,2,3",711000,213.3,A,1,S3,1
18,35,7,100,90,79,"1,2,3",711000,213.3,A,1,S2,1
18,42,8,73,42,32,"2,3",98112,29.434,B,2,S4,1
18,50,10,113,83,76,"1,2,3",712804,213.841,B,2,S5,1
18,85,15,114,31,29,"2,3",102486,30.746,B,2,S5,1
18,73,13,104,60,26,3,162240,48.672,B,2,S4,1
18,87,15,114,31,29,"2,3",102486,30.746,C,3,S6,1
18,40,7,100,90,79,"1,2,3",711000,213.3,B,2,S5,1
18,65,12,70,41,30,"2,3",86100,25.83,B,2,S4,1
18,41,7,100,90,79,"1,2,3",711000,213.3,B,2,S4,0
18,13,3,88,88,43,3,332992,99.898,B,2,S5,1
18,82,14,86,36,29,"2,3",89784,26.935,B,2,S4,1
18,62,11,68,50,31,"2,3",105400,31.62,A,1,S3,1
18,17,4,90,60,60,"1,2,3",324000,97.2,B,2,S5,1
18,84,15,114,31,29,"2,3",102486,30.746,C,3,S6,1
18,3,1,104,55,30,"2,3",171600,51.48,C,3,S6,1
18,69,12,70,41,30,"2,3",86100,25.83,B,2,S5,1
18,67,12,70,41,30,"2,3",86100,25.83,A,1,S2,1
18,74,13,104,60,26,3,162240,48.672,A,1,S1,1
18,79,13,104,60,26,3,162240,48.672,A,1,S1,1
18,51,10,113,83,76,"1,2,3",712804,213.841,C,3,S6,1
18,75,13,104,60,26,3,162240,48.672,C,3,S6,1
18,22,4,90,60,60,"1,2,3",324000,97.2,C,3,S6,1
18,70,12,70,41,30,"2,3",86100,25.83,A,1,S2,1
18,46,9,115,85,60,"1,2,3",586500,175.95,C,3,S6,1
18,20,4,90,60,60,"1,2,3",324000,97.2,C,3,S6,1
18,34,6,96,91,28,3,244608,73.382,B,2,S4,1
18,9,2,92,89,73,"1,2,3",597724,179.317,B,2,S4,1
18,63,11,68,50,31,"2,3",105400,31.62,B,2,S4,1
18,12,3,88,88,43,3,332992,99.898,B,2,S5,1
18,68,12,70,41,30,"2,3",86100,25.83,C,3,S6,1
18,76,13,104,60,26,3,162240,48.672,C,3,S6,1
18,37,7,100,90,79,"1,2,3",711000,213.3,B,2,S5,1
18,1,1,104,55,30,"2,3",171600,51.48,B,2,S5,1
18,5,2,92,89,73,"1,2,3",597724,179.317,B,2,S5,1
18,72,12,70,41,30,"2,3",86100,25.83,B,2,S4,1
18,6,2,92,89,73,"1,2,3",597724,179.317,A,1,S3,1
18,57,10,113,83,76,"1,2,3",712804,213.841,A,1,S2,1
18,24,4,90,60,60,"1,2,3",324000,97.2,A,1,S1,1
18,64,11,68,50,31,"2,3",105400,31.62,C,3,S6,1
18,2,1,104,55,30,"2,3",171600,51.48,B,2,S4,0
18,11,3,88,88,43,3,332992,99.898,A,1,S2,1
18,56,10,113,83,76,"1,2,3",712804,213.841,A,1,S2,1
18,39,7,100,90,79,"1,2,3",711000,213.3,A,1,S2,1
18,78,13,104,60,26,3,162240,48.672,A,1,S1,1
18,31,6,96,91,28,3,244608,73.382,A,1,S1,1
18,10,2,92,89,73,"1,2,3",597724,179.317,B,2,S5,1
18,14,3,88,88,43,3,332992,99.898,C,3,S6,0
18,7,2,92,89,73,"1,2,3",597724,179.317,B,2,S5,1
18,48,9,115,85,60,"1,2,3",586500,175.95,C,3,S6,1
18,55,10,113,83,76,"1,2,3",712804,213.841,B,2,S4,0
18,4,2,92,89,73,"1,2,3",597724,179.317,B,2,S5,1
18,49,9,115,85,60,"1,2,3",586500,175.95,B,2,S5,1
18,80,14,86,36,29,"2,3",89784,26.935,B,2,S5,1
18,16,3,88,88,43,3,332992,99.898,C,3,S6,1
18,83,14,86,36,29,"2,3",89784,26.935,A,1,S3,1
18,86,15,114,31,29,"2,3",102486,30.746,A,1,S3,1
18,29,5,79,53,41,"1,2,3",171667,51.5,A,1,S1,1
18,27,5,79,53,41,"1,2,3",171667,51.5,A,1,S1,1
18,32,6,96,91,28,3,244608,73.382,C,3,S6,1
18,54,10,113,83,76,"1,2,3",712804,213.841,C,3,S6,1
18,71,12,70,41,30,"2,3",86100,25.83,A,1,S3,0
18,19,4,90,60,60,"1,2,3",324000,97.2,C,3,S6,1
18,59,10,113,83,76,"1,2,3",712804,213.841,A,1,S1,1
18,38,7,100,90,79,"1,2,3",711000,213.3,A,1,S1,1
18,88,15,114,31,29,"2,3",102486,30.746,A,1,S2,1
18,47,9,115,85,60,"1,2,3",586500,175.95,C,3,S6,1
18,45,9,115,85,60,"1,2,3",586500,175.95,C,3,S6,1
18,8,2,92,89,73,"1,2,3",597724,179.317,C,3,S6,0
18,15,3,88,88,43,3,332992,99.898,C,3,S6,1
18,18,4,90,60,60,"1,2,3",324000,97.2,C,3,S6,1
19,63,9,79,76,71,"1,2,3",426284,127.885,C,3,S6,0
19,39,6,63,52,35,"1,2,3",114660,34.398,C,3,S6,1
19,36,5,83,79,43,"1,2,3",281951,84.585,A,1,S2,1
19,68,9,79,76,71,"1,2,3",426284,127.885,A,1,S1,1
19,11,1,60,45,26,"2,3",70200,21.06,C,3,S6,1
19,127,15,93,68,25,3,158100,47.43,C,3,S6,0
19,33,5,83,79,43,"1,2,3",281951,84.585,C,3,S6,1
19,82,11,95,70,23,3,152950,45.885,C,3,S6,1
19,18,2,71,43,39,"1,2,3",119067,35.72,B,2,S5,1
19,47,7,54,33,20,"2,3",35640,10.692,B,2,S5,1
19,8,1,60,45,26,"2,3",70200,21.06,C,3,S6,1
19,98,12,101,57,42,"2,3",241794,72.538,B,2,S4,1
19,42,6,63,52,35,"1,2,3",114660,34.398,A,1,S3,1
19,57,8,62,57,51,"1,2,3",180234,54.07,C,3,S6,1
19,131,15,93,68,25,3,158100,47.43,C,3,S6,1
19,76,10,91,81,48,"1,2,3",353808,106.142,C,3,S6,1
19,27,4,61,41,40,"1,2,3",100040,30.012,C,3,S6,1
19,103,13,119,76,61,"1,2,3",551684,165.505,A,1,S2,1
19,24,3,99,71,64,"1,2,3",449856,134.957,A,1,S2,1
19,49,7,54,33,20,"2,3",35640,10.692,A,1,S3,1
19,89,11,95,70,23,3,152950,45.885,A,1,S3,1
19,100,13,119,76,61,"1,2,3",551684,165.505,A,1,S1,0
19,19,2,71,43,39,"1,2,3",119067,35.72,C,3,S6,1
19,26,4,61,41,40,"1,2,3",100040,30.012,C,3,S6,1
19,88,11,95,70,23,3,152950,45.885,C,3,S6,1
19,62,9,79,76,71,"1,2,3",426284,127.885,C,3,S6,1
19,109,13,119,76,61,"1,2,3",551684,165.505,A,1,S2,0
19,3,1,60,45,26,"2,3",70200,21.06,B,2,S4,1
19,93,12,101,57,42,"2,3",241794,72.538,A,1,S3,1
19,44,6,63,52,35,"1,2,3",114660,34.398,A,1,S2,1
19,92,11,95,70,23,3,152950,45.885,A,1,S3,1
19,69,9,79,76,71,"1,2,3",426284,127.885,C,3,S6,1
19,45,6,63,52,35,"1,2,3",114660,34.398,C,3,S6,1
19,53,7,54,33,20,"2,3",35640,10.692,C,3,S6,1
19,70,9,79,76,71,"1,2,3",426284,127.885,C,3,S6,1
19,99,13,119,76,61,"1,2,3",551684,165.505,C,3,S6,0
19,15,2,71,43,39,"1,2,3",119067,35.72,C,3,S6,1
19,81,11,95,70,23,3,152950,45.885,C,3,S6,1
19,12,2,71,43,39,"1,2,3",119067,35.72,B,2,S5,1
19,96,12,101,57,42,"2,3",241794,72.538,B,2,S4,1
19,80,11,95,70,23,3,152950,45.885,B,2,S5,1
19,71,9,79,76,71,"1,2,3",426284,127.885,A,1,S1,1
19,9,1,60,45,26,"2,3",70200,21.06,A,1,S2,1
19,66,9,79,76,71,"1,2,3",426284,127.885,A,1,S3,1
19,86,11,95,70,23,3,152950,45.885,A,1,S3,1
19,115,14,78,54,22,3,92664,27.799,B,2,S5,1
19,59,9,79,76,71,"1,2,3",426284,127.885,B,2,S5,1
19,114,14,78,54,22,3,92664,27.799,B,2,S5,1
19,46,6,63,52,35,"1,2,3",114660,34.398,A,1,S1,1
19,110,13,119,76,61,"1,2,3",551684,165.505,A,1,S3,1
19,58,8,62,57,51,"1,2,3",180234,54.07,A,1,S1,1
19,10,1,60,45,26,"2,3",70200,21.06,A,1,S2,1
19,38,6,63,52,35,"1,2,3",114660,34.398,A,1,S2,1
19,78,10,91,81,48,"1,2,3",353808,106.142,A,1,S1,1
19,75,10,91,81,48,"1,2,3",353808,106.142,A,1,S1,1
19,104,13,119,76,61,"1,2,3",551684,165.505,A,1,S2,1
19,28,4,61,41,40,"1,2,3",100040,30.012,A,1,S3,1
19,118,14,78,54,22,3,92664,27.799,A,1,S2,1
19,60,9,79,76,71,"1,2,3",426284,127.885,A,1,S3,0
19,6,1,60,45,26,"2,3",70200,21.06,C,3,S6,1
19,14,2,71,43,39,"1,2,3",119067,35.72,B,2,S4,1
19,64,9,79,76,71,"1,2,3",426284,127.885,B,2,S5,1
19,61,9,79,76,71,"1,2,3",426284,127.885,B,2,S5,1
19,73,10,91,81,48,"1,2,3",353808,106.142,B,2,S5,0
19,111,13,119,76,61,"1,2,3",551684,165.505,B,2,S4,1
19,84,11,95,70,23,3,152950,45.885,C,3,S6,1
19,16,2,71,43,39,"1,2,3",119067,35.72,A,1,S3,1
19,116,14,78,54,22,3,92664,27.799,B,2,S5,1
19,112,14,78,54,22,3,92664,27.799,A,1,S3,0
19,13,2,71,43,39,"1,2,3",119067,35.72,A,1,S2,1
19,30,4,61,41,40,"1,2,3",100040,30.012,A,1,S1,1
19,130,15,93,68,25,3,158100,47.43,B,2,S5,1
19,21,3,99,71,64,"1,2,3",449856,134.957,B,2,S4,1
19,97,12,101,57,42,"2,3",241794,72.538,B,2,S5,1
19,94,12,101,57,42,"2,3",241794,72.538,B,2,S4,1
19,52,7,54,33,20,"2,3",35640,10.692,B,2,S5,1
19,23,3,99,71,64,"1,2,3",449856,134.957,B,2,S5,1
19,50,7,54,33,20,"2,3",35640,10.692,A,1,S3,1
19,17,2,71,43,39,"1,2,3",119067,35.72,C,3,S6,1
19,55,8,62,57,51,"1,2,3",180234,54.07,C,3,S6,1
19,124,15,93,68,25,3,158100,47.43,C,3,S6,1
19,7,1,60,45,26,"2,3",70200,21.06,B,2,S4,1
19,126,15,93,68,25,3,158100,47.43,C,3,S6,1
19,125,15,93,68,25,3,158100,47.43,C,3,S6,1
19,79,11,95,70,23,3,152950,45.885,A,1,S1,1
19,25,3,99,71,64,"1,2,3",449856,134.957,A,1,S1,0
19,132,15,93,68,25,3,158100,47.43,B,2,S4,1
19,72,10,91,81,48,"1,2,3",353808,106.142,B,2,S5,1
19,105,13,119,76,61,"1,2,3",551684,165.505,B,2,S4,1
19,56,8,62,57,51,"1,2,3",180234,54.07,A,1,S1,1
19,74,10,91,81,48,"1,2,3",353808,106.142,A,1,S3,1
19,22,3,99,71,64,"1,2,3",449856,134.957,B,2,S4,1
19,43,6,63,52,35,"1,2,3",114660,34.398,C,3,S6,1
19,41,6,63,52,35,"1,2,3",114660,34.398,C,3,S6,1
19,77,10,91,81,48,"1,2,3",353808,106.142,C,3,S6,1
19,122,15,93,68,25,3,158100,47.43,A,1,S2,1
19,67,9,79,76,71,"1,2,3",426284,127.885,A,1,S2,1
19,129,15,93,68,25,3,158100,47.43,A,1,S1,1
19,20,2,71,43,39,"1,2,3",119067,35.72,A,1,S1,1
19,4,1,60,45,26,"2,3",70200,21.06,A,1,S3,1
19,2,1,60,45,26,"2,3",70200,21.06,B,2,S5,1
19,5,1,60,45,26,"2,3",70200,21.06,B,2,S5,0
19,107,13,119,76,61,"1,2,3",551684,165.505,B,2,S4,1
19,120,14,78,54,22,3,92664,27.799,A,1,S1,1
19,31,4,61,41,40,"1,2,3",100040,30.012,C,3,S6,1
19,87,11,95,70,23,3,152950,45.885,B,2,S5,1
19,54,8,62,57,51,"1,2,3",180234,54.07,A,1,S3,1
19,102,13,119,76,61,"1,2,3",551684,165.505,A,1,S2,1
19,108,13,119,76,61,"1,2,3",551684,165.505,A,1,S3,1
19,40,6,63,52,35,"1,2,3",114660,34.398,A,1,S3,1
19,34,5,83,79,43,"1,2,3",281951,84.585,B,2,S5,1
19,85,11,95,70,23,3,152950,45.885,B,2,S4,1
19,113,14,78,54,22,3,92664,27.799,B,2,S4,1
19,35,5,83,79,43,"1,2,3",281951,84.585,B,2,S4,1
19,37,5,83,79,43,"1,2,3",281951,84.585,A,1,S3,1
19,65,9,79,76,71,"1,2,3",426284,127.885,B,2,S5,0
19,29,4,61,41,40,"1,2,3",100040,30.012,B,2,S5,1
19,123,15,93,68,25,3,158100,47.43,A,1,S3,1
19,48,7,54,33,20,"2,3",35640,10.692,A,1,S1,1
19,1,1,60,45,26,"2,3",70200,21.06,B,2,S4,1
19,51,7,54,33,20,"2,3",35640,10.692,B,2,S5,1
19,95,12,101,57,42,"2,3",241794,72.538,B,2,S4,0
19,101,13,119,76,61,"1,2,3",551684,165.505,A,1,S1,1
19,91,11,95,70,23,3,152950,45.885,A,1,S1,1
19,83,11,95,70,23,3,152950,45.885,A,1,S2,1
19,128,15,93,68,25,3,158100,47.43,A,1,S2,1
19,117,14,78,54,22,3,92664,27.799,B,2,S4,1
19,106,13,119,76,61,"1,2,3",551684,165.505,B,2,S4,0
19,119,14,78,54,22,3,92664,27.799,B,2,S5,1
19,90,11,95,70,23,3,152950,45.885,B,2,S5,1
19,32,5,83,79,43,"1,2,3",281951,84.585,B,2,S5,1
19,121,14,78,54,22,3,92664,27.799,B,2,S4,1
20,122,14,112,70,51,"2,3",399840,119.952,A,1,S2,1
20,78,9,58,43,31,"1,2,3",77314,23.194,A,1,S3,1
20,115,13,97,43,32,"2,3",133472,40.042,A,1,S1,1
20,86,10,99,80,48,"2,3",380160,114.048,A,1,S2,1
20,103,11,89,68,39,"2,3",236028,70.808,A,1,S3,1
20,45,5,86,56,34,"2,3",163744,49.123,C,3,S6,1
20,22,3,109,53,24,3,138648,41.594,A,1,S3,1
20,25,3,109,53,24,3,138648,41.594,A,1,S1,1
20,31,3,109,53,24,3,138648,41.594,C,3,S6,1
20,14,2,81,69,69,"1,2,3",385641,115.692,C,3,S6,1
20,8,2,81,69,69,"1,2,3",385641,115.692,C,3,S6,1
20,12,2,81,69,69,"1,2,3",385641,115.692,C,3,S6,1
20,15,2,81,69,69,"1,2,3",385641,115.692,B,2,S5,1
20,3,1,97,77,66,"1,2,3",492954,147.886,A,1,S1,1
20,74,8,82,69,42,"1,2,3",237636,71.291,B,2,S5,1
20,7,2,81,69,69,"1,2,3",385641,115.692,B,2,S5,1
20,62,7,109,42,22,"2,3",100716,30.215,B,2,S4,1
20,17,2,81,69,69,"1,2,3",385641,115.692,A,1,S1,0
20,98,11,89,68,39,"2,3",236028,70.808,C,3,S6,1
20,47,5,86,56,34,"2,3",163744,49.123,B,2,S4,0
20,117,13,97,43,32,"2,3",133472,40.042,B,2,S4,1
20,28,3,109,53,24,3,138648,41.594,A,1,S1,1
20,109,12,74,53,40,"1,2,3",156880,47.064,B,2,S5,1
20,44,5,86,56,34,"2,3",163744,49.123,B,2,S4,1
20,10,2,81,69,69,"1,2,3",385641,115.692,B,2,S4,1
20,119,13,97,43,32,"2,3",133472,40.042,B,2,S4,1
20,67,7,109,42,22,"2,3",100716,30.215,B,2,S4,1
20,100,11,89,68,39,"2,3",236028,70.808,C,3,S6,1
20,85,10,99,80,48,"2,3",380160,114.048,A,1,S1,0
20,21,3,109,53,24,3,138648,41.594,C,3,S6,1
20,63,7,109,42,22,"2,3",100716,30.215,B,2,S5,1
20,105,11,89,68,39,"2,3",236028,70.808,B,2,S4,1
20,112,13,97,43,32,"2,3",133472,40.042,A,1,S2,1
20,58,7,109,42,22,"2,3",100716,30.215,B,2,S4,1
20,43,5,86,56,34,"2,3",163744,49.123,B,2,S5,1
20,66,7,109,42,22,"2,3",100716,30.215,A,1,S2,1
20,107,12,74,53,40,"1,2,3",156880,47.064,A,1,S3,1
20,30,3,109,53,24,3,138648,41.594,A,1,S3,1
20,137,15,73,29,20,"2,3",42340,12.702,A,1,S1,1
20,99,11,89,68,39,"2,3",236028,70.808,C,3,S6,1
20,48,6,76,50,35,"2,3",133000,39.9,C,3,S6,1
20,133,15,73,29,20,"2,3",42340,12.702,A,1,S3,1
20,64,7,109,42,22,"2,3",100716,30.215,A,1,S2,1
20,127,14,112,70,51,"2,3",399840,119.952,B,2,S5,1
20,37,4,98,33,20,"2,3",64680,19.404,B,2,S4,1
20,35,4,98,33,20,"2,3",64680,19.404,B,2,S4,1
20,69,8,82,69,42,"1,2,3",237636,71.291,C,3,S6,1
20,79,9,58,43,31,"1,2,3",77314,23.194,B,2,S5,1
20,84,10,99,80,48,"2,3",380160,114.048,B,2,S4,1
20,126,14,112,70,51,"2,3",399840,119.952,B,2,S5,1
20,120,13,97,43,32,"2,3",133472,40.042,A,1,S3,1
20,16,2,81,69,69,"1,2,3",385641,115.692,B,2,S5,1
20,51,6,76,50,35,"2,3",133000,39.9,B,2,S4,1
20,20,3,109,53,24,3,138648,41.594,A,1,S2,1
20,96,11,89,68,39,"2,3",236028,70.808,A,1,S3,1
20,9,2,81,69,69,"1,2,3",385641,115.692,A,1,S2,1
20,80,9,58,43,31,"1,2,3",77314,23.194,B,2,S5,1
20,6,1,97,77,66,"1,2,3",492954,147.886,C,3,S6,1
20,27,3,109,53,24,3,138648,41.594,B,2,S4,1
20,139,15,73,29,20,"2,3",42340,12.702,B,2,S5,1
20,140,15,73,29,20,"2,3",42340,12.702,A,1,S2,1
20,134,15,73,29,20,"2,3",42340,12.702,C,3,S6,1
20,59,7,109,42,22,"2,3",100716,30.215,A,1,S1,1
20,4,1,97,77,66,"1,2,3",492954,147.886,A,1,S2,1
20,76,9,58,43,31,"1,2,3",77314,23.194,A,1,S2,1
20,53,6,76,50,35,"2,3",133000,39.9,B,2,S5,1
20,92,10,99,80,48,"2,3",380160,114.048,C,3,S6,0
20,138,15,73,29,20,"2,3",42340,12.702,C,3,S6,1
20,110,12,74,53,40,"1,2,3",156880,47.064,A,1,S1,1
20,72,8,82,69,42,"1,2,3",237636,71.291,B,2,S4,1
20,83,9,58,43,31,"1,2,3",77314,23.194,B,2,S4,1
20,116,13,97,43,32,"2,3",133472,40.042,B,2,S5,1
20,135,15,73,29,20,"2,3",42340,12.702,A,1,S3,1
20,41,4,98,33,20,"2,3",64680,19.404,A,1,S3,1
20,57,6,76,50,35,"2,3",133000,39.9,A,1,S1,1
20,68,8,82,69,42,"1,2,3",237636,71.291,C,3,S6,1
20,93,10,99,80,48,"2,3",380160,114.048,C,3,S6,1
20,108,12,74,53,40,"1,2,3",156880,47.064,B,2,S4,1
20,101,11,89,68,39,"2,3",236028,70.808,A,1,S1,0
20,49,6,76,50,35,"2,3",133000,39.9,C,3,S6,1
20,24,3,109,53,24,3,138648,41.594,C,3,S6,1
20,128,14,112,70,51,"2,3",399840,119.952,B,2,S5,1
20,60,7,109,42,22,"2,3",100716,30.215,B,2,S4,1
20,81,9,58,43,31,"1,2,3",77314,23.194,B,2,S4,1
20,102,11,89,68,39,"2,3",236028,70.808,C,3,S6,1
20,89,10,99,80,48,"2,3",380160,114.048,B,2,S4,1
20,121,14,112,70,51,"2,3",399840,119.952,B,2,S5,1
20,114,13,97,43,32,"2,3",133472,40.042,A,1,S2,1
20,106,12,74,53,40,"1,2,3",156880,47.064,B,2,S5,0
20,95,11,89,68,39,"2,3",236028,70.808,B,2,S5,1
20,71,8,82,69,42,"1,2,3",237636,71.291,B,2,S4,1
20,54,6,76,50,35,"2,3",133000,39.9,A,1,S1,1
20,97,11,89,68,39,"2,3",236028,70.808,A,1,S2,1
20,33,4,98,33,20,"2,3",64680,19.404,A,1,S3,1
20,125,14,112,70,51,"2,3",399840,119.952,A,1,S2,1
20,88,10,99,80,48,"2,3",380160,114.048,A,1,S2,1
20,18,2,81,69,69,"1,2,3",385641,115.692,A,1,S1,1
20,123,14,112,70,51,"2,3",399840,119.952,A,1,S2,1
20,42,5,86,56,34,"2,3",163744,49.123,A,1,S2,1
20,113,13,97,43,32,"2,3",133472,40.042,C,3,S6,1
20,124,14,112,70,51,"2,3",399840,119.952,C,3,S6,1
20,132,14,112,70,51,"2,3",399840,119.952,A,1,S1,1
20,131,14,112,70,51,"2,3",399840,119.952,C,3,S6,1
20,130,14,112,70,51,"2,3",399840,119.952,C,3,S6,0
20,77,9,58,43,31,"1,2,3",77314,23.194,C,3,S6,1
20,39,4,98,33,20,"2,3",64680,19.404,B,2,S5,1
20,34,4,98,33,20,"2,3",64680,19.404,B,2,S4,1
20,136,15,73,29,20,"2,3",42340,12.702,B,2,S5,1
20,52,6,76,50,35,"2,3",133000,39.9,A,1,S1,0
20,55,6,76,50,35,"2,3",133000,39.9,C,3,S6,1
20,50,6,76,50,35,"2,3",133000,39.9,C,3,S6,0
20,82,9,58,43,31,"1,2,3",77314,23.194,C,3,S6,1
20,87,10,99,80,48,"2,3",380160,114.048,C,3,S6,1
20,104,11,89,68,39,"2,3",236028,70.808,C,3,S6,1
20,32,4,98,33,20,"2,3",64680,19.404,C,3,S6,1
20,46,5,86,56,34,"2,3",163744,49.123,A,1,S2,1
20,61,7,109,42,22,"2,3",100716,30.215,B,2,S5,1
20,5,1,97,77,66,"1,2,3",492954,147.886,B,2,S5,1
20,29,3,109,53,24,3,138648,41.594,A,1,S3,0
20,38,4,98,33,20,"2,3",64680,19.404,A,1,S3,1
20,11,2,81,69,69,"1,2,3",385641,115.692,C,3,S6,0
20,118,13,97,43,32,"2,3",133472,40.042,C,3,S6,1
20,75,9,58,43,31,"1,2,3",77314,23.194,C,3,S6,0
20,56,6,76,50,35,"2,3",133000,39.9,C,3,S6,1
20,26,3,109,53,24,3,138648,41.594,B,2,S5,1
20,94,10,99,80,48,"2,3",380160,114.048,A,1,S2,1
20,19,2,81,69,69,"1,2,3",385641,115.692,B,2,S5,1
20,70,8,82,69,42,"1,2,3",237636,71.291,B,2,S4,1
20,23,3,109,53,24,3,138648,41.594,B,2,S5,1
20,40,4,98,33,20,"2,3",64680,19.404,B,2,S5,1
20,129,14,112,70,51,"2,3",399840,119.952,A,1,S3,1
20,73,8,82,69,42,"1,2,3",237636,71.291,A,1,S1,0
20,90,10,99,80,48,"2,3",380160,114.048,A,1,S1,1
20,36,4,98,33,20,"2,3",64680,19.404,A,1,S1,1
20,65,7,109,42,22,"2,3",100716,30.215,A,1,S2,1
20,13,2,81,69,69,"1,2,3",385641,115.692,A,1,S3,1
20,1,1,97,77,66,"1,2,3",492954,147.886,A,1,S2,0
20,91,10,99,80,48,"2,3",380160,114.048,A,1,S1,1
20,111,13,97,43,32,"2,3",133472,40.042,A,1,S1,1
20,2,1,97,77,66,"1,2,3",492954,147.886,A,1,S3,1
21,63,8,102,88,26,3,233376,70.013,A,1,S1,1
21,118,14,79,56,25,3,110600,33.18,A,1,S3,1
21,51,7,72,51,24,3,88128,26.438,C,3,S6,1
21,85,11,55,41,32,"1,2,3",72160,21.648,C,3,S6,1
21,20,4,95,78,62,"1,2,3",459420,137.826,A,1,S1,1
21,60,8,102,88,26,3,233376,70.013,A,1,S1,1
21,4,1,109,93,72,"1,2,3",729864,218.959,A,1,S3,1
21,13,3,119,45,36,"2,3",192780,57.834,A,1,S3,1
21,128,15,77,67,53,"1,2,3",273427,82.028,B,2,S5,1
21,80,10,106,52,31,"2,3",170872,51.262,A,1,S1,1
21,12,3,119,45,36,"2,3",192780,57.834,B,2,S4,1
21,107,13,58,57,48,"1,2,3",158688,47.606,A,1,S3,1
21,109,13,58,57,48,"1,2,3",158688,47.606,A,1,S3,1
21,92,12,71,65,29,3,133835,40.151,A,1,S3,1
21,55,8,102,88,26,3,233376,70.013,A,1,S1,1
21,1,1,109,93,72,"1,2,3",729864,218.959,C,3,S6,1
21,39,6,98,65,38,"2,3",242060,72.618,C,3,S6,1
21,81,10,106,52,31,"2,3",170872,51.262,C,3,S6,0
21,90,12,71,65,29,3,133835,40.151,C,3,S6,1
21,42,6,98,65,38,"2,3",242060,72.618,A,1,S2,1
21,6,2,95,67,32,3,203680,61.104,A,1,S2,1
21,127,15,77,67,53,"1,2,3",273427,82.028,C,3,S6,1
21,50,7,72,51,24,3,88128,26.438,C,3,S6,1
21,120,14,79,56,25,3,110600,33.18,C,3,S6,1
21,49,7,72,51,24,3,88128,26.438,C,3,S6,1
21,100,13,58,57,48,"1,2,3",158688,47.606,C,3,S6,1
21,14,3,119,45,36,"2,3",192780,57.834,A,1,S1,1
21,88,12,71,65,29,3,133835,40.151,A,1,S2,0
21,71,9,99,47,44,"2,3",204732,61.42,B,2,S5,1
21,111,14,79,56,25,3,110600,33.18,B,2,S5,1
21,21,4,95,78,62,"1,2,3",459420,137.826,A,1,S2,0
21,27,4,95,78,62,"1,2,3",459420,137.826,A,1,S2,1
21,29,5,116,89,32,3,330368,99.11,C,3,S6,1
21,122,15,77,67,53,"1,2,3",273427,82.028,B,2,S4,1
21,77,10,106,52,31,"2,3",170872,51.262,B,2,S5,1
21,70,9,99,47,44,"2,3",204732,61.42,C,3,S6,1
21,97,12,71,65,29,3,133835,40.151,A,1,S2,1
21,123,15,77,67,53,"1,2,3",273427,82.028,A,1,S2,0
21,40,6,98,65,38,"2,3",242060,72.618,A,1,S3,1
21,68,9,99,47,44,"2,3",204732,61.42,B,2,S4,1
21,8,2,95,67,32,3,203680,61.104,B,2,S5,1
21,124,15,77,67,53,"1,2,3",273427,82.028,A,1,S1,0
21,67,9,99,47,44,"2,3",204732,61.42,B,2,S5,1
21,36,5,116,89,32,3,330368,99.11,B,2,S5,1
21,102,13,58,57,48,"1,2,3",158688,47.606,B,2,S5,1
21,52,7,72,51,24,3,88128,26.438,B,2,S4,1
21,23,4,95,78,62,"1,2,3",459420,137.826,C,3,S6,1
21,125,15,77,67,53,"1,2,3",273427,82.028,C,3,S6,1
21,126,15,77,67,53,"1,2,3",273427,82.028,B,2,S4,1
21,86,11,55,41,32,"1,2,3",72160,21.648,A,1,S2,1
21,33,5,116,89,32,3,330368,99.11,A,1,S1,1
21,91,12,71,65,29,3,133835,40.151,A,1,S2,1
21,5,2,95,67,32,3,203680,61.104,A,1,S2,1
21,98,12,71,65,29,3,133835,40.151,B,2,S5,1
21,45,6,98,65,38,"2,3",242060,72.618,B,2,S4,1
21,110,14,79,56,25,3,110600,33.18,B,2,S5,1
21,28,4,95,78,62,"1,2,3",459420,137.826,B,2,S5,1
21,66,9,99,47,44,"2,3",204732,61.42,B,2,S4,1
21,3,1,109,93,72,"1,2,3",729864,218.959,B,2,S4,1
21,56,8,102,88,26,3,233376,70.013,C,3,S6,0
21,9,2,95,67,32,3,203680,61.104,B,2,S4,1
21,7,2,95,67,32,3,203680,61.104,B,2,S4,1
21,48,7,72,51,24,3,88128,26.438,B,2,S5,0
21,61,8,102,88,26,3,233376,70.013,A,1,S3,1
21,83,11,55,41,32,"1,2,3",72160,21.648,A,1,S1,1
21,76,10,106,52,31,"2,3",170872,51.262,A,1,S1,1
21,79,10,106,52,31,"2,3",170872,51.262,A,1,S1,1
21,22,4,95,78,62,"1,2,3",459420,137.826,B,2,S5,0
21,2,1,109,93,72,"1,2,3",729864,218.959,B,2,S5,1
21,114,14,79,56,25,3,110600,33.18,B,2,S4,1
21,24,4,95,78,62,"1,2,3",459420,137.826,B,2,S4,1
21,26,4,95,78,62,"1,2,3",459420,137.826,B,2,S5,1
21,64,9,99,47,44,"2,3",204732,61.42,B,2,S5,1
21,19,4,95,78,62,"1,2,3",459420,137.826,C,3,S6,1
21,101,13,58,57,48,"1,2,3",158688,47.606,C,3,S6,1
21,93,12,71,65,29,3,133835,40.151,C,3,S6,1
21,87,11,55,41,32,"1,2,3",72160,21.648,A,1,S1,1
21,104,13,58,57,48,"1,2,3",158688,47.606,A,1,S1,1
21,16,3,119,45,36,"2,3",192780,57.834,C,3,S6,1
21,129,15,77,67,53,"1,2,3",273427,82.028,C,3,S6,1
21,44,6,98,65,38,"2,3",242060,72.618,A,1,S1,1
21,37,5,116,89,32,3,330368,99.11,A,1,S2,1
21,34,5,116,89,32,3,330368,99.11,A,1,S3,1
21,112,14,79,56,25,3,110600,33.18,A,1,S1,1
21,18,4,95,78,62,"1,2,3",459420,137.826,B,2,S5,1
21,75,9,99,47,44,"2,3",204732,61.42,B,2,S5,1
21,106,13,58,57,48,"1,2,3",158688,47.606,B,2,S5,1
21,119,14,79,56,25,3,110600,33.18,A,1,S3,1
21,69,9,99,47,44,"2,3",204732,61.42,A,1,S1,1
21,17,3,119,45,36,"2,3",192780,57.834,C,3,S6,1
21,73,9,99,47,44,"2,3",204732,61.42,A,1,S2,0
21,95,12,71,65,29,3,133835,40.151,A,1,S3,1
21,54,7,72,51,24,3,88128,26.438,A,1,S2,1
21,58,8,102,88,26,3,233376,70.013,A,1,S3,1
21,115,14,79,56,25,3,110600,33.18,A,1,S3,1
21,78,10,106,52,31,"2,3",170872,51.262,A,1,S3,0
21,62,8,102,88,26,3,233376,70.013,A,1,S3,1
21,84,11,55,41,32,"1,2,3",72160,21.648,A,1,S1,1
21,105,13,58,57,48,"1,2,3",158688,47.606,B,2,S4,1
21,10,2,95,67,32,3,203680,61.104,B,2,S5,1
21,65,9,99,47,44,"2,3",204732,61.42,B,2,S4,1
21,72,9,99,47,44,"2,3",204732,61.42,C,3,S6,0
21,46,6,98,65,38,"2,3",242060,72.618,A,1,S1,0
21,11,3,119,45,36,"2,3",192780,57.834,A,1,S1,1
21,116,14,79,56,25,3,110600,33.18,C,3,S6,1
21,53,7,72,51,24,3,88128,26.438,C,3,S6,1
21,94,12,71,65,29,3,133835,40.151,C,3,S6,1
21,57,8,102,88,26,3,233376,70.013,B,2,S4,1
21,31,5,116,89,32,3,330368,99.11,B,2,S5,0
21,89,12,71,65,29,3,133835,40.151,B,2,S4,1
21,15,3,119,45,36,"2,3",192780,57.834,B,2,S4,1
21,96,12,71,65,29,3,133835,40.151,B,2,S5,1
21,41,6,98,65,38,"2,3",242060,72.618,C,3,S6,1
21,59,8,102,88,26,3,233376,70.013,C,3,S6,1
21,30,5,116,89,32,3,330368,99.11,C,3,S6,1
21,47,6,98,65,38,"2,3",242060,72.618,C,3,S6,1
21,99,12,71,65,29,3,133835,40.151,C,3,S6,1
21,103,13,58,57,48,"1,2,3",158688,47.606,C,3,S6,1
21,121,15,77,67,53,"1,2,3",273427,82.028,A,1,S1,1
21,43,6,98,65,38,"2,3",242060,72.618,A,1,S2,1
21,32,5,116,89,32,3,330368,99.11,A,1,S1,1
21,117,14,79,56,25,3,110600,33.18,A,1,S2,1
21,38,5,116,89,32,3,330368,99.11,A,1,S2,1
21,74,9,99,47,44,"2,3",204732,61.42,B,2,S5,1
21,108,13,58,57,48,"1,2,3",158688,47.606,B,2,S5,1
21,25,4,95,78,62,"1,2,3",459420,137.826,B,2,S5,1
21,35,5,116,89,32,3,330368,99.11,B,2,S4,1
21,82,11,55,41,32,"1,2,3",72160,21.648,B,2,S4,1
21,113,14,79,56,25,3,110600,33.18,B,2,S5,1
22,95,11,105,72,52,"2,3",393120,117.936,B,2,S5,0
22,105,12,101,76,45,"2,3",345420,103.626,A,1,S3,1
22,42,6,80,71,62,"1,2,3",352160,105.648,A,1,S3,1
22,20,3,94,66,39,"2,3",241956,72.587,A,1,S2,1
22,130,15,72,33,28,"2,3",66528,19.958,C,3,S6,1
22,19,3,94,66,39,"2,3",241956,72.587,C,3,S6,1
22,83,10,74,39,23,"2,3",66378,19.913,C,3,S6,1
22,31,5,106,93,70,"1,2,3",690060,207.018,C,3,S6,0
22,69,9,63,63,31,3,123039,36.912,C,3,S6,0
22,91,11,105,72,52,"2,3",393120,117.936,A,1,S2,1
22,75,9,63,63,31,3,123039,36.912,B,2,S4,1
22,131,15,72,33,28,"2,3",66528,19.958,A,1,S1,1
22,123,14,74,47,42,"1,2,3",146076,43.823,A,1,S2,1
22,127,15,72,33,28,"2,3",66528,19.958,A,1,S2,1
22,115,13,93,73,65,"1,2,3",441285,132.385,A,1,S2,0
22,93,11,105,72,52,"2,3",393120,117.936,A,1,S1,1
22,106,12,101,76,45,"2,3",345420,103.626,A,1,S3,1
22,30,4,66,59,42,"1,2,3",163548,49.064,A,1,S3,1
22,15,2,73,65,46,"1,2,3",218270,65.481,A,1,S2,1
22,53,7,60,36,26,"2,3",56160,16.848,A,1,S2,1
22,32,5,106,93,70,"1,2,3",690060,207.018,A,1,S2,1
22,54,7,60,36,26,"2,3",56160,16.848,A,1,S2,1
22,66,8,72,31,31,"2,3",69192,20.758,B,2,S5,1
22,17,3,94,66,39,"2,3",241956,72.587,B,2,S4,1
22,44,6,80,71,62,"1,2,3",352160,105.648,B,2,S5,1
22,3,1,89,78,50,"1,2,3",347100,104.13,C,3,S6,0
22,39,6,80,71,62,"1,2,3",352160,105.648,C,3,S6,1
22,102,12,101,76,45,"2,3",345420,103.626,A,1,S2,1
22,38,6,80,71,62,"1,2,3",352160,105.648,A,1,S2,1
22,52,7,60,36,26,"2,3",56160,16.848,A,1,S1,1
22,67,8,72,31,31,"2,3",69192,20.758,C,3,S6,1
22,97,11,105,72,52,"2,3",393120,117.936,C,3,S6,1
22,92,11,105,72,52,"2,3",393120,117.936,B,2,S5,1
22,34,5,106,93,70,"1,2,3",690060,207.018,C,3,S6,1
22,24,3,94,66,39,"2,3",241956,72.587,C,3,S6,1
22,11,2,73,65,46,"1,2,3",218270,65.481,A,1,S2,1
22,109,13,93,73,65,"1,2,3",441285,132.385,A,1,S3,1
22,22,3,94,66,39,"2,3",241956,72.587,A,1,S1,1
22,119,14,74,47,42,"1,2,3",146076,43.823,A,1,S3,1
22,70,9,63,63,31,3,123039,36.912,A,1,S3,0
22,124,14,74,47,42,"1,2,3",146076,43.823,A,1,S2,1
22,18,3,94,66,39,"2,3",241956,72.587,A,1,S1,1
22,82,9,63,63,31,3,123039,36.912,A,1,S1,0
22,7,1,89,78,50,"1,2,3",347100,104.13,B,2,S4,1
22,21,3,94,66,39,"2,3",241956,72.587,A,1,S3,1
22,50,7,60,36,26,"2,3",56160,16.848,A,1,S1,1
22,71,9,63,63,31,3,123039,36.912,A,1,S1,1
22,41,6,80,71,62,"1,2,3",352160,105.648,A,1,S3,1
22,29,4,66,59,42,"1,2,3",163548,49.064,A,1,S1,1
22,64,8,72,31,31,"2,3",69192,20.758,A,1,S3,1
22,74,9,63,63,31,3,123039,36.912,B,2,S5,1
22,27,4,66,59,42,"1,2,3",163548,49.064,B,2,S5,1
22,77,9,63,63,31,3,123039,36.912,B,2,S5,1
22,9,2,73,65,46,"1,2,3",218270,65.481,A,1,S2,1
22,107,12,101,76,45,"2,3",345420,103.626,A,1,S2,1
22,120,14,74,47,42,"1,2,3",146076,43.823,A,1,S3,1
22,12,2,73,65,46,"1,2,3",218270,65.481,A,1,S3,1
22,85,10,74,39,23,"2,3",66378,19.913,C,3,S6,1
22,108,13,93,73,65,"1,2,3",441285,132.385,C,3,S6,1
22,10,2,73,65,46,"1,2,3",218270,65.481,B,2,S4,1
22,46,7,60,36,26,"2,3",56160,16.848,C,3,S6,1
22,58,8,72,31,31,"2,3",69192,20.758,A,1,S2,0
22,90,11,105,72,52,"2,3",393120,117.936,C,3,S6,1
22,73,9,63,63,31,3,123039,36.912,C,3,S6,1
22,87,10,74,39,23,"2,3",66378,19.913,A,1,S1,1
22,81,9,63,63,31,3,123039,36.912,C,3,S6,1
22,14,2,73,65,46,"1,2,3",218270,65.481,C,3,S6,1
22,104,12,101,76,45,"2,3",345420,103.626,C,3,S6,1
22,100,12,101,76,45,"2,3",345420,103.626,C,3,S6,1
22,63,8,72,31,31,"2,3",69192,20.758,C,3,S6,1
22,59,8,72,31,31,"2,3",69192,20.758,C,3,S6,1
22,61,8,72,31,31,"2,3",69192,20.758,A,1,S2,1
22,121,14,74,47,42,"1,2,3",146076,43.823,A,1,S1,1
22,8,2,73,65,46,"1,2,3",218270,65.481,A,1,S1,1
22,80,9,63,63,31,3,123039,36.912,A,1,S3,1
22,113,13,93,73,65,"1,2,3",441285,132.385,A,1,S2,1
22,6,1,89,78,50,"1,2,3",347100,104.13,A,1,S3,1
22,51,7,60,36,26,"2,3",56160,16.848,A,1,S3,1
22,62,8,72,31,31,"2,3",69192,20.758,A,1,S3,1
22,36,6,80,71,62,"1,2,3",352160,105.648,A,1,S1,1
22,5,1,89,78,50,"1,2,3",347100,104.13,C,3,S6,0
22,35,6,80,71,62,"1,2,3",352160,105.648,C,3,S6,1
22,78,9,63,63,31,3,123039,36.912,A,1,S1,1
22,98,12,101,76,45,"2,3",345420,103.626,B,2,S5,1
22,65,8,72,31,31,"2,3",69192,20.758,C,3,S6,1
22,125,15,72,33,28,"2,3",66528,19.958,C,3,S6,1
22,128,15,72,33,28,"2,3",66528,19.958,C,3,S6,1
22,13,2,73,65,46,"1,2,3",218270,65.481,C,3,S6,1
22,43,6,80,71,62,"1,2,3",352160,105.648,C,3,S6,1
22,40,6,80,71,62,"1,2,3",352160,105.648,A,1,S1,1
22,76,9,63,63,31,3,123039,36.912,C,3,S6,1
22,1,1,89,78,50,"1,2,3",347100,104.13,B,2,S5,0
22,103,12,101,76,45,"2,3",345420,103.626,A,1,S3,1
22,68,9,63,63,31,3,123039,36.912,A,1,S3,1
22,129,15,72,33,28,"2,3",66528,19.958,B,2,S4,1
22,57,8,72,31,31,"2,3",69192,20.758,A,1,S2,1
22,26,4,66,59,42,"1,2,3",163548,49.064,C,3,S6,1
22,2,1,89,78,50,"1,2,3",347100,104.13,B,2,S5,1
22,96,11,105,72,52,"2,3",393120,117.936,B,2,S4,1
22,117,13,93,73,65,"1,2,3",441285,132.385,C,3,S6,1
22,48,7,60,36,26,"2,3",56160,16.848,C,3,S6,1
22,49,7,60,36,26,"2,3",56160,16.848,B,2,S4,0
22,25,4,66,59,42,"1,2,3",163548,49.064,B,2,S5,1
22,122,14,74,47,42,"1,2,3",146076,43.823,B,2,S4,1
22,79,9,63,63,31,3,123039,36.912,B,2,S4,1
22,28,4,66,59,42,"1,2,3",163548,49.064,B,2,S5,1
22,55,7,60,36,26,"2,3",56160,16.848,B,2,S4,1
22,94,11,105,72,52,"2,3",393120,117.936,B,2,S5,1
22,118,14,74,47,42,"1,2,3",146076,43.823,B,2,S5,1
22,86,10,74,39,23,"2,3",66378,19.913,B,2,S5,1
22,99,12,101,76,45,"2,3",345420,103.626,B,2,S5,1
22,60,8,72,31,31,"2,3",69192,20.758,B,2,S4,1
22,110,13,93,73,65,"1,2,3",441285,132.385,B,2,S4,1
22,47,7,60,36,26,"2,3",56160,16.848,B,2,S4,1
22,111,13,93,73,65,"1,2,3",441285,132.385,B,2,S4,1
22,4,1,89,78,50,"1,2,3",347100,104.13,B,2,S5,1
22,23,3,94,66,39,"2,3",241956,72.587,B,2,S4,1
22,45,7,60,36,26,"2,3",56160,16.848,B,2,S4,1
22,84,10,74,39,23,"2,3",66378,19.913,B,2,S5,0
22,56,8,72,31,31,"2,3",69192,20.758,B,2,S5,1
22,116,13,93,73,65,"1,2,3",441285,132.385,B,2,S5,1
22,72,9,63,63,31,3,123039,36.912,B,2,S5,1
22,16,3,94,66,39,"2,3",241956,72.587,B,2,S5,0
22,88,10,74,39,23,"2,3",66378,19.913,B,2,S5,1
22,33,5,106,93,70,"1,2,3",690060,207.018,B,2,S4,1
22,101,12,101,76,45,"2,3",345420,103.626,B,2,S5,1
22,89,10,74,39,23,"2,3",66378,19.913,B,2,S5,1
22,126,15,72,33,28,"2,3",66528,19.958,B,2,S5,1
22,114,13,93,73,65,"1,2,3",441285,132.385,B,2,S5,1
22,112,13,93,73,65,"1,2,3",441285,132.385,B,2,S5,1
22,37,6,80,71,62,"1,2,3",352160,105.648,B,2,S4,1
23,12,2,115,72,64,"1,2,3",529920,158.976,B,2,S5,0
23,85,12,88,62,41,"2,3",223696,67.109,B,2,S4,0
23,87,13,87,53,21,3,96831,29.049,A,1,S1,1
23,35,5,97,96,46,3,428352,128.506,C,3,S6,1
23,36,5,97,96,46,3,428352,128.506,C,3,S6,1
23,37,5,97,96,46,3,428352,128.506,C,3,S6,1
23,20,3,77,49,25,"2,3",94325,28.297,B,2,S5,1
23,13,2,115,72,64,"1,2,3",529920,158.976,B,2,S5,1
23,84,12,88,62,41,"2,3",223696,67.109,B,2,S4,1
23,6,1,84,81,23,3,156492,46.948,B,2,S5,1
23,70,10,56,47,41,"1,2,3",107912,32.374,C,3,S6,1
23,81,12,88,62,41,"2,3",223696,67.109,B,2,S4,1
23,56,9,118,93,80,"1,2,3",877920,263.376,C,3,S6,1
23,18,3,77,49,25,"2,3",94325,28.297,B,2,S5,1
23,98,14,105,47,28,"2,3",138180,41.454,B,2,S4,0
23,55,8,56,51,49,"1,2,3",139944,41.983,B,2,S4,1
23,2,1,84,81,23,3,156492,46.948,B,2,S4,1
23,19,3,77,49,25,"2,3",94325,28.297,B,2,S5,1
23,68,10,56,47,41,"1,2,3",107912,32.374,A,1,S2,1
23,73,10,56,47,41,"1,2,3",107912,32.374,A,1,S3,1
23,86,13,87,53,21,3,96831,29.049,A,1,S2,1
23,96,14,105,47,28,"2,3",138180,41.454,A,1,S2,1
23,40,5,97,96,46,3,428352,128.506,A,1,S2,1
23,44,6,95,43,25,"2,3",102125,30.637,B,2,S4,1
23,82,12,88,62,41,"2,3",223696,67.109,B,2,S5,0
23,64,10,56,47,41,"1,2,3",107912,32.374,B,2,S4,1
23,45,6,95,43,25,"2,3",102125,30.637,B,2,S4,1
23,25,3,77,49,25,"2,3",94325,28.297,A,1,S2,1
23,39,5,97,96,46,3,428352,128.506,C,3,S6,1
23,108,15,103,68,65,"1,2,3",455260,136.578,C,3,S6,1
23,52,8,56,51,49,"1,2,3",139944,41.983,A,1,S1,1
23,30,4,40,37,22,"1,2,3",32560,9.768,A,1,S3,1
23,80,12,88,62,41,"2,3",223696,67.109,C,3,S6,1
23,63,9,118,93,80,"1,2,3",877920,263.376,A,1,S3,1
23,49,7,90,69,28,3,173880,52.164,C,3,S6,0
23,77,11,78,71,27,3,149526,44.858,A,1,S3,1
23,14,3,77,49,25,"2,3",94325,28.297,B,2,S4,1
23,112,15,103,68,65,"1,2,3",455260,136.578,A,1,S2,1
23,71,10,56,47,41,"1,2,3",107912,32.374,A,1,S1,1
23,113,15,103,68,65,"1,2,3",455260,136.578,C,3,S6,0
23,22,3,77,49,25,"2,3",94325,28.297,C,3,S6,1
23,101,14,105,47,28,"2,3",138180,41.454,A,1,S3,1
23,58,9,118,93,80,"1,2,3",877920,263.376,A,1,S3,1
23,11,2,115,72,64,"1,2,3",529920,158.976,A,1,S2,1
23,89,13,87,53,21,3,96831,29.049,B,2,S4,1
23,90,13,87,53,21,3,96831,29.049,C,3,S6,1
23,105,15,103,68,65,"1,2,3",455260,136.578,C,3,S6,1
23,75,11,78,71,27,3,149526,44.858,C,3,S6,1
23,7,1,84,81,23,3,156492,46.948,C,3,S6,1
23,66,10,56,47,41,"1,2,3",107912,32.374,C,3,S6,1
23,28,4,40,37,22,"1,2,3",32560,9.768,B,2,S4,1
23,29,4,40,37,22,"1,2,3",32560,9.768,B,2,S4,1
23,106,15,103,68,65,"1,2,3",455260,136.578,A,1,S2,1
23,41,5,97,96,46,3,428352,128.506,A,1,S2,1
23,33,4,40,37,22,"1,2,3",32560,9.768,B,2,S4,1
23,46,7,90,69,28,3,173880,52.164,A,1,S2,1
23,107,15,103,68,65,"1,2,3",455260,136.578,B,2,S5,1
23,24,3,77,49,25,"2,3",94325,28.297,B,2,S5,1
23,3,1,84,81,23,3,156492,46.948,B,2,S4,0
23,76,11,78,71,27,3,149526,44.858,C,3,S6,1
23,47,7,90,69,28,3,173880,52.164,B,2,S5,1
23,79,12,88,62,41,"2,3",223696,67.109,B,2,S4,1
23,100,14,105,47,28,"2,3",138180,41.454,C,3,S6,1
23,51,7,90,69,28,3,173880,52.164,A,1,S1,1
23,104,15,103,68,65,"1,2,3",455260,136.578,A,1,S3,1
23,8,2,115,72,64,"1,2,3",529920,158.976,A,1,S2,1
23,62,9,118,93,80,"1,2,3",877920,263.376,A,1,S2,1
23,94,13,87,53,21,3,96831,29.049,A,1,S2,1
23,102,14,105,47,28,"2,3",138180,41.454,A,1,S2,1
23,72,10,56,47,41,"1,2,3",107912,32.374,B,2,S4,1
23,16,3,77,49,25,"2,3",94325,28.297,A,1,S3,1
23,69,10,56,47,41,"1,2,3",107912,32.374,A,1,S1,1
23,34,4,40,37,22,"1,2,3",32560,9.768,A,1,S3,1
23,54,8,56,51,49,"1,2,3",139944,41.983,B,2,S5,1
23,10,2,115,72,64,"1,2,3",529920,158.976,A,1,S1,1
23,50,7,90,69,28,3,173880,52.164,B,2,S5,1
23,116,15,103,68,65,"1,2,3",455260,136.578,B,2,S4,1
23,67,10,56,47,41,"1,2,3",107912,32.374,A,1,S3,0
23,53,8,56,51,49,"1,2,3",139944,41.983,C,3,S6,1
23,5,1,84,81,23,3,156492,46.948,C,3,S6,1
23,1,1,84,81,23,3,156492,46.948,C,3,S6,1
23,103,14,105,47,28,"2,3",138180,41.454,C,3,S6,0
23,91,13,87,53,21,3,96831,29.049,C,3,S6,1
23,97,14,105,47,28,"2,3",138180,41.454,C,3,S6,1
23,115,15,103,68,65,"1,2,3",455260,136.578,B,2,S4,0
23,43,6,95,43,25,"2,3",102125,30.637,C,3,S6,1
23,95,13,87,53,21,3,96831,29.049,C,3,S6,1
23,15,3,77,49,25,"2,3",94325,28.297,A,1,S3,1
23,83,12,88,62,41,"2,3",223696,67.109,A,1,S1,1
23,65,10,56,47,41,"1,2,3",107912,32.374,A,1,S3,1
23,99,14,105,47,28,"2,3",138180,41.454,A,1,S2,1
23,110,15,103,68,65,"1,2,3",455260,136.578,A,1,S3,1
23,111,15,103,68,65,"1,2,3",455260,136.578,A,1,S3,1
23,57,9,118,93,80,"1,2,3",877920,263.376,B,2,S4,1
23,78,11,78,71,27,3,149526,44.858,B,2,S4,1
23,88,13,87,53,21,3,96831,29.049,A,1,S3,1
23,32,4,40,37,22,"1,2,3",32560,9.768,A,1,S2,1
23,114,15,103,68,65,"1,2,3",455260,136.578,C,3,S6,1
23,60,9,118,93,80,"1,2,3",877920,263.376,C,3,S6,1
23,74,10,56,47,41,"1,2,3",107912,32.374,C,3,S6,1
23,27,4,40,37,22,"1,2,3",32560,9.768,B,2,S4,1
23,4,1,84,81,23,3,156492,46.948,A,1,S3,1
23,9,2,115,72,64,"1,2,3",529920,158.976,A,1,S2,1
23,38,5,97,96,46,3,428352,128.506,B,2,S4,1
23,17,3,77,49,25,"2,3",94325,28.297,B,2,S4,1
23,42,5,97,96,46,3,428352,128.506,A,1,S3,1
23,26,3,77,49,25,"2,3",94325,28.297,B,2,S5,1
23,92,13,87,53,21,3,96831,29.049,B,2,S5,1
23,61,9,118,93,80,"1,2,3",877920,263.376,A,1,S3,1
23,23,3,77,49,25,"2,3",94325,28.297,A,1,S3,1
23,31,4,40,37,22,"1,2,3",32560,9.768,A,1,S3,1
23,93,13,87,53,21,3,96831,29.049,A,1,S2,0
23,48,7,90,69,28,3,173880,52.164,A,1,S1,0
23,59,9,118,93,80,"1,2,3",877920,263.376,B,2,S5,1
23,21,3,77,49,25,"2,3",94325,28.297,B,2,S5,1
23,109,15,103,68,65,"1,2,3",455260,136.578,B,2,S4,1
24,68,11,91,51,43,"2,3",199563,59.869,C,3,S6,1
24,46,8,71,68,41,"1,2,3",197948,59.384,C,3,S6,1
24,53,9,83,80,35,3,232400,69.72,B,2,S5,1
24,43,8,71,68,41,"1,2,3",197948,59.384,A,1,S3,1
24,12,2,98,65,62,"1,2,3",394940,118.482,A,1,S2,1
24,86,13,102,88,37,3,332112,99.634,A,1,S2,0
24,13,2,98,65,62,"1,2,3",394940,118.482,A,1,S1,0
24,28,5,99,88,23,3,200376,60.113,B,2,S4,1
24,99,15,83,63,27,3,141183,42.355,B,2,S5,1
24,74,12,99,78,72,"1,2,3",555984,166.795,A,1,S3,1
24,26,4,100,97,64,"1,2,3",620800,186.24,A,1,S3,0
24,37,7,78,54,30,"2,3",126360,37.908,A,1,S2,1
24,45,8,71,68,41,"1,2,3",197948,59.384,A,1,S2,0
24,97,14,97,75,72,"1,2,3",523800,157.14,C,3,S6,1
24,95,14,97,75,72,"1,2,3",523800,157.14,C,3,S6,1
24,58,10,99,55,27,3,147015,44.104,C,3,S6,1
24,44,8,71,68,41,"1,2,3",197948,59.384,A,1,S2,1
24,9,2,98,65,62,"1,2,3",394940,118.482,C,3,S6,1
24,62,10,99,55,27,3,147015,44.104,C,3,S6,0
24,30,5,99,88,23,3,200376,60.113,C,3,S6,1
24,49,8,71,68,41,"1,2,3",197948,59.384,C,3,S6,1
24,81,13,102,88,37,3,332112,99.634,C,3,S6,1
24,57,10,99,55,27,3,147015,44.104,C,3,S6,1
24,92,14,97,75,72,"1,2,3",523800,157.14,C,3,S6,1
24,33,6,106,49,33,"2,3",171402,51.421,C,3,S6,1
24,29,5,99,88,23,3,200376,60.113,A,1,S3,0
24,87,13,102,88,37,3,332112,99.634,B,2,S5,1
24,14,2,98,65,62,"1,2,3",394940,118.482,B,2,S4,1
24,100,15,83,63,27,3,141183,42.355,B,2,S5,1
24,16,3,60,59,46,"1,2,3",162840,48.852,A,1,S3,1
24,55,9,83,80,35,3,232400,69.72,A,1,S3,1
24,105,15,83,63,27,3,141183,42.355,C,3,S6,1
24,85,13,102,88,37,3,332112,99.634,A,1,S3,1
24,71,11,91,51,43,"2,3",199563,59.869,C,3,S6,1
24,96,14,97,75,72,"1,2,3",523800,157.14,C,3,S6,1
24,70,11,91,51,43,"2,3",199563,59.869,B,2,S4,1
24,75,12,99,78,72,"1,2,3",555984,166.795,B,2,S4,1
24,1,1,113,80,29,3,262160,78.648,A,1,S3,1
24,7,1,113,80,29,3,262160,78.648,C,3,S6,1
24,63,10,99,55,27,3,147015,44.104,C,3,S6,1
24,11,2,98,65,62,"1,2,3",394940,118.482,A,1,S1,1
24,34,6,106,49,33,"2,3",171402,51.421,A,1,S2,1
24,39,7,78,54,30,"2,3",126360,37.908,B,2,S5,1
24,25,4,100,97,64,"1,2,3",620800,186.24,C,3,S6,0
24,35,6,106,49,33,"2,3",171402,51.421,A,1,S3,1
24,103,15,83,63,27,3,141183,42.355,C,3,S6,1
24,66,10,99,55,27,3,147015,44.104,A,1,S2,1
24,10,2,98,65,62,"1,2,3",394940,118.482,C,3,S6,1
24,80,13,102,88,37,3,332112,99.634,C,3,S6,1
24,101,15,83,63,27,3,141183,42.355,B,2,S4,1
24,31,5,99,88,23,3,200376,60.113,B,2,S5,1
24,60,10,99,55,27,3,147015,44.104,A,1,S3,1
24,22,4,100,97,64,"1,2,3",620800,186.24,B,2,S5,1
24,56,10,99,55,27,3,147015,44.104,C,3,S6,1
24,51,9,83,80,35,3,232400,69.72,C,3,S6,0
24,91,13,102,88,37,3,332112,99.634,C,3,S6,1
24,69,11,91,51,43,"2,3",199563,59.869,B,2,S4,1
24,65,10,99,55,27,3,147015,44.104,A,1,S3,1
24,90,13,102,88,37,3,332112,99.634,B,2,S5,1
24,98,15,83,63,27,3,141183,42.355,C,3,S6,1
24,59,10,99,55,27,3,147015,44.104,A,1,S2,1
24,72,11,91,51,43,"2,3",199563,59.869,A,1,S2,1
24,41,7,78,54,30,"2,3",126360,37.908,A,1,S1,1
24,52,9,83,80,35,3,232400,69.72,A,1,S3,1
24,40,7,78,54,30,"2,3",126360,37.908,A,1,S2,1
24,82,13,102,88,37,3,332112,99.634,A,1,S2,1
24,64,10,99,55,27,3,147015,44.104,A,1,S2,1
24,4,1,113,80,29,3,262160,78.648,A,1,S3,1
24,78,12,99,78,72,"1,2,3",555984,166.795,A,1,S2,1
24,15,2,98,65,62,"1,2,3",394940,118.482,B,2,S5,1
24,47,8,71,68,41,"1,2,3",197948,59.384,B,2,S4,1
24,24,4,100,97,64,"1,2,3",620800,186.24,B,2,S5,1
24,88,13,102,88,37,3,332112,99.634,B,2,S5,1
24,89,13,102,88,37,3,332112,99.634,A,1,S1,1
24,76,12,99,78,72,"1,2,3",555984,166.795,A,1,S2,1
24,93,14,97,75,72,"1,2,3",523800,157.14,B,2,S5,1
24,79,12,99,78,72,"1,2,3",555984,166.795,A,1,S3,1
24,21,3,60,59,46,"1,2,3",162840,48.852,A,1,S3,1
24,54,9,83,80,35,3,232400,69.72,B,2,S5,1
24,48,8,71,68,41,"1,2,3",197948,59.384,B,2,S4,1
24,38,7,78,54,30,"2,3",126360,37.908,B,2,S4,1
24,27,4,100,97,64,"1,2,3",620800,186.24,B,2,S5,0
24,77,12,99,78,72,"1,2,3",555984,166.795,A,1,S3,1
24,8,2,98,65,62,"1,2,3",394940,118.482,B,2,S5,1
24,5,1,113,80,29,3,262160,78.648,B,2,S5,1
24,102,15,83,63,27,3,141183,42.355,B,2,S4,1
24,18,3,60,59,46,"1,2,3",162840,48.852,B,2,S5,1
24,20,3,60,59,46,"1,2,3",162840,48.852,B,2,S4,1
24,67,11,91,51,43,"2,3",199563,59.869,B,2,S5,1
24,17,3,60,59,46,"1,2,3",162840,48.852,A,1,S2,1
24,2,1,113,80,29,3,262160,78.648,B,2,S4,1
24,73,12,99,78,72,"1,2,3",555984,166.795,A,1,S2,1
24,23,4,100,97,64,"1,2,3",620800,186.24,B,2,S5,1
24,32,5,99,88,23,3,200376,60.113,B,2,S4,1
24,19,3,60,59,46,"1,2,3",162840,48.852,B,2,S4,1
24,6,1,113,80,29,3,262160,78.648,B,2,S5,1
24,42,8,71,68,41,"1,2,3",197948,59.384,B,2,S5,0
24,104,15,83,63,27,3,141183,42.355,A,1,S3,1
24,94,14,97,75,72,"1,2,3",523800,157.14,A,1,S2,1
24,36,7,78,54,30,"2,3",126360,37.908,A,1,S3,1
24,3,1,113,80,29,3,262160,78.648,A,1,S1,1
24,61,10,99,55,27,3,147015,44.104,B,2,S5,1
24,50,8,71,68,41,"1,2,3",197948,59.384,A,1,S1,1
24,83,13,102,88,37,3,332112,99.634,A,1,S2,1
24,84,13,102,88,37,3,332112,99.634,B,2,S5,1
25,123,14,70,61,40,"1,2,3",170800,51.24,A,1,S1,1
25,75,8,91,87,25,3,197925,59.377,A,1,S3,1
25,34,3,70,67,42,"1,2,3",196980,59.094,A,1,S1,1
25,71,8,91,87,25,3,197925,59.377,A,1,S1,1
25,74,8,91,87,25,3,197925,59.377,C,3,S6,1
25,119,13,117,54,48,"2,3",303264,90.979,B,2,S4,1
25,81,9,67,51,47,"1,2,3",160599,48.18,B,2,S4,0
25,5,1,75,54,35,"2,3",141750,42.525,A,1,S2,0
25,50,5,78,61,27,3,128466,38.54,A,1,S3,1
25,38,3,70,67,42,"1,2,3",196980,59.094,A,1,S1,1
25,86,9,67,51,47,"1,2,3",160599,48.18,A,1,S1,1
25,134,15,64,63,59,"1,2,3",237888,71.366,C,3,S6,1
25,105,11,115,59,34,"2,3",230690,69.207,C,3,S6,0
25,103,11,115,59,34,"2,3",230690,69.207,C,3,S6,1
25,29,3,70,67,42,"1,2,3",196980,59.094,C,3,S6,1
25,35,3,70,67,42,"1,2,3",196980,59.094,C,3,S6,1
25,57,6,78,73,48,"1,2,3",273312,81.994,C,3,S6,1
25,114,13,117,54,48,"2,3",303264,90.979,C,3,S6,0
25,99,11,115,59,34,"2,3",230690,69.207,B,2,S5,1
25,2,1,75,54,35,"2,3",141750,42.525,C,3,S6,1
25,55,6,78,73,48,"1,2,3",273312,81.994,C,3,S6,0
25,80,9,67,51,47,"1,2,3",160599,48.18,A,1,S3,1
25,48,5,78,61,27,3,128466,38.54,A,1,S2,0
25,110,12,102,35,34,"2,3",121380,36.414,A,1,S2,1
25,65,7,109,87,32,3,303456,91.037,A,1,S3,1
25,100,11,115,59,34,"2,3",230690,69.207,A,1,S2,1
25,108,12,102,35,34,"2,3",121380,36.414,A,1,S2,1
25,11,1,75,54,35,"2,3",141750,42.525,A,1,S1,1
25,127,14,70,61,40,"1,2,3",170800,51.24,C,3,S6,1
25,49,5,78,61,27,3,128466,38.54,C,3,S6,1
25,83,9,67,51,47,"1,2,3",160599,48.18,C,3,S6,1
25,89,10,67,63,60,"1,2,3",253260,75.978,C,3,S6,1
25,15,1,75,54,35,"2,3",141750,42.525,B,2,S5,1
25,13,1,75,54,35,"2,3",141750,42.525,B,2,S4,1
25,95,11,115,59,34,"2,3",230690,69.207,B,2,S5,1
25,107,12,102,35,34,"2,3",121380,36.414,A,1,S2,1
25,42,4,78,71,44,"1,2,3",243672,73.102,A,1,S1,0
25,60,6,78,73,48,"1,2,3",273312,81.994,A,1,S2,1
25,124,14,70,61,40,"1,2,3",170800,51.24,A,1,S3,0
25,129,14,70,61,40,"1,2,3",170800,51.24,B,2,S4,1
25,97,11,115,59,34,"2,3",230690,69.207,A,1,S2,1
25,104,11,115,59,34,"2,3",230690,69.207,A,1,S2,1
25,67,7,109,87,32,3,303456,91.037,A,1,S1,1
25,20,2,107,60,49,"2,3",314580,94.374,B,2,S4,1
25,59,6,78,73,48,"1,2,3",273312,81.994,B,2,S5,1
25,12,1,75,54,35,"2,3",141750,42.525,C,3,S6,1
25,61,7,109,87,32,3,303456,91.037,B,2,S4,1
25,101,11,115,59,34,"2,3",230690,69.207,A,1,S2,1
25,31,3,70,67,42,"1,2,3",196980,59.094,A,1,S1,1
25,102,11,115,59,34,"2,3",230690,69.207,C,3,S6,1
25,54,6,78,73,48,"1,2,3",273312,81.994,B,2,S4,1
25,27,3,70,67,42,"1,2,3",196980,59.094,B,2,S5,1
25,52,6,78,73,48,"1,2,3",273312,81.994,B,2,S5,1
25,111,12,102,35,34,"2,3",121380,36.414,B,2,S5,1
25,131,14,70,61,40,"1,2,3",170800,51.24,B,2,S5,1
25,136,15,64,63,59,"1,2,3",237888,71.366,A,1,S3,1
25,37,3,70,67,42,"1,2,3",196980,59.094,C,3,S6,1
25,26,3,70,67,42,"1,2,3",196980,59.094,B,2,S5,1
25,78,9,67,51,47,"1,2,3",160599,48.18,B,2,S5,1
25,6,1,75,54,35,"2,3",141750,42.525,B,2,S5,1
25,22,2,107,60,49,"2,3",314580,94.374,C,3,S6,1
25,122,13,117,54,48,"2,3",303264,90.979,C,3,S6,1
25,47,5,78,61,27,3,128466,38.54,C,3,S6,1
25,64,7,109,87,32,3,303456,91.037,A,1,S3,0
25,106,11,115,59,34,"2,3",230690,69.207,A,1,S2,1
25,24,2,107,60,49,"2,3",314580,94.374,A,1,S1,1
25,23,2,107,60,49,"2,3",314580,94.374,A,1,S3,1
25,32,3,70,67,42,"1,2,3",196980,59.094,A,1,S3,1
25,25,3,70,67,42,"1,2,3",196980,59.094,C,3,S6,1
25,21,2,107,60,49,"2,3",314580,94.374,C,3,S6,1
25,96,11,115,59,34,"2,3",230690,69.207,C,3,S6,1
25,68,7,109,87,32,3,303456,91.037,C,3,S6,1
25,133,15,64,63,59,"1,2,3",237888,71.366,C,3,S6,1
25,10,1,75,54,35,"2,3",141750,42.525,A,1,S3,1
25,16,2,107,60,49,"2,3",314580,94.374,A,1,S3,1
25,82,9,67,51,47,"1,2,3",160599,48.18,A,1,S3,1
25,132,15,64,63,59,"1,2,3",237888,71.366,A,1,S2,1
25,7,1,75,54,35,"2,3",141750,42.525,C,3,S6,1
25,79,9,67,51,47,"1,2,3",160599,48.18,B,2,S5,1
25,1,1,75,54,35,"2,3",141750,42.525,B,2,S5,1
25,41,4,78,71,44,"1,2,3",243672,73.102,B,2,S5,1
25,76,8,91,87,25,3,197925,59.377,B,2,S4,1
25,70,7,109,87,32,3,303456,91.037,B,2,S5,1
25,116,13,117,54,48,"2,3",303264,90.979,B,2,S4,1
25,53,6,78,73,48,"1,2,3",273312,81.994,A,1,S2,0
25,66,7,109,87,32,3,303456,91.037,C,3,S6,1
25,109,12,102,35,34,"2,3",121380,36.414,B,2,S5,0
25,30,3,70,67,42,"1,2,3",196980,59.094,A,1,S2,1
25,43,4,78,71,44,"1,2,3",243672,73.102,B,2,S5,1
25,39,4,78,71,44,"1,2,3",243672,73.102,A,1,S1,1
25,87,9,67,51,47,"1,2,3",160599,48.18,A,1,S1,1
25,138,15,64,63,59,"1,2,3",237888,71.366,B,2,S4,1
25,135,15,64,63,59,"1,2,3",237888,71.366,B,2,S5,1
25,40,4,78,71,44,"1,2,3",243672,73.102,B,2,S4,1
25,125,14,70,61,40,"1,2,3",170800,51.24,A,1,S3,1
25,85,9,67,51,47,"1,2,3",160599,48.18,C,3,S6,1
25,28,3,70,67,42,"1,2,3",196980,59.094,C,3,S6,1
25,51,6,78,73,48,"1,2,3",273312,81.994,A,1,S1,1
25,18,2,107,60,49,"2,3",314580,94.374,A,1,S2,1
25,98,11,115,59,34,"2,3",230690,69.207,A,1,S1,1
25,117,13,117,54,48,"2,3",303264,90.979,C,3,S6,1
25,56,6,78,73,48,"1,2,3",273312,81.994,B,2,S5,0
25,63,7,109,87,32,3,303456,91.037,A,1,S3,1
25,77,9,67,51,47,"1,2,3",160599,48.18,B,2,S4,1
25,92,10,67,63,60,"1,2,3",253260,75.978,B,2,S5,1
25,4,1,75,54,35,"2,3",141750,42.525,B,2,S4,1
25,94,11,115,59,34,"2,3",230690,69.207,A,1,S3,1
25,33,3,70,67,42,"1,2,3",196980,59.094,C,3,S6,1
25,73,8,91,87,25,3,197925,59.377,C,3,S6,1
25,36,3,70,67,42,"1,2,3",196980,59.094,B,2,S4,0
25,93,10,67,63,60,"1,2,3",253260,75.978,B,2,S5,1
25,121,13,117,54,48,"2,3",303264,90.979,A,1,S2,0
25,46,5,78,61,27,3,128466,38.54,C,3,S6,1
25,88,9,67,51,47,"1,2,3",160599,48.18,C,3,S6,1
25,9,1,75,54,35,"2,3",141750,42.525,A,1,S3,1
25,19,2,107,60,49,"2,3",314580,94.374,A,1,S1,1
25,91,10,67,63,60,"1,2,3",253260,75.978,B,2,S5,1
25,130,14,70,61,40,"1,2,3",170800,51.24,B,2,S5,1
25,62,7,109,87,32,3,303456,91.037,B,2,S4,1
25,45,4,78,71,44,"1,2,3",243672,73.102,B,2,S4,1
25,115,13,117,54,48,"2,3",303264,90.979,B,2,S4,1
25,8,1,75,54,35,"2,3",141750,42.525,A,1,S1,1
25,84,9,67,51,47,"1,2,3",160599,48.18,A,1,S1,1
25,126,14,70,61,40,"1,2,3",170800,51.24,A,1,S1,1
25,137,15,64,63,59,"1,2,3",237888,71.366,A,1,S1,1
25,72,8,91,87,25,3,197925,59.377,A,1,S2,1
25,3,1,75,54,35,"2,3",141750,42.525,A,1,S1,1
25,44,4,78,71,44,"1,2,3",243672,73.102,A,1,S2,1
25,17,2,107,60,49,"2,3",314580,94.374,A,1,S2,1
25,112,12,102,35,34,"2,3",121380,36.414,A,1,S1,1
25,128,14,70,61,40,"1,2,3",170800,51.24,B,2,S4,1
25,113,12,102,35,34,"2,3",121380,36.414,B,2,S4,1
25,118,13,117,54,48,"2,3",303264,90.979,B,2,S5,1
25,14,1,75,54,35,"2,3",141750,42.525,B,2,S4,1
25,69,7,109,87,32,3,303456,91.037,B,2,S5,1
25,120,13,117,54,48,"2,3",303264,90.979,B,2,S5,1
25,58,6,78,73,48,"1,2,3",273312,81.994,B,2,S5,1
25,90,10,67,63,60,"1,2,3",253260,75.978,B,2,S5,1
26,153,14,98,48,44,"2,3",206976,62.093,A,1,S2,0
26,71,6,63,50,36,"1,2,3",113400,34.02,A,1,S3,1
26,12,1,86,71,41,"2,3",250346,75.104,A,1,S1,1
26,49,4,59,42,24,"2,3",59472,17.842,A,1,S2,1
26,105,10,71,34,32,"2,3",77248,23.174,A,1,S2,1
26,99,9,102,67,53,"1,2,3",362202,108.661,C,3,S6,1
26,125,12,50,46,42,"1,2,3",96600,28.98,C,3,S6,1
26,41,4,59,42,24,"2,3",59472,17.842,C,3,S6,0
26,18,2,75,58,58,"1,2,3",252300,75.69,B,2,S4,1
26,136,13,84,70,41,"2,3",241080,72.324,C,3,S6,1
26,132,13,84,70,41,"2,3",241080,72.324,B,2,S4,1
26,107,10,71,34,32,"2,3",77248,23.174,B,2,S4,1
26,101,10,71,34,32,"2,3",77248,23.174,B,2,S4,1
26,106,10,71,34,32,"2,3",77248,23.174,B,2,S5,1
26,7,1,86,71,41,"2,3",250346,75.104,A,1,S1,0
26,131,12,50,46,42,"1,2,3",96600,28.98,B,2,S5,1
26,119,11,88,75,53,"1,2,3",349800,104.94,B,2,S5,1
26,152,14,98,48,44,"2,3",206976,62.093,C,3,S6,1
26,14,1,86,71,41,"2,3",250346,75.104,A,1,S3,1
26,150,14,98,48,44,"2,3",206976,62.093,A,1,S3,1
26,22,2,75,58,58,"1,2,3",252300,75.69,B,2,S4,1
26,92,8,111,71,29,3,228549,68.565,B,2,S4,1
26,43,4,59,42,24,"2,3",59472,17.842,B,2,S4,1
26,97,9,102,67,53,"1,2,3",362202,108.661,B,2,S5,1
26,120,11,88,75,53,"1,2,3",349800,104.94,A,1,S1,1
26,114,11,88,75,53,"1,2,3",349800,104.94,B,2,S4,1
26,108,10,71,34,32,"2,3",77248,23.174,B,2,S5,1
26,86,8,111,71,29,3,228549,68.565,B,2,S5,1
26,143,14,98,48,44,"2,3",206976,62.093,B,2,S4,1
26,162,15,54,43,25,"2,3",58050,17.415,B,2,S5,0
26,144,14,98,48,44,"2,3",206976,62.093,C,3,S6,1
26,27,2,75,58,58,"1,2,3",252300,75.69,C,3,S6,1
26,148,14,98,48,44,"2,3",206976,62.093,A,1,S2,0
26,154,15,54,43,25,"2,3",58050,17.415,A,1,S1,1
26,66,6,63,50,36,"1,2,3",113400,34.02,B,2,S4,1
26,145,14,98,48,44,"2,3",206976,62.093,C,3,S6,1
26,134,13,84,70,41,"2,3",241080,72.324,B,2,S4,1
26,35,3,100,81,27,3,218700,65.61,B,2,S5,1
26,62,6,63,50,36,"1,2,3",113400,34.02,C,3,S6,1
26,95,9,102,67,53,"1,2,3",362202,108.661,C,3,S6,1
26,155,15,54,43,25,"2,3",58050,17.415,C,3,S6,1
26,146,14,98,48,44,"2,3",206976,62.093,C,3,S6,1
26,67,6,63,50,36,"1,2,3",113400,34.02,A,1,S2,1
26,79,7,96,72,34,3,235008,70.502,A,1,S1,1
26,109,10,71,34,32,"2,3",77248,23.174,A,1,S1,1
26,29,3,100,81,27,3,218700,65.61,B,2,S4,1
26,59,5,69,37,30,"2,3",76590,22.977,C,3,S6,1
26,47,4,59,42,24,"2,3",59472,17.842,A,1,S3,1
26,160,15,54,43,25,"2,3",58050,17.415,A,1,S1,1
26,75,7,96,72,34,3,235008,70.502,A,1,S2,1
26,5,1,86,71,41,"2,3",250346,75.104,B,2,S5,1
26,135,13,84,70,41,"2,3",241080,72.324,B,2,S5,1
26,39,3,100,81,27,3,218700,65.61,B,2,S4,1
26,129,12,50,46,42,"1,2,3",96600,28.98,B,2,S5,1
26,69,6,63,50,36,"1,2,3",113400,34.02,B,2,S4,1
26,161,15,54,43,25,"2,3",58050,17.415,B,2,S4,1
26,130,12,50,46,42,"1,2,3",96600,28.98,B,2,S4,1
26,89,8,111,71,29,3,228549,68.565,C,3,S6,1
26,104,10,71,34,32,"2,3",77248,23.174,A,1,S2,1
26,6,1,86,71,41,"2,3",250346,75.104,A,1,S3,1
26,44,4,59,42,24,"2,3",59472,17.842,A,1,S2,1
26,141,13,84,70,41,"2,3",241080,72.324,B,2,S4,1
26,164,15,54,43,25,"2,3",58050,17.415,B,2,S4,1
26,2,1,86,71,41,"2,3",250346,75.104,B,2,S5,1
26,58,5,69,37,30,"2,3",76590,22.977,B,2,S5,1
26,110,10,71,34,32,"2,3",77248,23.174,A,1,S2,0
26,56,5,69,37,30,"2,3",76590,22.977,A,1,S2,1
26,72,6,63,50,36,"1,2,3",113400,34.02,C,3,S6,1
26,80,7,96,72,34,3,235008,70.502,C,3,S6,1
26,126,12,50,46,42,"1,2,3",96600,28.98,C,3,S6,1
26,73,7,96,72,34,3,235008,70.502,C,3,S6,1
26,115,11,88,75,53,"1,2,3",349800,104.94,C,3,S6,1
26,9,1,86,71,41,"2,3",250346,75.104,B,2,S5,1
26,93,8,111,71,29,3,228549,68.565,B,2,S5,1
26,84,7,96,72,34,3,235008,70.502,C,3,S6,1
26,81,7,96,72,34,3,235008,70.502,A,1,S2,1
26,116,11,88,75,53,"1,2,3",349800,104.94,A,1,S1,1
26,68,6,63,50,36,"1,2,3",113400,34.02,A,1,S3,1
26,31,3,100,81,27,3,218700,65.61,B,2,S5,1
26,45,4,59,42,24,"2,3",59472,17.842,B,2,S4,1
26,33,3,100,81,27,3,218700,65.61,A,1,S1,1
26,55,5,69,37,30,"2,3",76590,22.977,A,1,S3,1
26,158,15,54,43,25,"2,3",58050,17.415,A,1,S2,0
26,121,11,88,75,53,"1,2,3",349800,104.94,A,1,S1,1
26,124,12,50,46,42,"1,2,3",96600,28.98,A,1,S3,1
26,112,10,71,34,32,"2,3",77248,23.174,A,1,S1,1
26,53,5,69,37,30,"2,3",76590,22.977,A,1,S3,1
26,77,7,96,72,34,3,235008,70.502,A,1,S2,0
26,38,3,100,81,27,3,218700,65.61,A,1,S3,1
26,149,14,98,48,44,"2,3",206976,62.093,A,1,S3,1
26,82,7,96,72,34,3,235008,70.502,C,3,S6,1
26,128,12,50,46,42,"1,2,3",96600,28.98,A,1,S1,1
26,133,13,84,70,41,"2,3",241080,72.324,A,1,S3,1
26,30,3,100,81,27,3,218700,65.61,B,2,S4,1
26,42,4,59,42,24,"2,3",59472,17.842,B,2,S5,1
26,113,10,71,34,32,"2,3",77248,23.174,A,1,S2,1
26,103,10,71,34,32,"2,3",77248,23.174,A,1,S1,1
26,10,1,86,71,41,"2,3",250346,75.104,A,1,S3,1
26,98,9,102,67,53,"1,2,3",362202,108.661,A,1,S2,1
26,102,10,71,34,32,"2,3",77248,23.174,A,1,S2,0
26,16,2,75,58,58,"1,2,3",252300,75.69,A,1,S2,1
26,90,8,111,71,29,3,228549,68.565,A,1,S3,1
26,25,2,75,58,58,"1,2,3",252300,75.69,A,1,S1,1
26,74,7,96,72,34,3,235008,70.502,A,1,S2,1
26,70,6,63,50,36,"1,2,3",113400,34.02,A,1,S3,1
26,151,14,98,48,44,"2,3",206976,62.093,C,3,S6,1
26,34,3,100,81,27,3,218700,65.61,B,2,S4,1
26,26,2,75,58,58,"1,2,3",252300,75.69,B,2,S5,1
26,156,15,54,43,25,"2,3",58050,17.415,B,2,S5,0
26,11,1,86,71,41,"2,3",250346,75.104,B,2,S5,1
26,138,13,84,70,41,"2,3",241080,72.324,C,3,S6,1
26,65,6,63,50,36,"1,2,3",113400,34.02,C,3,S6,1
26,123,12,50,46,42,"1,2,3",96600,28.98,C,3,S6,1
26,57,5,69,37,30,"2,3",76590,22.977,A,1,S2,1
26,8,1,86,71,41,"2,3",250346,75.104,B,2,S5,1
26,117,11,88,75,53,"1,2,3",349800,104.94,A,1,S2,0
26,137,13,84,70,41,"2,3",241080,72.324,C,3,S6,1
26,76,7,96,72,34,3,235008,70.502,A,1,S3,1
26,87,8,111,71,29,3,228549,68.565,A,1,S2,1
26,94,8,111,71,29,3,228549,68.565,A,1,S3,1
26,37,3,100,81,27,3,218700,65.61,A,1,S3,1
26,157,15,54,43,25,"2,3",58050,17.415,A,1,S2,1
26,139,13,84,70,41,"2,3",241080,72.324,A,1,S2,1
26,127,12,50,46,42,"1,2,3",96600,28.98,B,2,S5,1
26,78,7,96,72,34,3,235008,70.502,B,2,S4,1
26,64,6,63,50,36,"1,2,3",113400,34.02,B,2,S5,1
26,91,8,111,71,29,3,228549,68.565,B,2,S4,1
26,51,5,69,37,30,"2,3",76590,22.977,B,2,S5,1
26,122,12,50,46,42,"1,2,3",96600,28.98,A,1,S2,1
26,50,4,59,42,24,"2,3",59472,17.842,A,1,S3,1
26,83,7,96,72,34,3,235008,70.502,B,2,S5,0
26,100,9,102,67,53,"1,2,3",362202,108.661,A,1,S2,1
26,142,13,84,70,41,"2,3",241080,72.324,A,1,S3,1
26,13,1,86,71,41,"2,3",250346,75.104,A,1,S3,1
26,54,5,69,37,30,"2,3",76590,22.977,B,2,S4,1
26,60,6,63,50,36,"1,2,3",113400,34.02,B,2,S4,1
26,111,10,71,34,32,"2,3",77248,23.174,B,2,S5,1
26,1,1,86,71,41,"2,3",250346,75.104,B,2,S4,1
26,140,13,84,70,41,"2,3",241080,72.324,C,3,S6,1
26,24,2,75,58,58,"1,2,3",252300,75.69,C,3,S6,1
26,48,4,59,42,24,"2,3",59472,17.842,C,3,S6,1
26,21,2,75,58,58,"1,2,3",252300,75.69,A,1,S1,1
26,52,5,69,37,30,"2,3",76590,22.977,B,2,S5,1
26,36,3,100,81,27,3,218700,65.61,C,3,S6,0
26,15,2,75,58,58,"1,2,3",252300,75.69,C,3,S6,0
26,32,3,100,81,27,3,218700,65.61,C,3,S6,0
26,165,15,54,43,25,"2,3",58050,17.415,C,3,S6,1
26,85,8,111,71,29,3,228549,68.565,C,3,S6,1
26,118,11,88,75,53,"1,2,3",349800,104.94,C,3,S6,1
26,159,15,54,43,25,"2,3",58050,17.415,A,1,S2,1
26,19,2,75,58,58,"1,2,3",252300,75.69,B,2,S4,1
26,88,8,111,71,29,3,228549,68.565,B,2,S4,1
26,4,1,86,71,41,"2,3",250346,75.104,A,1,S3,1
26,3,1,86,71,41,"2,3",250346,75.104,A,1,S3,1
26,163,15,54,43,25,"2,3",58050,17.415,B,2,S5,1
26,23,2,75,58,58,"1,2,3",252300,75.69,B,2,S5,1
26,61,6,63,50,36,"1,2,3",113400,34.02,C,3,S6,1
26,147,14,98,48,44,"2,3",206976,62.093,C,3,S6,1
26,40,3,100,81,27,3,218700,65.61,C,3,S6,1
26,17,2,75,58,58,"1,2,3",252300,75.69,C,3,S6,0
26,96,9,102,67,53,"1,2,3",362202,108.661,C,3,S6,1
26,46,4,59,42,24,"2,3",59472,17.842,C,3,S6,1
26,20,2,75,58,58,"1,2,3",252300,75.69,B,2,S5,1
26,63,6,63,50,36,"1,2,3",113400,34.02,A,1,S3,1
26,28,3,100,81,27,3,218700,65.61,A,1,S2,1
27,40,4,104,66,40,"2,3",274560,82.368,A,1,S2,1
27,64,8,56,48,40,"1,2,3",107520,32.256,B,2,S4,1
27,124,15,113,63,50,"2,3",355950,106.785,B,2,S5,1
27,98,12,72,66,58,"1,2,3",275616,82.685,B,2,S5,1
27,22,3,91,83,48,"1,2,3",362544,108.763,B,2,S5,1
27,101,12,72,66,58,"1,2,3",275616,82.685,C,3,S6,1
27,78,9,67,40,22,"2,3",58960,17.688,C,3,S6,0
27,41,4,104,66,40,"2,3",274560,82.368,C,3,S6,1
27,23,3,91,83,48,"1,2,3",362544,108.763,C,3,S6,1
27,44,5,75,60,33,"2,3",148500,44.55,C,3,S6,1
27,92,11,73,61,31,"2,3",138043,41.413,C,3,S6,1
27,80,10,92,78,64,"1,2,3",459264,137.779,B,2,S5,1
27,17,2,99,56,25,3,138600,41.58,C,3,S6,1
27,95,11,73,61,31,"2,3",138043,41.413,B,2,S4,1
27,88,10,92,78,64,"1,2,3",459264,137.779,C,3,S6,1
27,50,6,113,78,60,"1,2,3",528840,158.652,B,2,S4,1
27,11,2,99,56,25,3,138600,41.58,B,2,S4,1
27,57,7,36,36,29,"1,2,3",37584,11.275,A,1,S1,1
27,27,3,91,83,48,"1,2,3",362544,108.763,A,1,S3,1
27,99,12,72,66,58,"1,2,3",275616,82.685,C,3,S6,0
27,73,9,67,40,22,"2,3",58960,17.688,B,2,S5,1
27,37,4,104,66,40,"2,3",274560,82.368,B,2,S4,1
27,29,4,104,66,40,"2,3",274560,82.368,C,3,S6,1
27,49,6,113,78,60,"1,2,3",528840,158.652,B,2,S5,1
27,28,3,91,83,48,"1,2,3",362544,108.763,B,2,S4,1
27,45,5,75,60,33,"2,3",148500,44.55,A,1,S2,1
27,42,5,75,60,33,"2,3",148500,44.55,A,1,S1,1
27,121,15,113,63,50,"2,3",355950,106.785,A,1,S2,1
27,66,8,56,48,40,"1,2,3",107520,32.256,A,1,S2,1
27,79,10,92,78,64,"1,2,3",459264,137.779,A,1,S1,1
27,76,9,67,40,22,"2,3",58960,17.688,A,1,S1,1
27,59,7,36,36,29,"1,2,3",37584,11.275,B,2,S5,1
27,127,15,113,63,50,"2,3",355950,106.785,B,2,S5,1
27,71,9,67,40,22,"2,3",58960,17.688,C,3,S6,0
27,60,7,36,36,29,"1,2,3",37584,11.275,B,2,S4,1
27,33,4,104,66,40,"2,3",274560,82.368,B,2,S4,1
27,108,13,56,44,26,"2,3",64064,19.219,B,2,S4,1
27,10,1,118,66,47,"2,3",366036,109.811,A,1,S3,1
27,113,14,93,65,34,"2,3",205530,61.659,B,2,S4,1
27,35,4,104,66,40,"2,3",274560,82.368,B,2,S4,1
27,112,13,56,44,26,"2,3",64064,19.219,A,1,S2,1
27,25,3,91,83,48,"1,2,3",362544,108.763,A,1,S3,1
27,93,11,73,61,31,"2,3",138043,41.413,B,2,S5,1
27,7,1,118,66,47,"2,3",366036,109.811,B,2,S5,1
27,69,8,56,48,40,"1,2,3",107520,32.256,C,3,S6,1
27,47,6,113,78,60,"1,2,3",528840,158.652,C,3,S6,1
27,67,8,56,48,40,"1,2,3",107520,32.256,C,3,S6,1
27,111,13,56,44,26,"2,3",64064,19.219,C,3,S6,1
27,118,14,93,65,34,"2,3",205530,61.659,A,1,S3,1
27,13,2,99,56,25,3,138600,41.58,A,1,S3,1
27,116,14,93,65,34,"2,3",205530,61.659,A,1,S1,1
27,31,4,104,66,40,"2,3",274560,82.368,A,1,S1,0
27,96,12,72,66,58,"1,2,3",275616,82.685,A,1,S1,1
27,128,15,113,63,50,"2,3",355950,106.785,A,1,S2,1
27,81,10,92,78,64,"1,2,3",459264,137.779,A,1,S1,1
27,100,12,72,66,58,"1,2,3",275616,82.685,A,1,S3,1
27,20,3,91,83,48,"1,2,3",362544,108.763,C,3,S6,1
27,1,1,118,66,47,"2,3",366036,109.811,C,3,S6,1
27,63,8,56,48,40,"1,2,3",107520,32.256,B,2,S5,1
27,38,4,104,66,40,"2,3",274560,82.368,B,2,S4,0
27,109,13,56,44,26,"2,3",64064,19.219,B,2,S4,0
27,43,5,75,60,33,"2,3",148500,44.55,A,1,S3,1
27,83,10,92,78,64,"1,2,3",459264,137.779,A,1,S1,1
27,77,9,67,40,22,"2,3",58960,17.688,A,1,S1,1
27,122,15,113,63,50,"2,3",355950,106.785,A,1,S1,1
27,8,1,118,66,47,"2,3",366036,109.811,C,3,S6,1
27,87,10,92,78,64,"1,2,3",459264,137.779,C,3,S6,1
27,2,1,118,66,47,"2,3",366036,109.811,C,3,S6,0
27,51,7,36,36,29,"1,2,3",37584,11.275,C,3,S6,1
27,97,12,72,66,58,"1,2,3",275616,82.685,A,1,S3,0
27,39,4,104,66,40,"2,3",274560,82.368,A,1,S3,1
27,19,2,99,56,25,3,138600,41.58,B,2,S4,1
27,120,14,93,65,34,"2,3",205530,61.659,B,2,S5,1
27,30,4,104,66,40,"2,3",274560,82.368,A,1,S1,1
27,6,1,118,66,47,"2,3",366036,109.811,A,1,S1,1
27,84,10,92,78,64,"1,2,3",459264,137.779,B,2,S4,0
27,15,2,99,56,25,3,138600,41.58,B,2,S5,1
27,53,7,36,36,29,"1,2,3",37584,11.275,B,2,S4,1
27,75,9,67,40,22,"2,3",58960,17.688,B,2,S4,1
27,123,15,113,63,50,"2,3",355950,106.785,C,3,S6,1
27,106,13,56,44,26,"2,3",64064,19.219,A,1,S3,1
27,62,8,56,48,40,"1,2,3",107520,32.256,A,1,S2,1
27,104,13,56,44,26,"2,3",64064,19.219,A,1,S3,1
27,110,13,56,44,26,"2,3",64064,19.219,C,3,S6,0
27,119,14,93,65,34,"2,3",205530,61.659,C,3,S6,1
27,117,14,93,65,34,"2,3",205530,61.659,A,1,S1,1
27,85,10,92,78,64,"1,2,3",459264,137.779,A,1,S2,1
27,58,7,36,36,29,"1,2,3",37584,11.275,A,1,S1,0
27,26,3,91,83,48,"1,2,3",362544,108.763,B,2,S4,1
27,103,12,72,66,58,"1,2,3",275616,82.685,C,3,S6,1
27,24,3,91,83,48,"1,2,3",362544,108.763,C,3,S6,1
27,74,9,67,40,22,"2,3",58960,17.688,C,3,S6,1
27,105,13,56,44,26,"2,3",64064,19.219,A,1,S1,1
27,21,3,91,83,48,"1,2,3",362544,108.763,C,3,S6,1
27,4,1,118,66,47,"2,3",366036,109.811,A,1,S1,1
27,16,2,99,56,25,3,138600,41.58,A,1,S1,1
27,18,2,99,56,25,3,138600,41.58,B,2,S5,1
27,32,4,104,66,40,"2,3",274560,82.368,C,3,S6,1
27,65,8,56,48,40,"1,2,3",107520,32.256,A,1,S3,1
27,52,7,36,36,29,"1,2,3",37584,11.275,B,2,S5,1
27,114,14,93,65,34,"2,3",205530,61.659,A,1,S3,1
27,46,6,113,78,60,"1,2,3",528840,158.652,C,3,S6,1
27,86,10,92,78,64,"1,2,3",459264,137.779,A,1,S3,1
27,34,4,104,66,40,"2,3",274560,82.368,A,1,S3,1
27,12,2,99,56,25,3,138600,41.58,B,2,S5,1
27,107,13,56,44,26,"2,3",64064,19.219,A,1,S3,1
27,9,1,118,66,47,"2,3",366036,109.811,A,1,S2,1
27,55,7,36,36,29,"1,2,3",37584,11.275,A,1,S3,1
27,126,15,113,63,50,"2,3",355950,106.785,A,1,S3,1
27,72,9,67,40,22,"2,3",58960,17.688,A,1,S2,1
27,125,15,113,63,50,"2,3",355950,106.785,A,1,S3,1
27,36,4,104,66,40,"2,3",274560,82.368,B,2,S5,1
27,5,1,118,66,47,"2,3",366036,109.811,B,2,S5,1
27,61,8,56,48,40,"1,2,3",107520,32.256,A,1,S3,1
27,54,7,36,36,29,"1,2,3",37584,11.275,A,1,S2,1
27,14,2,99,56,25,3,138600,41.58,A,1,S1,1
27,70,8,56,48,40,"1,2,3",107520,32.256,C,3,S6,1
27,82,10,92,78,64,"1,2,3",459264,137.779,C,3,S6,1
27,48,6,113,78,60,"1,2,3",528840,158.652,B,2,S4,1
27,89,10,92,78,64,"1,2,3",459264,137.779,B,2,S4,1
27,115,14,93,65,34,"2,3",205530,61.659,B,2,S4,1
27,68,8,56,48,40,"1,2,3",107520,32.256,B,2,S5,0
27,91,11,73,61,31,"2,3",138043,41.413,A,1,S2,1
27,3,1,118,66,47,"2,3",366036,109.811,B,2,S4,1
27,56,7,36,36,29,"1,2,3",37584,11.275,B,2,S5,1
27,90,11,73,61,31,"2,3",138043,41.413,B,2,S5,1
27,102,12,72,66,58,"1,2,3",275616,82.685,B,2,S5,0
27,94,11,73,61,31,"2,3",138043,41.413,B,2,S5,1
28,136,14,66,33,20,"2,3",43560,13.068,B,2,S4,0
28,51,6,93,85,23,3,181815,54.544,B,2,S5,1
28,87,10,86,60,36,"2,3",185760,55.728,A,1,S3,1
28,130,14,66,33,20,"2,3",43560,13.068,A,1,S2,1
28,45,6,93,85,23,3,181815,54.544,A,1,S1,1
28,122,13,79,71,42,"1,2,3",235578,70.673,A,1,S2,1
28,46,6,93,85,23,3,181815,54.544,A,1,S2,1
28,9,1,62,59,52,"1,2,3",190216,57.065,A,1,S2,1
28,113,12,103,69,22,3,156354,46.906,A,1,S1,1
28,135,14,66,33,20,"2,3",43560,13.068,C,3,S6,1
28,100,11,92,47,34,"2,3",147016,44.105,C,3,S6,1
28,12,1,62,59,52,"1,2,3",190216,57.065,A,1,S1,1
28,134,14,66,33,20,"2,3",43560,13.068,A,1,S1,1
28,37,5,52,50,37,"1,2,3",96200,28.86,A,1,S3,1
28,15,2,54,52,50,"1,2,3",140400,42.12,A,1,S3,1
28,111,12,103,69,22,3,156354,46.906,C,3,S6,1
28,84,10,86,60,36,"2,3",185760,55.728,C,3,S6,0
28,102,11,92,47,34,"2,3",147016,44.105,B,2,S4,0
28,18,2,54,52,50,"1,2,3",140400,42.12,A,1,S3,1
28,58,7,90,38,38,"2,3",129960,38.988,A,1,S2,1
28,144,15,100,93,45,3,418500,125.55,A,1,S3,1
28,23,3,102,69,65,"1,2,3",457470,137.241,A,1,S2,1
28,25,3,102,69,65,"1,2,3",457470,137.241,A,1,S2,1
28,55,7,90,38,38,"2,3",129960,38.988,B,2,S5,1
28,96,11,92,47,34,"2,3",147016,44.105,A,1,S3,1
28,75,9,38,31,26,"1,2,3",30628,9.188,C,3,S6,1
28,119,13,79,71,42,"1,2,3",235578,70.673,C,3,S6,1
28,49,6,93,85,23,3,181815,54.544,C,3,S6,1
28,125,13,79,71,42,"1,2,3",235578,70.673,A,1,S1,1
28,6,1,62,59,52,"1,2,3",190216,57.065,B,2,S5,1
28,41,6,93,85,23,3,181815,54.544,B,2,S4,1
28,91,10,86,60,36,"2,3",185760,55.728,B,2,S4,1
28,93,10,86,60,36,"2,3",185760,55.728,A,1,S3,1
28,82,10,86,60,36,"2,3",185760,55.728,A,1,S2,0
28,59,7,90,38,38,"2,3",129960,38.988,A,1,S1,1
28,128,13,79,71,42,"1,2,3",235578,70.673,A,1,S3,1
28,63,8,66,60,40,"1,2,3",158400,47.52,A,1,S2,1
28,83,10,86,60,36,"2,3",185760,55.728,A,1,S3,1
28,38,5,52,50,37,"1,2,3",96200,28.86,B,2,S5,0
28,126,13,79,71,42,"1,2,3",235578,70.673,B,2,S5,1
28,121,13,79,71,42,"1,2,3",235578,70.673,B,2,S4,1
28,73,9,38,31,26,"1,2,3",30628,9.188,B,2,S5,1
28,16,2,54,52,50,"1,2,3",140400,42.12,C,3,S6,1
28,106,12,103,69,22,3,156354,46.906,A,1,S1,1
28,8,1,62,59,52,"1,2,3",190216,57.065,A,1,S1,1
28,24,3,102,69,65,"1,2,3",457470,137.241,A,1,S1,1
28,22,3,102,69,65,"1,2,3",457470,137.241,A,1,S3,0
28,2,1,62,59,52,"1,2,3",190216,57.065,C,3,S6,1
28,123,13,79,71,42,"1,2,3",235578,70.673,C,3,S6,1
28,27,3,102,69,65,"1,2,3",457470,137.241,B,2,S5,1
28,138,14,66,33,20,"2,3",43560,13.068,C,3,S6,1
28,69,9,38,31,26,"1,2,3",30628,9.188,B,2,S5,1
28,26,3,102,69,65,"1,2,3",457470,137.241,B,2,S4,0
28,28,4,97,76,46,"2,3",339112,101.734,B,2,S4,1
28,4,1,62,59,52,"1,2,3",190216,57.065,C,3,S6,1
28,89,10,86,60,36,"2,3",185760,55.728,A,1,S1,1
28,148,15,100,93,45,3,418500,125.55,A,1,S2,1
28,5,1,62,59,52,"1,2,3",190216,57.065,A,1,S3,1
28,150,15,100,93,45,3,418500,125.55,A,1,S2,1
28,99,11,92,47,34,"2,3",147016,44.105,A,1,S2,1
28,133,14,66,33,20,"2,3",43560,13.068,A,1,S1,1
28,31,4,97,76,46,"2,3",339112,101.734,A,1,S1,1
28,40,6,93,85,23,3,181815,54.544,B,2,S4,1
28,129,13,79,71,42,"1,2,3",235578,70.673,B,2,S5,1
28,78,10,86,60,36,"2,3",185760,55.728,B,2,S4,1
28,11,1,62,59,52,"1,2,3",190216,57.065,B,2,S5,0
28,85,10,86,60,36,"2,3",185760,55.728,B,2,S5,1
28,131,14,66,33,20,"2,3",43560,13.068,B,2,S4,1
28,142,15,100,93,45,3,418500,125.55,B,2,S5,1
28,101,11,92,47,34,"2,3",147016,44.105,B,2,S5,1
28,53,7,90,38,38,"2,3",129960,38.988,A,1,S2,1
28,47,6,93,85,23,3,181815,54.544,A,1,S1,0
28,65,8,66,60,40,"1,2,3",158400,47.52,C,3,S6,1
28,70,9,38,31,26,"1,2,3",30628,9.188,C,3,S6,1
28,13,1,62,59,52,"1,2,3",190216,57.065,C,3,S6,1
28,147,15,100,93,45,3,418500,125.55,C,3,S6,1
28,60,7,90,38,38,"2,3",129960,38.988,A,1,S3,1
28,98,11,92,47,34,"2,3",147016,44.105,A,1,S2,1
28,80,10,86,60,36,"2,3",185760,55.728,B,2,S5,1
28,97,11,92,47,34,"2,3",147016,44.105,A,1,S1,1
28,117,13,79,71,42,"1,2,3",235578,70.673,B,2,S4,1
28,19,2,54,52,50,"1,2,3",140400,42.12,B,2,S5,1
28,14,1,62,59,52,"1,2,3",190216,57.065,B,2,S5,1
28,33,4,97,76,46,"2,3",339112,101.734,B,2,S4,1
28,90,10,86,60,36,"2,3",185760,55.728,B,2,S4,1
28,103,11,92,47,34,"2,3",147016,44.105,B,2,S4,1
28,7,1,62,59,52,"1,2,3",190216,57.065,B,2,S4,1
28,52,7,90,38,38,"2,3",129960,38.988,C,3,S6,1
28,64,8,66,60,40,"1,2,3",158400,47.52,C,3,S6,1
28,149,15,100,93,45,3,418500,125.55,B,2,S4,1
28,143,15,100,93,45,3,418500,125.55,C,3,S6,1
28,112,12,103,69,22,3,156354,46.906,C,3,S6,1
28,152,15,100,93,45,3,418500,125.55,A,1,S2,1
28,62,7,90,38,38,"2,3",129960,38.988,A,1,S1,1
28,56,7,90,38,38,"2,3",129960,38.988,C,3,S6,1
28,3,1,62,59,52,"1,2,3",190216,57.065,B,2,S4,1
28,29,4,97,76,46,"2,3",339112,101.734,A,1,S3,1
28,32,4,97,76,46,"2,3",339112,101.734,A,1,S1,1
28,77,10,86,60,36,"2,3",185760,55.728,A,1,S1,1
28,36,5,52,50,37,"1,2,3",96200,28.86,A,1,S1,1
28,115,12,103,69,22,3,156354,46.906,A,1,S2,1
28,67,8,66,60,40,"1,2,3",158400,47.52,A,1,S2,1
28,76,9,38,31,26,"1,2,3",30628,9.188,A,1,S3,0
28,92,10,86,60,36,"2,3",185760,55.728,A,1,S3,1
28,88,10,86,60,36,"2,3",185760,55.728,B,2,S4,0
28,145,15,100,93,45,3,418500,125.55,C,3,S6,1
28,20,3,102,69,65,"1,2,3",457470,137.241,C,3,S6,1
28,137,14,66,33,20,"2,3",43560,13.068,B,2,S4,1
28,139,14,66,33,20,"2,3",43560,13.068,C,3,S6,1
28,86,10,86,60,36,"2,3",185760,55.728,B,2,S4,1
28,81,10,86,60,36,"2,3",185760,55.728,B,2,S5,1
28,132,14,66,33,20,"2,3",43560,13.068,B,2,S5,1
28,95,11,92,47,34,"2,3",147016,44.105,C,3,S6,0
28,105,11,92,47,34,"2,3",147016,44.105,A,1,S3,1
28,114,12,103,69,22,3,156354,46.906,A,1,S2,1
28,71,9,38,31,26,"1,2,3",30628,9.188,A,1,S2,1
28,72,9,38,31,26,"1,2,3",30628,9.188,A,1,S3,1
28,74,9,38,31,26,"1,2,3",30628,9.188,A,1,S1,1
28,34,5,52,50,37,"1,2,3",96200,28.86,A,1,S1,0
28,61,7,90,38,38,"2,3",129960,38.988,B,2,S4,1
28,109,12,103,69,22,3,156354,46.906,B,2,S4,1
28,48,6,93,85,23,3,181815,54.544,B,2,S4,1
28,94,10,86,60,36,"2,3",185760,55.728,B,2,S4,1
28,79,10,86,60,36,"2,3",185760,55.728,B,2,S5,1
28,44,6,93,85,23,3,181815,54.544,B,2,S4,0
28,116,12,103,69,22,3,156354,46.906,B,2,S5,1
28,104,11,92,47,34,"2,3",147016,44.105,A,1,S2,1
28,118,13,79,71,42,"1,2,3",235578,70.673,B,2,S5,1
28,21,3,102,69,65,"1,2,3",457470,137.241,A,1,S3,1
28,30,4,97,76,46,"2,3",339112,101.734,A,1,S1,1
28,127,13,79,71,42,"1,2,3",235578,70.673,A,1,S2,1
28,43,6,93,85,23,3,181815,54.544,C,3,S6,1
28,120,13,79,71,42,"1,2,3",235578,70.673,C,3,S6,1
28,57,7,90,38,38,"2,3",129960,38.988,C,3,S6,1
28,140,15,100,93,45,3,418500,125.55,C,3,S6,1
28,124,13,79,71,42,"1,2,3",235578,70.673,C,3,S6,0
28,68,9,38,31,26,"1,2,3",30628,9.188,A,1,S1,1
28,10,1,62,59,52,"1,2,3",190216,57.065,B,2,S4,1
28,42,6,93,85,23,3,181815,54.544,B,2,S4,1
28,17,2,54,52,50,"1,2,3",140400,42.12,B,2,S5,1
28,1,1,62,59,52,"1,2,3",190216,57.065,C,3,S6,1
28,54,7,90,38,38,"2,3",129960,38.988,C,3,S6,1
28,66,8,66,60,40,"1,2,3",158400,47.52,C,3,S6,1
28,141,15,100,93,45,3,418500,125.55,C,3,S6,1
28,110,12,103,69,22,3,156354,46.906,B,2,S5,1
28,39,5,52,50,37,"1,2,3",96200,28.86,B,2,S4,1
28,107,12,103,69,22,3,156354,46.906,B,2,S5,1
28,151,15,100,93,45,3,418500,125.55,C,3,S6,1
28,146,15,100,93,45,3,418500,125.55,B,2,S5,1
28,108,12,103,69,22,3,156354,46.906,C,3,S6,1
28,50,6,93,85,23,3,181815,54.544,C,3,S6,1
28,35,5,52,50,37,"1,2,3",96200,28.86,C,3,S6,1
29,54,6,57,47,32,"1,2,3",85728,25.718,A,1,S2,0
29,23,3,112,48,28,"2,3",150528,45.158,A,1,S1,1
29,125,14,91,67,40,"2,3",243880,73.164,A,1,S1,1
29,89,10,118,94,68,"1,2,3",754256,226.277,B,2,S4,1
29,34,4,78,47,26,"2,3",95316,28.595,B,2,S5,1
29,21,3,112,48,28,"2,3",150528,45.158,B,2,S4,1
29,7,1,91,58,57,"1,2,3",300846,90.254,B,2,S5,1
29,66,7,54,47,40,"1,2,3",101520,30.456,A,1,S3,1
29,95,11,98,63,36,"2,3",222264,66.679,C,3,S6,1
29,5,1,91,58,57,"1,2,3",300846,90.254,C,3,S6,1
29,118,13,86,59,39,"2,3",197886,59.366,A,1,S1,1
29,82,9,89,86,54,"1,2,3",413316,123.995,A,1,S2,1
29,100,12,81,42,38,"2,3",129276,38.783,B,2,S5,1
29,2,1,91,58,57,"1,2,3",300846,90.254,B,2,S4,1
29,124,14,91,67,40,"2,3",243880,73.164,B,2,S5,1
29,50,6,57,47,32,"1,2,3",85728,25.718,B,2,S4,1
29,122,13,86,59,39,"2,3",197886,59.366,A,1,S2,1
29,15,2,92,78,53,"1,2,3",380328,114.098,A,1,S2,1
29,20,3,112,48,28,"2,3",150528,45.158,A,1,S3,1
29,12,2,92,78,53,"1,2,3",380328,114.098,A,1,S2,0
29,117,13,86,59,39,"2,3",197886,59.366,A,1,S1,1
29,37,4,78,47,26,"2,3",95316,28.595,A,1,S2,1
29,9,1,91,58,57,"1,2,3",300846,90.254,B,2,S5,1
29,99,12,81,42,38,"2,3",129276,38.783,C,3,S6,0
29,135,15,73,61,41,"1,2,3",182573,54.772,C,3,S6,1
29,19,2,92,78,53,"1,2,3",380328,114.098,C,3,S6,1
29,45,5,41,40,28,"1,2,3",45920,13.776,A,1,S2,1
29,138,15,73,61,41,"1,2,3",182573,54.772,B,2,S4,1
29,4,1,91,58,57,"1,2,3",300846,90.254,C,3,S6,1
29,36,4,78,47,26,"2,3",95316,28.595,B,2,S5,1
29,75,8,85,80,25,3,170000,51.0,A,1,S3,1
29,58,7,54,47,40,"1,2,3",101520,30.456,A,1,S3,1
29,110,13,86,59,39,"2,3",197886,59.366,A,1,S1,1
29,119,13,86,59,39,"2,3",197886,59.366,C,3,S6,1
29,120,13,86,59,39,"2,3",197886,59.366,C,3,S6,1
29,11,2,92,78,53,"1,2,3",380328,114.098,A,1,S3,1
29,116,13,86,59,39,"2,3",197886,59.366,C,3,S6,1
29,87,10,118,94,68,"1,2,3",754256,226.277,A,1,S3,1
29,92,11,98,63,36,"2,3",222264,66.679,C,3,S6,1
29,137,15,73,61,41,"1,2,3",182573,54.772,C,3,S6,1
29,102,12,81,42,38,"2,3",129276,38.783,C,3,S6,1
29,41,5,41,40,28,"1,2,3",45920,13.776,C,3,S6,1
29,114,13,86,59,39,"2,3",197886,59.366,C,3,S6,1
29,132,14,91,67,40,"2,3",243880,73.164,B,2,S5,1
29,126,14,91,67,40,"2,3",243880,73.164,B,2,S5,1
29,51,6,57,47,32,"1,2,3",85728,25.718,B,2,S4,1
29,70,8,85,80,25,3,170000,51.0,B,2,S4,1
29,121,13,86,59,39,"2,3",197886,59.366,B,2,S4,1
29,16,2,92,78,53,"1,2,3",380328,114.098,B,2,S5,1
29,22,3,112,48,28,"2,3",150528,45.158,C,3,S6,1
29,107,12,81,42,38,"2,3",129276,38.783,C,3,S6,0
29,109,12,81,42,38,"2,3",129276,38.783,A,1,S2,0
29,68,8,85,80,25,3,170000,51.0,A,1,S2,1
29,113,13,86,59,39,"2,3",197886,59.366,A,1,S3,1
29,97,11,98,63,36,"2,3",222264,66.679,A,1,S1,1
29,74,8,85,80,25,3,170000,51.0,A,1,S2,1
29,8,1,91,58,57,"1,2,3",300846,90.254,C,3,S6,1
29,77,9,89,86,54,"1,2,3",413316,123.995,C,3,S6,1
29,38,5,41,40,28,"1,2,3",45920,13.776,A,1,S1,1
29,59,7,54,47,40,"1,2,3",101520,30.456,B,2,S5,0
29,127,14,91,67,40,"2,3",243880,73.164,A,1,S3,1
29,17,2,92,78,53,"1,2,3",380328,114.098,B,2,S4,1
29,85,10,118,94,68,"1,2,3",754256,226.277,A,1,S2,1
29,115,13,86,59,39,"2,3",197886,59.366,A,1,S1,1
29,48,5,41,40,28,"1,2,3",45920,13.776,A,1,S1,1
29,67,7,54,47,40,"1,2,3",101520,30.456,A,1,S1,1
29,28,3,112,48,28,"2,3",150528,45.158,C,3,S6,1
29,29,3,112,48,28,"2,3",150528,45.158,B,2,S5,1
29,111,13,86,59,39,"2,3",197886,59.366,B,2,S4,1
29,57,7,54,47,40,"1,2,3",101520,30.456,B,2,S5,0
29,71,8,85,80,25,3,170000,51.0,B,2,S5,1
29,83,9,89,86,54,"1,2,3",413316,123.995,B,2,S4,1
29,130,14,91,67,40,"2,3",243880,73.164,B,2,S5,1
29,91,11,98,63,36,"2,3",222264,66.679,B,2,S4,1
29,79,9,89,86,54,"1,2,3",413316,123.995,B,2,S4,1
29,60,7,54,47,40,"1,2,3",101520,30.456,B,2,S4,1
29,27,3,112,48,28,"2,3",150528,45.158,B,2,S4,0
29,96,11,98,63,36,"2,3",222264,66.679,C,3,S6,1
29,53,6,57,47,32,"1,2,3",85728,25.718,C,3,S6,1
29,134,15,73,61,41,"1,2,3",182573,54.772,C,3,S6,1
29,18,2,92,78,53,"1,2,3",380328,114.098,C,3,S6,1
29,105,12,81,42,38,"2,3",129276,38.783,C,3,S6,1
29,123,14,91,67,40,"2,3",243880,73.164,C,3,S6,1
29,10,1,91,58,57,"1,2,3",300846,90.254,B,2,S4,1
29,3,1,91,58,57,"1,2,3",300846,90.254,A,1,S3,1
29,72,8,85,80,25,3,170000,51.0,A,1,S1,0
29,56,7,54,47,40,"1,2,3",101520,30.456,B,2,S4,1
29,30,4,78,47,26,"2,3",95316,28.595,B,2,S5,1
29,64,7,54,47,40,"1,2,3",101520,30.456,C,3,S6,0
29,43,5,41,40,28,"1,2,3",45920,13.776,C,3,S6,1
29,69,8,85,80,25,3,170000,51.0,C,3,S6,1
29,31,4,78,47,26,"2,3",95316,28.595,B,2,S5,1
29,101,12,81,42,38,"2,3",129276,38.783,A,1,S1,1
29,104,12,81,42,38,"2,3",129276,38.783,B,2,S4,1
29,44,5,41,40,28,"1,2,3",45920,13.776,A,1,S2,1
29,131,14,91,67,40,"2,3",243880,73.164,A,1,S1,1
29,42,5,41,40,28,"1,2,3",45920,13.776,C,3,S6,0
29,32,4,78,47,26,"2,3",95316,28.595,C,3,S6,1
29,112,13,86,59,39,"2,3",197886,59.366,A,1,S3,0
29,80,9,89,86,54,"1,2,3",413316,123.995,A,1,S3,1
29,61,7,54,47,40,"1,2,3",101520,30.456,A,1,S2,1
29,49,5,41,40,28,"1,2,3",45920,13.776,A,1,S2,1
29,13,2,92,78,53,"1,2,3",380328,114.098,A,1,S2,1
29,46,5,41,40,28,"1,2,3",45920,13.776,C,3,S6,1
29,106,12,81,42,38,"2,3",129276,38.783,C,3,S6,1
29,73,8,85,80,25,3,170000,51.0,C,3,S6,1
29,78,9,89,86,54,"1,2,3",413316,123.995,C,3,S6,0
29,129,14,91,67,40,"2,3",243880,73.164,A,1,S1,1
29,86,10,118,94,68,"1,2,3",754256,226.277,A,1,S1,1
29,52,6,57,47,32,"1,2,3",85728,25.718,B,2,S4,1
29,81,9,89,86,54,"1,2,3",413316,123.995,A,1,S1,1
29,26,3,112,48,28,"2,3",150528,45.158,A,1,S1,1
29,76,8,85,80,25,3,170000,51.0,A,1,S3,1
29,35,4,78,47,26,"2,3",95316,28.595,B,2,S4,1
29,103,12,81,42,38,"2,3",129276,38.783,A,1,S2,1
29,90,10,118,94,68,"1,2,3",754256,226.277,B,2,S5,1
29,33,4,78,47,26,"2,3",95316,28.595,B,2,S4,1
29,55,7,54,47,40,"1,2,3",101520,30.456,A,1,S3,1
29,98,11,98,63,36,"2,3",222264,66.679,A,1,S1,1
29,93,11,98,63,36,"2,3",222264,66.679,A,1,S3,1
29,40,5,41,40,28,"1,2,3",45920,13.776,B,2,S4,1
29,94,11,98,63,36,"2,3",222264,66.679,A,1,S1,0
29,14,2,92,78,53,"1,2,3",380328,114.098,B,2,S5,1
29,24,3,112,48,28,"2,3",150528,45.158,B,2,S5,1
29,25,3,112,48,28,"2,3",150528,45.158,B,2,S5,1
29,62,7,54,47,40,"1,2,3",101520,30.456,B,2,S5,1
29,133,15,73,61,41,"1,2,3",182573,54.772,B,2,S5,1
29,88,10,118,94,68,"1,2,3",754256,226.277,B,2,S5,1
29,108,12,81,42,38,"2,3",129276,38.783,B,2,S4,1
29,84,10,118,94,68,"1,2,3",754256,226.277,B,2,S5,1
29,6,1,91,58,57,"1,2,3",300846,90.254,A,1,S1,1
29,39,5,41,40,28,"1,2,3",45920,13.776,A,1,S3,1
29,1,1,91,58,57,"1,2,3",300846,90.254,A,1,S3,1
29,128,14,91,67,40,"2,3",243880,73.164,A,1,S1,1
29,47,5,41,40,28,"1,2,3",45920,13.776,B,2,S5,1
29,136,15,73,61,41,"1,2,3",182573,54.772,A,1,S2,1
29,63,7,54,47,40,"1,2,3",101520,30.456,A,1,S3,1
29,65,7,54,47,40,"1,2,3",101520,30.456,A,1,S2,1
30,113,12,93,73,55,"1,2,3",373395,112.018,C,3,S6,1
30,76,9,76,70,51,"1,2,3",271320,81.396,C,3,S6,0
30,55,6,120,71,47,"2,3",400440,120.132,C,3,S6,1
30,6,1,64,53,32,"2,3",108544,32.563,C,3,S6,1
30,132,15,98,53,36,"2,3",186984,56.095,C,3,S6,1
30,66,7,109,57,41,"2,3",254733,76.42,C,3,S6,1
30,126,14,89,58,53,"1,2,3",273586,82.076,C,3,S6,0
30,37,4,109,68,59,"1,2,3",437308,131.192,C,3,S6,1
30,62,7,109,57,41,"2,3",254733,76.42,A,1,S1,1
30,118,13,101,75,75,"1,2,3",568125,170.438,C,3,S6,1
30,28,3,49,32,30,"1,2,3",47040,14.112,C,3,S6,1
30,7,1,64,53,32,"2,3",108544,32.563,C,3,S6,1
30,79,9,76,70,51,"1,2,3",271320,81.396,C,3,S6,1
30,63,7,109,57,41,"2,3",254733,76.42,A,1,S3,1
30,35,4,109,68,59,"1,2,3",437308,131.192,C,3,S6,1
30,114,12,93,73,55,"1,2,3",373395,112.018,A,1,S3,1
30,135,15,98,53,36,"2,3",186984,56.095,A,1,S3,1
30,57,6,120,71,47,"2,3",400440,120.132,B,2,S5,1
30,18,2,51,42,28,"1,2,3",59976,17.993,C,3,S6,1
30,107,12,93,73,55,"1,2,3",373395,112.018,C,3,S6,0
30,11,2,51,42,28,"1,2,3",59976,17.993,A,1,S2,1
30,108,12,93,73,55,"1,2,3",373395,112.018,A,1,S3,1
30,46,5,66,43,32,"2,3",90816,27.245,A,1,S2,1
30,125,14,89,58,53,"1,2,3",273586,82.076,A,1,S3,1
30,111,12,93,73,55,"1,2,3",373395,112.018,A,1,S3,1
30,128,15,98,53,36,"2,3",186984,56.095,C,3,S6,1
30,4,1,64,53,32,"2,3",108544,32.563,A,1,S3,1
30,122,14,89,58,53,"1,2,3",273586,82.076,A,1,S1,1
30,90,10,85,40,26,"2,3",88400,26.52,A,1,S2,1
30,48,5,66,43,32,"2,3",90816,27.245,A,1,S2,1
30,64,7,109,57,41,"2,3",254733,76.42,A,1,S2,1
30,1,1,64,53,32,"2,3",108544,32.563,A,1,S3,0
30,68,8,100,70,28,3,196000,58.8,A,1,S3,1
30,51,5,66,43,32,"2,3",90816,27.245,A,1,S3,1
30,9,1,64,53,32,"2,3",108544,32.563,B,2,S5,1
30,110,12,93,73,55,"1,2,3",373395,112.018,A,1,S1,1
30,16,2,51,42,28,"1,2,3",59976,17.993,A,1,S3,1
30,105,12,93,73,55,"1,2,3",373395,112.018,A,1,S3,0
30,88,10,85,40,26,"2,3",88400,26.52,A,1,S2,1
30,21,2,51,42,28,"1,2,3",59976,17.993,B,2,S4,1
30,44,5,66,43,32,"2,3",90816,27.245,B,2,S5,1
30,39,4,109,68,59,"1,2,3",437308,131.192,B,2,S4,1
30,34,4,109,68,59,"1,2,3",437308,131.192,B,2,S4,1
30,15,2,51,42,28,"1,2,3",59976,17.993,B,2,S5,0
30,60,6,120,71,47,"2,3",400440,120.132,C,3,S6,1
30,20,2,51,42,28,"1,2,3",59976,17.993,B,2,S5,1
30,72,8,100,70,28,3,196000,58.8,B,2,S5,1
30,133,15,98,53,36,"2,3",186984,56.095,A,1,S1,1
30,70,8,100,70,28,3,196000,58.8,B,2,S4,1
30,42,5,66,43,32,"2,3",90816,27.245,C,3,S6,1
30,61,7,109,57,41,"2,3",254733,76.42,C,3,S6,1
30,27,3,49,32,30,"1,2,3",47040,14.112,C,3,S6,1
30,109,12,93,73,55,"1,2,3",373395,112.018,C,3,S6,1
30,30,4,109,68,59,"1,2,3",437308,131.192,A,1,S1,1
30,103,11,79,71,55,"1,2,3",308495,92.549,B,2,S4,1
30,41,5,66,43,32,"2,3",90816,27.245,B,2,S5,1
30,26,3,49,32,30,"1,2,3",47040,14.112,A,1,S2,1
30,10,2,51,42,28,"1,2,3",59976,17.993,A,1,S3,1
30,31,4,109,68,59,"1,2,3",437308,131.192,A,1,S3,1
30,36,4,109,68,59,"1,2,3",437308,131.192,A,1,S2,1
30,2,1,64,53,32,"2,3",108544,32.563,A,1,S2,1
30,45,5,66,43,32,"2,3",90816,27.245,B,2,S4,1
30,101,11,79,71,55,"1,2,3",308495,92.549,C,3,S6,1
30,53,5,66,43,32,"2,3",90816,27.245,A,1,S3,1
30,8,1,64,53,32,"2,3",108544,32.563,C,3,S6,1
30,121,14,89,58,53,"1,2,3",273586,82.076,A,1,S3,1
30,56,6,120,71,47,"2,3",400440,120.132,A,1,S1,1
30,84,10,85,40,26,"2,3",88400,26.52,A,1,S1,1
30,112,12,93,73,55,"1,2,3",373395,112.018,A,1,S2,1
30,29,3,49,32,30,"1,2,3",47040,14.112,C,3,S6,1
30,24,3,49,32,30,"1,2,3",47040,14.112,A,1,S2,1
30,115,13,101,75,75,"1,2,3",568125,170.438,B,2,S4,1
30,89,10,85,40,26,"2,3",88400,26.52,A,1,S3,1
30,23,3,49,32,30,"1,2,3",47040,14.112,A,1,S3,1
30,25,3,49,32,30,"1,2,3",47040,14.112,C,3,S6,1
30,120,13,101,75,75,"1,2,3",568125,170.438,A,1,S3,0
30,40,5,66,43,32,"2,3",90816,27.245,B,2,S4,0
30,65,7,109,57,41,"2,3",254733,76.42,B,2,S5,1
30,3,1,64,53,32,"2,3",108544,32.563,A,1,S3,1
30,93,10,85,40,26,"2,3",88400,26.52,A,1,S1,1
30,14,2,51,42,28,"1,2,3",59976,17.993,A,1,S3,1
30,86,10,85,40,26,"2,3",88400,26.52,B,2,S4,1
30,43,5,66,43,32,"2,3",90816,27.245,B,2,S5,1
30,127,15,98,53,36,"2,3",186984,56.095,B,2,S4,0
30,32,4,109,68,59,"1,2,3",437308,131.192,B,2,S5,1
30,73,8,100,70,28,3,196000,58.8,A,1,S1,1
30,82,9,76,70,51,"1,2,3",271320,81.396,C,3,S6,1
30,50,5,66,43,32,"2,3",90816,27.245,B,2,S5,1
30,124,14,89,58,53,"1,2,3",273586,82.076,B,2,S5,1
30,129,15,98,53,36,"2,3",186984,56.095,A,1,S3,0
30,69,8,100,70,28,3,196000,58.8,B,2,S5,1
30,19,2,51,42,28,"1,2,3",59976,17.993,C,3,S6,1
30,106,12,93,73,55,"1,2,3",373395,112.018,C,3,S6,1
30,67,8,100,70,28,3,196000,58.8,C,3,S6,1
30,12,2,51,42,28,"1,2,3",59976,17.993,C,3,S6,1
30,59,6,120,71,47,"2,3",400440,120.132,C,3,S6,1
30,102,11,79,71,55,"1,2,3",308495,92.549,C,3,S6,1
30,87,10,85,40,26,"2,3",88400,26.52,B,2,S4,1
30,94,10,85,40,26,"2,3",88400,26.52,B,2,S5,0
30,96,11,79,71,55,"1,2,3",308495,92.549,A,1,S2,1
30,119,13,101,75,75,"1,2,3",568125,170.438,C,3,S6,1
30,98,11,79,71,55,"1,2,3",308495,92.549,B,2,S5,1
30,78,9,76,70,51,"1,2,3",271320,81.396,C,3,S6,1
30,83,9,76,70,51,"1,2,3",271320,81.396,A,1,S3,1
30,71,8,100,70,28,3,196000,58.8,A,1,S2,1
30,38,4,109,68,59,"1,2,3",437308,131.192,A,1,S2,1
30,85,10,85,40,26,"2,3",88400,26.52,A,1,S3,1
30,100,11,79,71,55,"1,2,3",308495,92.549,B,2,S5,1
30,49,5,66,43,32,"2,3",90816,27.245,B,2,S4,0
30,123,14,89,58,53,"1,2,3",273586,82.076,B,2,S4,1
30,117,13,101,75,75,"1,2,3",568125,170.438,A,1,S2,1
30,116,13,101,75,75,"1,2,3",568125,170.438,B,2,S5,1
30,99,11,79,71,55,"1,2,3",308495,92.549,B,2,S4,1
30,54,5,66,43,32,"2,3",90816,27.245,B,2,S4,1
30,81,9,76,70,51,"1,2,3",271320,81.396,B,2,S4,1
30,80,9,76,70,51,"1,2,3",271320,81.396,B,2,S5,1
30,134,15,98,53,36,"2,3",186984,56.095,B,2,S5,1
30,91,10,85,40,26,"2,3",88400,26.52,A,1,S1,0
30,77,9,76,70,51,"1,2,3",271320,81.396,A,1,S1,1
30,97,11,79,71,55,"1,2,3",308495,92.549,A,1,S3,1
30,52,5,66,43,32,"2,3",90816,27.245,A,1,S3,1
30,22,2,51,42,28,"1,2,3",59976,17.993,A,1,S1,1
30,104,11,79,71,55,"1,2,3",308495,92.549,A,1,S2,1
30,131,15,98,53,36,"2,3",186984,56.095,B,2,S5,0
30,33,4,109,68,59,"1,2,3",437308,131.192,B,2,S4,1
30,58,6,120,71,47,"2,3",400440,120.132,B,2,S5,1
30,92,10,85,40,26,"2,3",88400,26.52,B,2,S4,1
30,5,1,64,53,32,"2,3",108544,32.563,B,2,S5,1
30,47,5,66,43,32,"2,3",90816,27.245,B,2,S4,1
30,74,8,100,70,28,3,196000,58.8,B,2,S5,1
30,75,8,100,70,28,3,196000,58.8,B,2,S5,1
30,17,2,51,42,28,"1,2,3",59976,17.993,B,2,S4,1
30,95,10,85,40,26,"2,3",88400,26.52,B,2,S5,1
30,130,15,98,53,36,"2,3",186984,56.095,B,2,S5,1
30,13,2,51,42,28,"1,2,3",59976,17.993,B,2,S4,1
31,116,11,74,44,35,"2,3",113960,34.188,B,2,S4,1
31,142,14,117,62,39,"2,3",282906,84.872,C,3,S6,1
31,97,10,72,53,34,"2,3",129744,38.923,B,2,S4,1
31,26,3,89,70,42,"2,3",261660,78.498,B,2,S5,0
31,122,12,103,71,28,3,204764,61.429,A,1,S2,1
31,45,5,114,47,42,"2,3",225036,67.511,A,1,S3,1
31,134,13,115,35,31,"2,3",124775,37.432,A,1,S1,1
31,14,2,84,54,49,"1,2,3",222264,66.679,A,1,S2,1
31,124,12,103,71,28,3,204764,61.429,A,1,S1,1
31,51,6,92,62,34,"2,3",193936,58.181,B,2,S4,1
31,69,7,72,66,43,"1,2,3",204336,61.301,B,2,S4,1
31,141,14,117,62,39,"2,3",282906,84.872,C,3,S6,1
31,21,2,84,54,49,"1,2,3",222264,66.679,A,1,S3,1
31,100,10,72,53,34,"2,3",129744,38.923,A,1,S3,1
31,8,1,70,63,49,"1,2,3",216090,64.827,B,2,S4,0
31,128,12,103,71,28,3,204764,61.429,B,2,S5,1
31,157,15,60,32,32,"1,2,3",61440,18.432,C,3,S6,1
31,143,14,117,62,39,"2,3",282906,84.872,C,3,S6,1
31,81,8,120,55,46,"2,3",303600,91.08,B,2,S4,1
31,3,1,70,63,49,"1,2,3",216090,64.827,A,1,S3,1
31,90,9,106,62,25,3,164300,49.29,A,1,S3,1
31,137,13,115,35,31,"2,3",124775,37.432,A,1,S3,1
31,156,15,60,32,32,"1,2,3",61440,18.432,B,2,S4,1
31,85,9,106,62,25,3,164300,49.29,B,2,S4,1
31,84,8,120,55,46,"2,3",303600,91.08,C,3,S6,1
31,49,6,92,62,34,"2,3",193936,58.181,C,3,S6,1
31,61,6,92,62,34,"2,3",193936,58.181,A,1,S1,1
31,115,11,74,44,35,"2,3",113960,34.188,B,2,S4,1
31,18,2,84,54,49,"1,2,3",222264,66.679,B,2,S4,1
31,23,3,89,70,42,"2,3",261660,78.498,A,1,S1,1
31,56,6,92,62,34,"2,3",193936,58.181,A,1,S3,0
31,132,13,115,35,31,"2,3",124775,37.432,B,2,S5,0
31,32,3,89,70,42,"2,3",261660,78.498,B,2,S5,1
31,98,10,72,53,34,"2,3",129744,38.923,B,2,S5,1
31,70,7,72,66,43,"1,2,3",204336,61.301,C,3,S6,1
31,16,2,84,54,49,"1,2,3",222264,66.679,B,2,S5,1
31,34,4,80,48,39,"2,3",149760,44.928,B,2,S5,1
31,71,7,72,66,43,"1,2,3",204336,61.301,C,3,S6,1
31,60,6,92,62,34,"2,3",193936,58.181,B,2,S4,1
31,25,3,89,70,42,"2,3",261660,78.498,B,2,S5,1
31,4,1,70,63,49,"1,2,3",216090,64.827,B,2,S5,1
31,6,1,70,63,49,"1,2,3",216090,64.827,B,2,S5,1
31,153,15,60,32,32,"1,2,3",61440,18.432,B,2,S5,1
31,145,14,117,62,39,"2,3",282906,84.872,B,2,S5,1
31,111,11,74,44,35,"2,3",113960,34.188,B,2,S5,1
31,73,7,72,66,43,"1,2,3",204336,61.301,B,2,S4,1
31,107,11,74,44,35,"2,3",113960,34.188,B,2,S4,1
31,123,12,103,71,28,3,204764,61.429,C,3,S6,1
31,92,10,72,53,34,"2,3",129744,38.923,C,3,S6,1
31,158,15,60,32,32,"1,2,3",61440,18.432,B,2,S4,1
31,54,6,92,62,34,"2,3",193936,58.181,A,1,S1,1
31,104,11,74,44,35,"2,3",113960,34.188,A,1,S2,1
31,147,15,60,32,32,"1,2,3",61440,18.432,C,3,S6,1
31,65,7,72,66,43,"1,2,3",204336,61.301,C,3,S6,1
31,89,9,106,62,25,3,164300,49.29,A,1,S1,1
31,136,13,115,35,31,"2,3",124775,37.432,C,3,S6,1
31,105,11,74,44,35,"2,3",113960,34.188,A,1,S1,1
31,120,12,103,71,28,3,204764,61.429,A,1,S3,1
31,135,13,115,35,31,"2,3",124775,37.432,B,2,S4,1
31,144,14,117,62,39,"2,3",282906,84.872,C,3,S6,1
31,12,2,84,54,49,"1,2,3",222264,66.679,B,2,S4,1
31,75,8,120,55,46,"2,3",303600,91.08,A,1,S1,1
31,52,6,92,62,34,"2,3",193936,58.181,A,1,S1,1
31,28,3,89,70,42,"2,3",261660,78.498,B,2,S4,1
31,138,13,115,35,31,"2,3",124775,37.432,B,2,S5,0
31,102,10,72,53,34,"2,3",129744,38.923,A,1,S3,1
31,91,9,106,62,25,3,164300,49.29,A,1,S1,1
31,48,5,114,47,42,"2,3",225036,67.511,A,1,S1,1
31,150,15,60,32,32,"1,2,3",61440,18.432,C,3,S6,1
31,66,7,72,66,43,"1,2,3",204336,61.301,C,3,S6,1
31,47,5,114,47,42,"2,3",225036,67.511,C,3,S6,0
31,121,12,103,71,28,3,204764,61.429,C,3,S6,1
31,108,11,74,44,35,"2,3",113960,34.188,C,3,S6,0
31,20,2,84,54,49,"1,2,3",222264,66.679,B,2,S4,1
31,53,6,92,62,34,"2,3",193936,58.181,C,3,S6,1
31,38,4,80,48,39,"2,3",149760,44.928,A,1,S3,1
31,57,6,92,62,34,"2,3",193936,58.181,A,1,S1,1
31,58,6,92,62,34,"2,3",193936,58.181,A,1,S3,1
31,99,10,72,53,34,"2,3",129744,38.923,A,1,S1,1
31,29,3,89,70,42,"2,3",261660,78.498,C,3,S6,1
31,64,7,72,66,43,"1,2,3",204336,61.301,A,1,S3,1
31,19,2,84,54,49,"1,2,3",222264,66.679,A,1,S3,1
31,63,7,72,66,43,"1,2,3",204336,61.301,C,3,S6,1
31,80,8,120,55,46,"2,3",303600,91.08,B,2,S5,1
31,155,15,60,32,32,"1,2,3",61440,18.432,B,2,S4,1
31,149,15,60,32,32,"1,2,3",61440,18.432,B,2,S4,1
31,50,6,92,62,34,"2,3",193936,58.181,B,2,S4,1
31,130,13,115,35,31,"2,3",124775,37.432,B,2,S4,1
31,68,7,72,66,43,"1,2,3",204336,61.301,A,1,S2,1
31,117,12,103,71,28,3,204764,61.429,A,1,S3,1
31,93,10,72,53,34,"2,3",129744,38.923,A,1,S1,1
31,39,4,80,48,39,"2,3",149760,44.928,B,2,S5,1
31,37,4,80,48,39,"2,3",149760,44.928,B,2,S4,1
31,13,2,84,54,49,"1,2,3",222264,66.679,A,1,S1,1
31,88,9,106,62,25,3,164300,49.29,A,1,S3,1
31,24,3,89,70,42,"2,3",261660,78.498,A,1,S1,0
31,95,10,72,53,34,"2,3",129744,38.923,A,1,S2,1
31,151,15,60,32,32,"1,2,3",61440,18.432,A,1,S2,1
31,55,6,92,62,34,"2,3",193936,58.181,A,1,S1,1
31,101,10,72,53,34,"2,3",129744,38.923,A,1,S1,1
31,146,14,117,62,39,"2,3",282906,84.872,B,2,S4,1
31,148,15,60,32,32,"1,2,3",61440,18.432,B,2,S5,1
31,67,7,72,66,43,"1,2,3",204336,61.301,A,1,S3,0
31,5,1,70,63,49,"1,2,3",216090,64.827,B,2,S4,1
31,62,7,72,66,43,"1,2,3",204336,61.301,B,2,S5,1
31,44,5,114,47,42,"2,3",225036,67.511,B,2,S4,1
31,119,12,103,71,28,3,204764,61.429,A,1,S1,1
31,1,1,70,63,49,"1,2,3",216090,64.827,A,1,S2,1
31,27,3,89,70,42,"2,3",261660,78.498,A,1,S2,0
31,9,1,70,63,49,"1,2,3",216090,64.827,B,2,S5,1
31,41,5,114,47,42,"2,3",225036,67.511,B,2,S5,1
31,112,11,74,44,35,"2,3",113960,34.188,C,3,S6,1
31,42,5,114,47,42,"2,3",225036,67.511,A,1,S1,1
31,103,10,72,53,34,"2,3",129744,38.923,B,2,S5,1
31,15,2,84,54,49,"1,2,3",222264,66.679,B,2,S4,1
31,118,12,103,71,28,3,204764,61.429,B,2,S4,1
31,114,11,74,44,35,"2,3",113960,34.188,B,2,S4,1
31,106,11,74,44,35,"2,3",113960,34.188,B,2,S4,1
31,125,12,103,71,28,3,204764,61.429,C,3,S6,1
31,126,12,103,71,28,3,204764,61.429,C,3,S6,1
31,17,2,84,54,49,"1,2,3",222264,66.679,C,3,S6,1
31,140,14,117,62,39,"2,3",282906,84.872,A,1,S2,1
31,10,2,84,54,49,"1,2,3",222264,66.679,A,1,S3,1
31,30,3,89,70,42,"2,3",261660,78.498,A,1,S3,1
31,113,11,74,44,35,"2,3",113960,34.188,B,2,S5,1
31,83,8,120,55,46,"2,3",303600,91.08,A,1,S2,1
31,76,8,120,55,46,"2,3",303600,91.08,A,1,S2,1
31,59,6,92,62,34,"2,3",193936,58.181,A,1,S3,1
31,96,10,72,53,34,"2,3",129744,38.923,C,3,S6,1
31,79,8,120,55,46,"2,3",303600,91.08,C,3,S6,1
31,40,5,114,47,42,"2,3",225036,67.511,C,3,S6,0
31,133,13,115,35,31,"2,3",124775,37.432,C,3,S6,1
31,11,2,84,54,49,"1,2,3",222264,66.679,B,2,S4,1
31,2,1,70,63,49,"1,2,3",216090,64.827,A,1,S1,1
31,35,4,80,48,39,"2,3",149760,44.928,B,2,S4,1
31,7,1,70,63,49,"1,2,3",216090,64.827,A,1,S2,1
31,86,9,106,62,25,3,164300,49.29,B,2,S4,0
31,110,11,74,44,35,"2,3",113960,34.188,A,1,S3,1
31,22,3,89,70,42,"2,3",261660,78.498,B,2,S4,1
31,31,3,89,70,42,"2,3",261660,78.498,A,1,S3,1
31,78,8,120,55,46,"2,3",303600,91.08,A,1,S2,1
31,33,3,89,70,42,"2,3",261660,78.498,A,1,S1,1
31,129,12,103,71,28,3,204764,61.429,A,1,S2,0
31,46,5,114,47,42,"2,3",225036,67.511,A,1,S2,0
31,74,8,120,55,46,"2,3",303600,91.08,A,1,S2,1
31,82,8,120,55,46,"2,3",303600,91.08,A,1,S2,1
31,94,10,72,53,34,"2,3",129744,38.923,A,1,S2,1
31,109,11,74,44,35,"2,3",113960,34.188,A,1,S1,1
31,152,15,60,32,32,"1,2,3",61440,18.432,A,1,S1,1
31,139,14,117,62,39,"2,3",282906,84.872,C,3,S6,0
31,159,15,60,32,32,"1,2,3",61440,18.432,C,3,S6,1
31,154,15,60,32,32,"1,2,3",61440,18.432,C,3,S6,1
31,131,13,115,35,31,"2,3",124775,37.432,C,3,S6,0
31,87,9,106,62,25,3,164300,49.29,C,3,S6,1
31,127,12,103,71,28,3,204764,61.429,C,3,S6,1
31,36,4,80,48,39,"2,3",149760,44.928,C,3,S6,1
31,43,5,114,47,42,"2,3",225036,67.511,C,3,S6,1
31,77,8,120,55,46,"2,3",303600,91.08,C,3,S6,1
31,72,7,72,66,43,"1,2,3",204336,61.301,C,3,S6,1
32,89,10,111,44,42,"2,3",205128,61.538,B,2,S5,1
32,58,7,75,45,36,"2,3",121500,36.45,B,2,S5,1
32,121,12,43,40,26,"1,2,3",44720,13.416,B,2,S5,1
32,68,8,65,49,39,"1,2,3",124215,37.264,A,1,S3,1
32,50,5,104,80,50,"2,3",416000,124.8,A,1,S1,1
32,61,7,75,45,36,"2,3",121500,36.45,A,1,S2,1
32,44,5,104,80,50,"2,3",416000,124.8,C,3,S6,1
32,79,9,70,49,41,"1,2,3",140630,42.189,C,3,S6,1
32,103,10,111,44,42,"2,3",205128,61.538,C,3,S6,1
32,4,1,95,76,44,"2,3",317680,95.304,A,1,S2,1
32,13,2,81,47,34,"2,3",129438,38.831,A,1,S3,0
32,74,8,65,49,39,"1,2,3",124215,37.264,A,1,S1,1
32,123,12,43,40,26,"1,2,3",44720,13.416,B,2,S5,1
32,56,6,77,64,57,"1,2,3",280896,84.269,B,2,S4,1
32,69,8,65,49,39,"1,2,3",124215,37.264,B,2,S4,1
32,91,10,111,44,42,"2,3",205128,61.538,B,2,S4,1
32,26,3,71,52,30,"2,3",110760,33.228,A,1,S3,1
32,48,5,104,80,50,"2,3",416000,124.8,B,2,S5,1
32,36,4,96,52,28,"2,3",139776,41.933,B,2,S5,1
32,31,4,96,52,28,"2,3",139776,41.933,A,1,S2,1
32,117,12,43,40,26,"1,2,3",44720,13.416,C,3,S6,1
32,70,8,65,49,39,"1,2,3",124215,37.264,A,1,S1,1
32,9,2,81,47,34,"2,3",129438,38.831,B,2,S4,1
32,143,15,103,97,27,3,269757,80.927,C,3,S6,1
32,119,12,43,40,26,"1,2,3",44720,13.416,A,1,S2,1
32,8,2,81,47,34,"2,3",129438,38.831,B,2,S5,1
32,109,11,108,94,51,"2,3",517752,155.326,B,2,S5,1
32,81,9,70,49,41,"1,2,3",140630,42.189,C,3,S6,1
32,96,10,111,44,42,"2,3",205128,61.538,A,1,S3,1
32,80,9,70,49,41,"1,2,3",140630,42.189,B,2,S5,1
32,38,5,104,80,50,"2,3",416000,124.8,B,2,S5,1
32,114,11,108,94,51,"2,3",517752,155.326,A,1,S3,1
32,94,10,111,44,42,"2,3",205128,61.538,C,3,S6,1
32,110,11,108,94,51,"2,3",517752,155.326,C,3,S6,1
32,118,12,43,40,26,"1,2,3",44720,13.416,C,3,S6,1
32,1,1,95,76,44,"2,3",317680,95.304,C,3,S6,1
32,42,5,104,80,50,"2,3",416000,124.8,C,3,S6,1
32,5,1,95,76,44,"2,3",317680,95.304,B,2,S4,1
32,10,2,81,47,34,"2,3",129438,38.831,A,1,S1,1
32,104,10,111,44,42,"2,3",205128,61.538,A,1,S3,1
32,33,4,96,52,28,"2,3",139776,41.933,A,1,S2,1
32,73,8,65,49,39,"1,2,3",124215,37.264,A,1,S2,1
32,18,3,71,52,30,"2,3",110760,33.228,A,1,S3,1
32,2,1,95,76,44,"2,3",317680,95.304,A,1,S3,0
32,28,4,96,52,28,"2,3",139776,41.933,A,1,S3,1
32,53,6,77,64,57,"1,2,3",280896,84.269,B,2,S5,1
32,17,3,71,52,30,"2,3",110760,33.228,C,3,S6,1
32,132,14,84,36,26,"2,3",78624,23.587,B,2,S5,1
32,88,10,111,44,42,"2,3",205128,61.538,B,2,S5,1
32,111,11,108,94,51,"2,3",517752,155.326,B,2,S5,1
32,126,13,70,47,39,"1,2,3",128310,38.493,B,2,S4,1
32,25,3,71,52,30,"2,3",110760,33.228,C,3,S6,1
32,40,5,104,80,50,"2,3",416000,124.8,C,3,S6,1
32,54,6,77,64,57,"1,2,3",280896,84.269,C,3,S6,1
32,85,9,70,49,41,"1,2,3",140630,42.189,A,1,S2,1
32,101,10,111,44,42,"2,3",205128,61.538,A,1,S1,1
32,142,15,103,97,27,3,269757,80.927,A,1,S1,1
32,27,3,71,52,30,"2,3",110760,33.228,A,1,S1,1
32,39,5,104,80,50,"2,3",416000,124.8,C,3,S6,1
32,57,6,77,64,57,"1,2,3",280896,84.269,A,1,S3,1
32,3,1,95,76,44,"2,3",317680,95.304,C,3,S6,1
32,41,5,104,80,50,"2,3",416000,124.8,C,3,S6,1
32,19,3,71,52,30,"2,3",110760,33.228,C,3,S6,1
32,133,14,84,36,26,"2,3",78624,23.587,B,2,S5,1
32,100,10,111,44,42,"2,3",205128,61.538,A,1,S3,0
32,59,7,75,45,36,"2,3",121500,36.45,C,3,S6,1
32,14,2,81,47,34,"2,3",129438,38.831,A,1,S3,0
32,95,10,111,44,42,"2,3",205128,61.538,A,1,S3,1
32,131,13,70,47,39,"1,2,3",128310,38.493,B,2,S4,1
32,43,5,104,80,50,"2,3",416000,124.8,B,2,S4,1
32,29,4,96,52,28,"2,3",139776,41.933,A,1,S3,1
32,106,11,108,94,51,"2,3",517752,155.326,A,1,S2,0
32,78,9,70,49,41,"1,2,3",140630,42.189,A,1,S1,1
32,37,4,96,52,28,"2,3",139776,41.933,A,1,S1,1
32,63,7,75,45,36,"2,3",121500,36.45,B,2,S5,1
32,23,3,71,52,30,"2,3",110760,33.228,A,1,S2,1
32,32,4,96,52,28,"2,3",139776,41.933,A,1,S3,1
32,71,8,65,49,39,"1,2,3",124215,37.264,A,1,S3,1
32,116,12,43,40,26,"1,2,3",44720,13.416,C,3,S6,1
32,92,10,111,44,42,"2,3",205128,61.538,A,1,S1,1
32,84,9,70,49,41,"1,2,3",140630,42.189,C,3,S6,1
32,90,10,111,44,42,"2,3",205128,61.538,B,2,S4,1
32,15,2,81,47,34,"2,3",129438,38.831,A,1,S2,1
32,107,11,108,94,51,"2,3",517752,155.326,A,1,S3,1
32,99,10,111,44,42,"2,3",205128,61.538,C,3,S6,1
32,125,13,70,47,39,"1,2,3",128310,38.493,C,3,S6,1
32,34,4,96,52,28,"2,3",139776,41.933,B,2,S4,1
32,141,15,103,97,27,3,269757,80.927,B,2,S5,1
32,30,4,96,52,28,"2,3",139776,41.933,B,2,S4,1
32,46,5,104,80,50,"2,3",416000,124.8,C,3,S6,0
32,113,11,108,94,51,"2,3",517752,155.326,C,3,S6,0
32,6,1,95,76,44,"2,3",317680,95.304,C,3,S6,0
32,112,11,108,94,51,"2,3",517752,155.326,B,2,S4,1
32,140,15,103,97,27,3,269757,80.927,A,1,S3,1
32,135,14,84,36,26,"2,3",78624,23.587,A,1,S1,1
32,124,13,70,47,39,"1,2,3",128310,38.493,A,1,S3,0
32,62,7,75,45,36,"2,3",121500,36.45,A,1,S2,1
32,137,15,103,97,27,3,269757,80.927,C,3,S6,0
32,75,8,65,49,39,"1,2,3",124215,37.264,C,3,S6,1
32,51,6,77,64,57,"1,2,3",280896,84.269,C,3,S6,1
32,97,10,111,44,42,"2,3",205128,61.538,C,3,S6,1
32,93,10,111,44,42,"2,3",205128,61.538,B,2,S5,1
32,60,7,75,45,36,"2,3",121500,36.45,B,2,S5,1
32,20,3,71,52,30,"2,3",110760,33.228,A,1,S1,1
32,65,8,65,49,39,"1,2,3",124215,37.264,B,2,S5,1
32,72,8,65,49,39,"1,2,3",124215,37.264,A,1,S2,0
32,55,6,77,64,57,"1,2,3",280896,84.269,A,1,S2,1
32,134,14,84,36,26,"2,3",78624,23.587,A,1,S3,1
32,127,13,70,47,39,"1,2,3",128310,38.493,B,2,S5,1
32,129,13,70,47,39,"1,2,3",128310,38.493,B,2,S5,1
32,102,10,111,44,42,"2,3",205128,61.538,A,1,S2,1
32,35,4,96,52,28,"2,3",139776,41.933,A,1,S2,1
32,76,8,65,49,39,"1,2,3",124215,37.264,A,1,S1,1
32,105,11,108,94,51,"2,3",517752,155.326,A,1,S3,1
32,87,9,70,49,41,"1,2,3",140630,42.189,A,1,S1,0
32,64,7,75,45,36,"2,3",121500,36.45,A,1,S3,1
32,115,11,108,94,51,"2,3",517752,155.326,A,1,S2,1
32,66,8,65,49,39,"1,2,3",124215,37.264,A,1,S3,1
32,21,3,71,52,30,"2,3",110760,33.228,C,3,S6,1
32,120,12,43,40,26,"1,2,3",44720,13.416,A,1,S2,1
32,11,2,81,47,34,"2,3",129438,38.831,B,2,S4,1
32,86,9,70,49,41,"1,2,3",140630,42.189,A,1,S2,0
32,83,9,70,49,41,"1,2,3",140630,42.189,B,2,S4,1
32,130,13,70,47,39,"1,2,3",128310,38.493,B,2,S4,1
32,138,15,103,97,27,3,269757,80.927,C,3,S6,1
32,52,6,77,64,57,"1,2,3",280896,84.269,B,2,S4,1
32,128,13,70,47,39,"1,2,3",128310,38.493,A,1,S3,1
32,77,8,65,49,39,"1,2,3",124215,37.264,A,1,S3,1
32,22,3,71,52,30,"2,3",110760,33.228,B,2,S4,1
32,98,10,111,44,42,"2,3",205128,61.538,B,2,S4,1
32,49,5,104,80,50,"2,3",416000,124.8,C,3,S6,1
32,47,5,104,80,50,"2,3",416000,124.8,B,2,S5,1
32,24,3,71,52,30,"2,3",110760,33.228,B,2,S5,1
32,136,14,84,36,26,"2,3",78624,23.587,C,3,S6,1
32,82,9,70,49,41,"1,2,3",140630,42.189,C,3,S6,1
32,122,12,43,40,26,"1,2,3",44720,13.416,B,2,S4,1
32,108,11,108,94,51,"2,3",517752,155.326,B,2,S5,1
32,12,2,81,47,34,"2,3",129438,38.831,B,2,S5,0
32,67,8,65,49,39,"1,2,3",124215,37.264,B,2,S5,1
32,7,1,95,76,44,"2,3",317680,95.304,B,2,S4,1
32,16,3,71,52,30,"2,3",110760,33.228,B,2,S5,1
32,45,5,104,80,50,"2,3",416000,124.8,B,2,S4,1
32,139,15,103,97,27,3,269757,80.927,B,2,S5,1
33,96,11,81,67,37,"2,3",200799,60.24,C,3,S6,0
33,89,10,78,76,50,"1,2,3",296400,88.92,C,3,S6,1
33,84,10,78,76,50,"1,2,3",296400,88.92,B,2,S4,1
33,29,4,114,77,69,"1,2,3",605682,181.705,B,2,S5,1
33,124,14,85,73,51,"1,2,3",316455,94.936,A,1,S1,1
33,34,5,95,57,53,"1,2,3",286995,86.099,B,2,S5,1
33,35,5,95,57,53,"1,2,3",286995,86.099,B,2,S4,1
33,65,8,84,69,24,3,139104,41.731,C,3,S6,1
33,141,15,83,58,23,3,110722,33.217,C,3,S6,1
33,125,14,85,73,51,"1,2,3",316455,94.936,A,1,S3,1
33,44,6,92,36,20,"2,3",66240,19.872,A,1,S3,1
33,113,13,64,54,30,"2,3",103680,31.104,A,1,S1,1
33,57,7,90,84,47,"1,2,3",355320,106.596,A,1,S2,1
33,28,4,114,77,69,"1,2,3",605682,181.705,A,1,S3,0
33,120,13,64,54,30,"2,3",103680,31.104,A,1,S3,1
33,15,2,76,45,31,"2,3",106020,31.806,C,3,S6,1
33,74,9,57,35,35,"1,2,3",69825,20.947,C,3,S6,1
33,135,15,83,58,23,3,110722,33.217,C,3,S6,1
33,132,14,85,73,51,"1,2,3",316455,94.936,A,1,S3,1
33,99,11,81,67,37,"2,3",200799,60.24,A,1,S1,1
33,87,10,78,76,50,"1,2,3",296400,88.92,B,2,S4,1
33,27,4,114,77,69,"1,2,3",605682,181.705,B,2,S4,0
33,53,6,92,36,20,"2,3",66240,19.872,B,2,S5,1
33,40,5,95,57,53,"1,2,3",286995,86.099,B,2,S5,1
33,41,5,95,57,53,"1,2,3",286995,86.099,A,1,S3,1
33,14,2,76,45,31,"2,3",106020,31.806,A,1,S3,1
33,98,11,81,67,37,"2,3",200799,60.24,B,2,S4,1
33,13,2,76,45,31,"2,3",106020,31.806,C,3,S6,1
33,64,8,84,69,24,3,139104,41.731,C,3,S6,1
33,23,4,114,77,69,"1,2,3",605682,181.705,C,3,S6,1
33,20,3,63,54,51,"1,2,3",173502,52.051,C,3,S6,1
33,42,6,92,36,20,"2,3",66240,19.872,C,3,S6,1
33,18,3,63,54,51,"1,2,3",173502,52.051,C,3,S6,1
33,110,12,73,51,43,"1,2,3",160089,48.027,C,3,S6,1
33,7,2,76,45,31,"2,3",106020,31.806,C,3,S6,1
33,127,14,85,73,51,"1,2,3",316455,94.936,C,3,S6,1
33,81,10,78,76,50,"1,2,3",296400,88.92,C,3,S6,0
33,25,4,114,77,69,"1,2,3",605682,181.705,C,3,S6,1
33,43,6,92,36,20,"2,3",66240,19.872,B,2,S4,1
33,45,6,92,36,20,"2,3",66240,19.872,B,2,S5,1
33,60,7,90,84,47,"1,2,3",355320,106.596,B,2,S4,1
33,62,7,90,84,47,"1,2,3",355320,106.596,B,2,S4,1
33,122,14,85,73,51,"1,2,3",316455,94.936,B,2,S5,1
33,106,12,73,51,43,"1,2,3",160089,48.027,C,3,S6,1
33,32,5,95,57,53,"1,2,3",286995,86.099,C,3,S6,1
33,138,15,83,58,23,3,110722,33.217,C,3,S6,1
33,8,2,76,45,31,"2,3",106020,31.806,C,3,S6,1
33,114,13,64,54,30,"2,3",103680,31.104,C,3,S6,1
33,33,5,95,57,53,"1,2,3",286995,86.099,B,2,S5,1
33,22,3,63,54,51,"1,2,3",173502,52.051,B,2,S4,1
33,123,14,85,73,51,"1,2,3",316455,94.936,C,3,S6,1
33,107,12,73,51,43,"1,2,3",160089,48.027,B,2,S5,0
33,51,6,92,36,20,"2,3",66240,19.872,B,2,S4,1
33,5,1,40,36,21,"1,2,3",30240,9.072,B,2,S4,1
33,9,2,76,45,31,"2,3",106020,31.806,B,2,S5,1
33,97,11,81,67,37,"2,3",200799,60.24,B,2,S5,0
33,37,5,95,57,53,"1,2,3",286995,86.099,C,3,S6,0
33,66,8,84,69,24,3,139104,41.731,B,2,S4,1
33,139,15,83,58,23,3,110722,33.217,A,1,S1,1
33,86,10,78,76,50,"1,2,3",296400,88.92,A,1,S2,1
33,36,5,95,57,53,"1,2,3",286995,86.099,A,1,S2,1
33,6,1,40,36,21,"1,2,3",30240,9.072,A,1,S3,1
33,119,13,64,54,30,"2,3",103680,31.104,A,1,S3,0
33,39,5,95,57,53,"1,2,3",286995,86.099,B,2,S4,1
33,109,12,73,51,43,"1,2,3",160089,48.027,C,3,S6,1
33,92,10,78,76,50,"1,2,3",296400,88.92,C,3,S6,1
33,130,14,85,73,51,"1,2,3",316455,94.936,C,3,S6,1
33,102,11,81,67,37,"2,3",200799,60.24,A,1,S3,1
33,116,13,64,54,30,"2,3",103680,31.104,C,3,S6,1
33,46,6,92,36,20,"2,3",66240,19.872,C,3,S6,1
33,105,12,73,51,43,"1,2,3",160089,48.027,C,3,S6,1
33,75,9,57,35,35,"1,2,3",69825,20.947,C,3,S6,1
33,12,2,76,45,31,"2,3",106020,31.806,B,2,S5,1
33,112,13,64,54,30,"2,3",103680,31.104,B,2,S5,1
33,17,3,63,54,51,"1,2,3",173502,52.051,B,2,S4,1
33,31,4,114,77,69,"1,2,3",605682,181.705,A,1,S3,1
33,77,9,57,35,35,"1,2,3",69825,20.947,C,3,S6,1
33,3,1,40,36,21,"1,2,3",30240,9.072,C,3,S6,1
33,133,14,85,73,51,"1,2,3",316455,94.936,C,3,S6,1
33,94,11,81,67,37,"2,3",200799,60.24,B,2,S4,1
33,100,11,81,67,37,"2,3",200799,60.24,A,1,S3,1
33,91,10,78,76,50,"1,2,3",296400,88.92,A,1,S1,0
33,128,14,85,73,51,"1,2,3",316455,94.936,A,1,S3,1
33,90,10,78,76,50,"1,2,3",296400,88.92,B,2,S4,1
33,24,4,114,77,69,"1,2,3",605682,181.705,B,2,S5,1
33,55,7,90,84,47,"1,2,3",355320,106.596,B,2,S5,1
33,76,9,57,35,35,"1,2,3",69825,20.947,B,2,S5,1
33,48,6,92,36,20,"2,3",66240,19.872,A,1,S1,1
33,131,14,85,73,51,"1,2,3",316455,94.936,A,1,S1,1
33,47,6,92,36,20,"2,3",66240,19.872,A,1,S1,0
33,10,2,76,45,31,"2,3",106020,31.806,A,1,S2,1
33,79,9,57,35,35,"1,2,3",69825,20.947,A,1,S2,1
33,63,7,90,84,47,"1,2,3",355320,106.596,A,1,S2,1
33,137,15,83,58,23,3,110722,33.217,B,2,S5,1
33,85,10,78,76,50,"1,2,3",296400,88.92,A,1,S1,1
33,88,10,78,76,50,"1,2,3",296400,88.92,B,2,S5,0
33,108,12,73,51,43,"1,2,3",160089,48.027,B,2,S5,1
33,61,7,90,84,47,"1,2,3",355320,106.596,B,2,S4,1
33,16,3,63,54,51,"1,2,3",173502,52.051,B,2,S4,1
33,117,13,64,54,30,"2,3",103680,31.104,A,1,S1,1
33,82,10,78,76,50,"1,2,3",296400,88.92,A,1,S3,1
33,67,8,84,69,24,3,139104,41.731,A,1,S2,1
33,104,12,73,51,43,"1,2,3",160089,48.027,A,1,S1,1
33,72,8,84,69,24,3,139104,41.731,B,2,S4,1
33,56,7,90,84,47,"1,2,3",355320,106.596,B,2,S5,1
33,70,8,84,69,24,3,139104,41.731,B,2,S4,0
33,30,4,114,77,69,"1,2,3",605682,181.705,B,2,S5,1
33,68,8,84,69,24,3,139104,41.731,B,2,S5,1
33,2,1,40,36,21,"1,2,3",30240,9.072,B,2,S5,1
33,101,11,81,67,37,"2,3",200799,60.24,A,1,S1,1
33,59,7,90,84,47,"1,2,3",355320,106.596,A,1,S2,1
33,78,9,57,35,35,"1,2,3",69825,20.947,A,1,S1,1
33,129,14,85,73,51,"1,2,3",316455,94.936,A,1,S2,1
33,21,3,63,54,51,"1,2,3",173502,52.051,B,2,S4,1
33,52,6,92,36,20,"2,3",66240,19.872,A,1,S2,1
33,80,10,78,76,50,"1,2,3",296400,88.92,A,1,S3,1
33,118,13,64,54,30,"2,3",103680,31.104,B,2,S5,1
33,140,15,83,58,23,3,110722,33.217,B,2,S4,1
33,93,10,78,76,50,"1,2,3",296400,88.92,B,2,S4,1
33,134,15,83,58,23,3,110722,33.217,A,1,S3,1
33,49,6,92,36,20,"2,3",66240,19.872,A,1,S1,1
33,19,3,63,54,51,"1,2,3",173502,52.051,A,1,S3,1
33,126,14,85,73,51,"1,2,3",316455,94.936,B,2,S4,1
33,38,5,95,57,53,"1,2,3",286995,86.099,B,2,S4,1
33,136,15,83,58,23,3,110722,33.217,A,1,S1,0
33,71,8,84,69,24,3,139104,41.731,B,2,S5,1
33,54,7,90,84,47,"1,2,3",355320,106.596,A,1,S2,1
33,111,12,73,51,43,"1,2,3",160089,48.027,A,1,S1,1
33,50,6,92,36,20,"2,3",66240,19.872,A,1,S1,1
33,95,11,81,67,37,"2,3",200799,60.24,A,1,S1,1
33,4,1,40,36,21,"1,2,3",30240,9.072,A,1,S3,1
33,11,2,76,45,31,"2,3",106020,31.806,A,1,S1,1
33,121,13,64,54,30,"2,3",103680,31.104,A,1,S3,1
33,69,8,84,69,24,3,139104,41.731,A,1,S1,1
33,103,12,73,51,43,"1,2,3",160089,48.027,A,1,S3,1
33,26,4,114,77,69,"1,2,3",605682,181.705,A,1,S2,0
33,83,10,78,76,50,"1,2,3",296400,88.92,A,1,S3,1
33,115,13,64,54,30,"2,3",103680,31.104,A,1,S1,1
33,1,1,40,36,21,"1,2,3",30240,9.072,A,1,S2,1
33,73,8,84,69,24,3,139104,41.731,A,1,S1,1
33,58,7,90,84,47,"1,2,3",355320,106.596,A,1,S1,1
34,101,14,110,59,58,"1,2,3",376420,112.926,A,1,S3,1
34,41,6,99,44,31,"2,3",135036,40.511,A,1,S2,1
34,64,10,58,48,46,"1,2,3",128064,38.419,B,2,S4,1
34,14,2,118,57,43,"2,3",289218,86.765,A,1,S1,1
34,113,15,96,79,63,"1,2,3",477792,143.338,A,1,S1,1
34,90,12,104,63,59,"1,2,3",386568,115.97,A,1,S2,1
34,95,13,80,69,66,"1,2,3",364320,109.296,C,3,S6,0
34,39,6,99,44,31,"2,3",135036,40.511,C,3,S6,1
34,49,7,93,54,49,"1,2,3",246078,73.823,C,3,S6,1
34,104,15,96,79,63,"1,2,3",477792,143.338,B,2,S5,1
34,91,13,80,69,66,"1,2,3",364320,109.296,B,2,S4,1
34,48,7,93,54,49,"1,2,3",246078,73.823,A,1,S3,1
34,73,11,56,55,22,3,67760,20.328,C,3,S6,1
34,42,6,99,44,31,"2,3",135036,40.511,B,2,S5,1
34,11,2,118,57,43,"2,3",289218,86.765,C,3,S6,1
34,44,6,99,44,31,"2,3",135036,40.511,C,3,S6,1
34,67,10,58,48,46,"1,2,3",128064,38.419,C,3,S6,1
34,37,5,86,56,33,"2,3",158928,47.678,C,3,S6,1
34,89,12,104,63,59,"1,2,3",386568,115.97,A,1,S1,0
34,53,7,93,54,49,"1,2,3",246078,73.823,A,1,S3,1
34,19,3,73,72,36,3,189216,56.765,A,1,S1,1
34,34,5,86,56,33,"2,3",158928,47.678,A,1,S1,1
34,31,5,86,56,33,"2,3",158928,47.678,A,1,S3,1
34,25,4,85,58,50,"1,2,3",246500,73.95,B,2,S4,1
34,74,11,56,55,22,3,67760,20.328,C,3,S6,1
34,59,9,98,90,74,"1,2,3",652680,195.804,B,2,S5,1
34,86,12,104,63,59,"1,2,3",386568,115.97,B,2,S4,1
34,87,12,104,63,59,"1,2,3",386568,115.97,B,2,S4,1
34,35,5,86,56,33,"2,3",158928,47.678,A,1,S1,1
34,52,7,93,54,49,"1,2,3",246078,73.823,A,1,S1,1
34,84,12,104,63,59,"1,2,3",386568,115.97,A,1,S2,1
34,94,13,80,69,66,"1,2,3",364320,109.296,A,1,S3,1
34,100,14,110,59,58,"1,2,3",376420,112.926,A,1,S3,1
34,50,7,93,54,49,"1,2,3",246078,73.823,A,1,S2,1
34,72,11,56,55,22,3,67760,20.328,A,1,S1,1
34,77,11,56,55,22,3,67760,20.328,A,1,S3,0
34,112,15,96,79,63,"1,2,3",477792,143.338,A,1,S2,1
34,4,1,68,35,27,"2,3",64260,19.278,A,1,S2,1
34,105,15,96,79,63,"1,2,3",477792,143.338,A,1,S1,1
34,107,15,96,79,63,"1,2,3",477792,143.338,B,2,S4,0
34,6,1,68,35,27,"2,3",64260,19.278,B,2,S5,1
34,88,12,104,63,59,"1,2,3",386568,115.97,B,2,S5,1
34,51,7,93,54,49,"1,2,3",246078,73.823,C,3,S6,1
34,3,1,68,35,27,"2,3",64260,19.278,C,3,S6,0
34,108,15,96,79,63,"1,2,3",477792,143.338,B,2,S5,1
34,58,9,98,90,74,"1,2,3",652680,195.804,C,3,S6,0
34,24,4,85,58,50,"1,2,3",246500,73.95,B,2,S5,1
34,16,3,73,72,36,3,189216,56.765,A,1,S3,1
34,65,10,58,48,46,"1,2,3",128064,38.419,A,1,S3,1
34,61,9,98,90,74,"1,2,3",652680,195.804,A,1,S3,1
34,56,8,89,69,26,3,159666,47.9,A,1,S2,1
34,98,14,110,59,58,"1,2,3",376420,112.926,B,2,S4,1
34,32,5,86,56,33,"2,3",158928,47.678,B,2,S4,1
34,29,4,85,58,50,"1,2,3",246500,73.95,B,2,S5,1
34,102,14,110,59,58,"1,2,3",376420,112.926,B,2,S4,1
34,57,8,89,69,26,3,159666,47.9,B,2,S4,1
34,75,11,56,55,22,3,67760,20.328,B,2,S4,1
34,55,8,89,69,26,3,159666,47.9,C,3,S6,1
34,76,11,56,55,22,3,67760,20.328,C,3,S6,0
34,10,2,118,57,43,"2,3",289218,86.765,C,3,S6,1
34,45,6,99,44,31,"2,3",135036,40.511,C,3,S6,1
34,46,6,99,44,31,"2,3",135036,40.511,C,3,S6,0
34,60,9,98,90,74,"1,2,3",652680,195.804,A,1,S2,1
34,80,11,56,55,22,3,67760,20.328,A,1,S2,1
34,99,14,110,59,58,"1,2,3",376420,112.926,A,1,S1,1
34,27,4,85,58,50,"1,2,3",246500,73.95,C,3,S6,1
34,5,1,68,35,27,"2,3",64260,19.278,C,3,S6,1
34,70,11,56,55,22,3,67760,20.328,C,3,S6,1
34,103,14,110,59,58,"1,2,3",376420,112.926,C,3,S6,1
34,78,11,56,55,22,3,67760,20.328,B,2,S4,1
34,2,1,68,35,27,"2,3",64260,19.278,B,2,S4,1
34,26,4,85,58,50,"1,2,3",246500,73.95,A,1,S2,1
34,47,7,93,54,49,"1,2,3",246078,73.823,B,2,S4,0
34,54,8,89,69,26,3,159666,47.9,B,2,S4,1
34,9,2,118,57,43,"2,3",289218,86.765,B,2,S5,1
34,15,2,118,57,43,"2,3",289218,86.765,B,2,S4,1
34,68,10,58,48,46,"1,2,3",128064,38.419,B,2,S4,1
34,92,13,80,69,66,"1,2,3",364320,109.296,C,3,S6,1
34,96,13,80,69,66,"1,2,3",364320,109.296,C,3,S6,1
34,82,12,104,63,59,"1,2,3",386568,115.97,C,3,S6,1
34,63,9,98,90,74,"1,2,3",652680,195.804,C,3,S6,1
34,83,12,104,63,59,"1,2,3",386568,115.97,C,3,S6,1
34,36,5,86,56,33,"2,3",158928,47.678,C,3,S6,1
34,12,2,118,57,43,"2,3",289218,86.765,C,3,S6,1
34,33,5,86,56,33,"2,3",158928,47.678,A,1,S3,1
34,8,1,68,35,27,"2,3",64260,19.278,A,1,S3,1
34,20,3,73,72,36,3,189216,56.765,B,2,S4,1
34,109,15,96,79,63,"1,2,3",477792,143.338,B,2,S4,1
34,106,15,96,79,63,"1,2,3",477792,143.338,B,2,S4,1
34,30,4,85,58,50,"1,2,3",246500,73.95,B,2,S4,1
34,81,12,104,63,59,"1,2,3",386568,115.97,B,2,S5,1
34,17,3,73,72,36,3,189216,56.765,B,2,S4,1
34,69,10,58,48,46,"1,2,3",128064,38.419,B,2,S4,1
34,38,6,99,44,31,"2,3",135036,40.511,B,2,S4,1
34,79,11,56,55,22,3,67760,20.328,B,2,S5,1
34,28,4,85,58,50,"1,2,3",246500,73.95,B,2,S4,0
34,71,11,56,55,22,3,67760,20.328,B,2,S5,1
34,23,4,85,58,50,"1,2,3",246500,73.95,B,2,S5,1
34,110,15,96,79,63,"1,2,3",477792,143.338,B,2,S4,1
34,1,1,68,35,27,"2,3",64260,19.278,B,2,S4,1
34,21,4,85,58,50,"1,2,3",246500,73.95,A,1,S2,1
34,62,9,98,90,74,"1,2,3",652680,195.804,A,1,S1,1
34,97,13,80,69,66,"1,2,3",364320,109.296,A,1,S3,1
34,93,13,80,69,66,"1,2,3",364320,109.296,A,1,S2,1
34,22,4,85,58,50,"1,2,3",246500,73.95,A,1,S1,1
34,18,3,73,72,36,3,189216,56.765,A,1,S3,1
34,66,10,58,48,46,"1,2,3",128064,38.419,A,1,S3,1
34,13,2,118,57,43,"2,3",289218,86.765,A,1,S1,1
34,85,12,104,63,59,"1,2,3",386568,115.97,A,1,S1,1
34,7,1,68,35,27,"2,3",64260,19.278,A,1,S2,0
34,111,15,96,79,63,"1,2,3",477792,143.338,A,1,S3,1
34,40,6,99,44,31,"2,3",135036,40.511,A,1,S3,1
34,43,6,99,44,31,"2,3",135036,40.511,A,1,S3,1
35,90,9,84,55,29,"2,3",133980,40.194,A,1,S1,1
35,58,7,109,51,26,"2,3",144534,43.36,B,2,S4,0
35,107,11,119,76,39,"2,3",352716,105.815,B,2,S5,0
35,109,11,119,76,39,"2,3",352716,105.815,B,2,S5,1
35,148,15,75,57,42,"1,2,3",179550,53.865,B,2,S5,0
35,143,15,75,57,42,"1,2,3",179550,53.865,B,2,S4,1
35,57,7,109,51,26,"2,3",144534,43.36,B,2,S5,1
35,127,13,84,36,26,"2,3",78624,23.587,C,3,S6,1
35,26,4,57,39,30,"1,2,3",66690,20.007,B,2,S4,1
35,77,8,109,54,45,"2,3",264870,79.461,B,2,S4,1
35,45,6,71,68,46,"1,2,3",222088,66.626,B,2,S5,1
35,56,7,109,51,26,"2,3",144534,43.36,B,2,S4,1
35,34,5,76,71,60,"1,2,3",323760,97.128,B,2,S5,1
35,27,4,57,39,30,"1,2,3",66690,20.007,A,1,S1,1
35,49,6,71,68,46,"1,2,3",222088,66.626,A,1,S1,1
35,124,13,84,36,26,"2,3",78624,23.587,B,2,S4,1
35,150,15,75,57,42,"1,2,3",179550,53.865,B,2,S5,1
35,62,7,109,51,26,"2,3",144534,43.36,B,2,S4,1
35,140,14,77,45,32,"2,3",110880,33.264,B,2,S4,1
35,134,14,77,45,32,"2,3",110880,33.264,B,2,S4,1
35,103,11,119,76,39,"2,3",352716,105.815,B,2,S5,1
35,53,6,71,68,46,"1,2,3",222088,66.626,B,2,S5,1
35,94,10,104,66,20,3,137280,41.184,C,3,S6,1
35,19,3,95,84,31,3,247380,74.214,A,1,S2,1
35,76,8,109,54,45,"2,3",264870,79.461,B,2,S4,1
35,118,12,75,74,43,"1,2,3",238650,71.595,C,3,S6,1
35,93,10,104,66,20,3,137280,41.184,B,2,S5,1
35,68,7,109,51,26,"2,3",144534,43.36,B,2,S4,1
35,3,1,100,33,31,"2,3",102300,30.69,B,2,S4,1
35,22,3,95,84,31,3,247380,74.214,B,2,S4,0
35,24,4,57,39,30,"1,2,3",66690,20.007,B,2,S4,0
35,141,14,77,45,32,"2,3",110880,33.264,B,2,S4,1
35,7,2,84,68,42,"2,3",239904,71.971,B,2,S4,1
35,71,8,109,54,45,"2,3",264870,79.461,C,3,S6,1
35,5,1,100,33,31,"2,3",102300,30.69,A,1,S1,1
35,59,7,109,51,26,"2,3",144534,43.36,A,1,S1,1
35,39,5,76,71,60,"1,2,3",323760,97.128,A,1,S1,1
35,115,11,119,76,39,"2,3",352716,105.815,A,1,S2,1
35,11,2,84,68,42,"2,3",239904,71.971,A,1,S2,0
35,17,3,95,84,31,3,247380,74.214,A,1,S3,1
35,80,8,109,54,45,"2,3",264870,79.461,B,2,S4,1
35,105,11,119,76,39,"2,3",352716,105.815,B,2,S4,1
35,116,11,119,76,39,"2,3",352716,105.815,C,3,S6,1
35,117,11,119,76,39,"2,3",352716,105.815,B,2,S4,1
35,4,1,100,33,31,"2,3",102300,30.69,B,2,S4,1
35,70,8,109,54,45,"2,3",264870,79.461,B,2,S4,1
35,151,15,75,57,42,"1,2,3",179550,53.865,B,2,S4,1
35,32,4,57,39,30,"1,2,3",66690,20.007,B,2,S4,0
35,81,8,109,54,45,"2,3",264870,79.461,A,1,S2,1
35,108,11,119,76,39,"2,3",352716,105.815,A,1,S2,1
35,21,3,95,84,31,3,247380,74.214,B,2,S5,1
35,54,6,71,68,46,"1,2,3",222088,66.626,A,1,S2,1
35,119,12,75,74,43,"1,2,3",238650,71.595,A,1,S1,1
35,38,5,76,71,60,"1,2,3",323760,97.128,A,1,S3,1
35,25,4,57,39,30,"1,2,3",66690,20.007,A,1,S3,1
35,78,8,109,54,45,"2,3",264870,79.461,A,1,S1,1
35,60,7,109,51,26,"2,3",144534,43.36,A,1,S3,1
35,79,8,109,54,45,"2,3",264870,79.461,C,3,S6,1
35,64,7,109,51,26,"2,3",144534,43.36,C,3,S6,1
35,92,9,84,55,29,"2,3",133980,40.194,B,2,S5,1
35,122,13,84,36,26,"2,3",78624,23.587,A,1,S1,1
35,129,13,84,36,26,"2,3",78624,23.587,A,1,S2,1
35,152,15,75,57,42,"1,2,3",179550,53.865,B,2,S5,1
35,43,5,76,71,60,"1,2,3",323760,97.128,A,1,S1,0
35,44,6,71,68,46,"1,2,3",222088,66.626,A,1,S2,1
35,67,7,109,51,26,"2,3",144534,43.36,A,1,S3,1
35,131,13,84,36,26,"2,3",78624,23.587,C,3,S6,1
35,125,13,84,36,26,"2,3",78624,23.587,A,1,S2,1
35,136,14,77,45,32,"2,3",110880,33.264,A,1,S1,1
35,12,2,84,68,42,"2,3",239904,71.971,A,1,S3,1
35,147,15,75,57,42,"1,2,3",179550,53.865,B,2,S4,1
35,83,9,84,55,29,"2,3",133980,40.194,B,2,S4,1
35,139,14,77,45,32,"2,3",110880,33.264,B,2,S5,1
35,133,14,77,45,32,"2,3",110880,33.264,A,1,S3,1
35,73,8,109,54,45,"2,3",264870,79.461,C,3,S6,1
35,33,5,76,71,60,"1,2,3",323760,97.128,C,3,S6,1
35,82,8,109,54,45,"2,3",264870,79.461,A,1,S1,0
35,114,11,119,76,39,"2,3",352716,105.815,C,3,S6,1
35,6,1,100,33,31,"2,3",102300,30.69,C,3,S6,1
35,137,14,77,45,32,"2,3",110880,33.264,B,2,S4,1
35,120,12,75,74,43,"1,2,3",238650,71.595,B,2,S5,1
35,113,11,119,76,39,"2,3",352716,105.815,B,2,S5,1
35,9,2,84,68,42,"2,3",239904,71.971,B,2,S4,1
35,98,10,104,66,20,3,137280,41.184,B,2,S4,1
35,138,14,77,45,32,"2,3",110880,33.264,B,2,S4,1
35,142,14,77,45,32,"2,3",110880,33.264,C,3,S6,1
35,61,7,109,51,26,"2,3",144534,43.36,B,2,S5,1
35,74,8,109,54,45,"2,3",264870,79.461,C,3,S6,1
35,112,11,119,76,39,"2,3",352716,105.815,C,3,S6,1
35,135,14,77,45,32,"2,3",110880,33.264,C,3,S6,1
35,95,10,104,66,20,3,137280,41.184,C,3,S6,1
35,37,5,76,71,60,"1,2,3",323760,97.128,C,3,S6,0
35,66,7,109,51,26,"2,3",144534,43.36,C,3,S6,1
35,126,13,84,36,26,"2,3",78624,23.587,B,2,S4,1
35,101,10,104,66,20,3,137280,41.184,B,2,S4,1
35,52,6,71,68,46,"1,2,3",222088,66.626,A,1,S2,1
35,23,4,57,39,30,"1,2,3",66690,20.007,A,1,S3,1
35,50,6,71,68,46,"1,2,3",222088,66.626,A,1,S1,1
35,29,4,57,39,30,"1,2,3",66690,20.007,B,2,S4,1
35,10,2,84,68,42,"2,3",239904,71.971,B,2,S4,1
35,85,9,84,55,29,"2,3",133980,40.194,C,3,S6,1
35,2,1,100,33,31,"2,3",102300,30.69,C,3,S6,1
35,20,3,95,84,31,3,247380,74.214,B,2,S5,1
35,42,5,76,71,60,"1,2,3",323760,97.128,A,1,S1,1
35,111,11,119,76,39,"2,3",352716,105.815,A,1,S2,1
35,84,9,84,55,29,"2,3",133980,40.194,A,1,S3,1
35,16,3,95,84,31,3,247380,74.214,A,1,S2,1
35,99,10,104,66,20,3,137280,41.184,A,1,S2,0
35,146,15,75,57,42,"1,2,3",179550,53.865,A,1,S3,1
35,72,8,109,54,45,"2,3",264870,79.461,B,2,S5,1
35,110,11,119,76,39,"2,3",352716,105.815,A,1,S3,1
35,128,13,84,36,26,"2,3",78624,23.587,A,1,S1,1
35,41,5,76,71,60,"1,2,3",323760,97.128,A,1,S2,1
35,86,9,84,55,29,"2,3",133980,40.194,A,1,S3,1
35,121,12,75,74,43,"1,2,3",238650,71.595,B,2,S5,1
35,1,1,100,33,31,"2,3",102300,30.69,C,3,S6,1
35,31,4,57,39,30,"1,2,3",66690,20.007,A,1,S2,1
35,106,11,119,76,39,"2,3",352716,105.815,A,1,S2,1
35,14,2,84,68,42,"2,3",239904,71.971,C,3,S6,1
35,36,5,76,71,60,"1,2,3",323760,97.128,C,3,S6,0
35,130,13,84,36,26,"2,3",78624,23.587,A,1,S2,1
35,102,11,119,76,39,"2,3",352716,105.815,C,3,S6,1
35,88,9,84,55,29,"2,3",133980,40.194,C,3,S6,1
35,51,6,71,68,46,"1,2,3",222088,66.626,C,3,S6,1
35,35,5,76,71,60,"1,2,3",323760,97.128,C,3,S6,1
35,8,2,84,68,42,"2,3",239904,71.971,C,3,S6,1
35,69,8,109,54,45,"2,3",264870,79.461,C,3,S6,1
35,30,4,57,39,30,"1,2,3",66690,20.007,C,3,S6,0
35,18,3,95,84,31,3,247380,74.214,C,3,S6,1
35,132,13,84,36,26,"2,3",78624,23.587,C,3,S6,1
35,123,13,84,36,26,"2,3",78624,23.587,C,3,S6,1
35,63,7,109,51,26,"2,3",144534,43.36,A,1,S1,1
35,100,10,104,66,20,3,137280,41.184,A,1,S1,1
35,13,2,84,68,42,"2,3",239904,71.971,A,1,S2,1
35,96,10,104,66,20,3,137280,41.184,A,1,S3,1
35,55,7,109,51,26,"2,3",144534,43.36,A,1,S1,1
35,87,9,84,55,29,"2,3",133980,40.194,A,1,S3,1
35,47,6,71,68,46,"1,2,3",222088,66.626,A,1,S3,0
35,97,10,104,66,20,3,137280,41.184,C,3,S6,1
35,15,2,84,68,42,"2,3",239904,71.971,C,3,S6,1
35,104,11,119,76,39,"2,3",352716,105.815,C,3,S6,1
35,91,9,84,55,29,"2,3",133980,40.194,A,1,S3,1
35,46,6,71,68,46,"1,2,3",222088,66.626,C,3,S6,0
35,48,6,71,68,46,"1,2,3",222088,66.626,A,1,S3,1
35,149,15,75,57,42,"1,2,3",179550,53.865,A,1,S2,1
35,145,15,75,57,42,"1,2,3",179550,53.865,A,1,S3,1
35,144,15,75,57,42,"1,2,3",179550,53.865,A,1,S3,1
35,89,9,84,55,29,"2,3",133980,40.194,A,1,S3,1
35,40,5,76,71,60,"1,2,3",323760,97.128,A,1,S1,1
35,65,7,109,51,26,"2,3",144534,43.36,A,1,S1,1
35,75,8,109,54,45,"2,3",264870,79.461,A,1,S2,1
35,28,4,57,39,30,"1,2,3",66690,20.007,A,1,S1,1
36,102,14,81,44,31,"2,3",110484,33.145,C,3,S6,1
36,88,11,95,92,55,"1,2,3",480700,144.21,C,3,S6,1
36,45,6,61,43,31,"1,2,3",81313,24.394,A,1,S3,1
36,36,5,67,63,47,"1,2,3",198387,59.516,A,1,S2,1
36,3,1,41,39,26,"1,2,3",41574,12.472,A,1,S1,1
36,59,7,72,53,35,"2,3",133560,40.068,B,2,S5,1
36,74,9,110,71,45,"2,3",351450,105.435,A,1,S3,1
36,89,12,86,74,31,3,197284,59.185,A,1,S3,1
36,79,10,73,71,52,"1,2,3",269516,80.855,A,1,S2,0
36,72,9,110,71,45,"2,3",351450,105.435,A,1,S2,1
36,50,7,72,53,35,"2,3",133560,40.068,A,1,S1,1
36,78,10,73,71,52,"1,2,3",269516,80.855,A,1,S3,1
36,92,13,99,62,52,"1,2,3",319176,95.753,B,2,S4,1
36,31,4,119,96,71,"1,2,3",811104,243.331,A,1,S3,1
36,11,1,41,39,26,"1,2,3",41574,12.472,C,3,S6,1
36,15,2,110,40,34,"2,3",149600,44.88,B,2,S5,1
36,16,2,110,40,34,"2,3",149600,44.88,C,3,S6,1
36,17,2,110,40,34,"2,3",149600,44.88,C,3,S6,1
36,61,8,64,38,38,"1,2,3",92416,27.725,B,2,S5,1
36,40,5,67,63,47,"1,2,3",198387,59.516,B,2,S5,1
36,62,8,64,38,38,"1,2,3",92416,27.725,C,3,S6,1
36,39,5,67,63,47,"1,2,3",198387,59.516,C,3,S6,1
36,22,2,110,40,34,"2,3",149600,44.88,A,1,S1,1
36,63,8,64,38,38,"1,2,3",92416,27.725,A,1,S3,1
36,37,5,67,63,47,"1,2,3",198387,59.516,A,1,S1,1
36,84,10,73,71,52,"1,2,3",269516,80.855,A,1,S3,1
36,101,14,81,44,31,"2,3",110484,33.145,B,2,S5,1
36,2,1,41,39,26,"1,2,3",41574,12.472,B,2,S4,1
36,112,15,113,94,70,"1,2,3",743540,223.062,A,1,S2,0
36,18,2,110,40,34,"2,3",149600,44.88,A,1,S2,1
36,64,8,64,38,38,"1,2,3",92416,27.725,A,1,S1,1
36,65,8,64,38,38,"1,2,3",92416,27.725,B,2,S5,1
36,47,7,72,53,35,"2,3",133560,40.068,A,1,S2,1
36,57,7,72,53,35,"2,3",133560,40.068,A,1,S3,1
36,1,1,41,39,26,"1,2,3",41574,12.472,A,1,S3,1
36,94,13,99,62,52,"1,2,3",319176,95.753,A,1,S2,1
36,26,3,94,77,52,"1,2,3",376376,112.913,A,1,S1,1
36,104,14,81,44,31,"2,3",110484,33.145,A,1,S2,1
36,105,14,81,44,31,"2,3",110484,33.145,A,1,S3,0
36,73,9,110,71,45,"2,3",351450,105.435,C,3,S6,1
36,107,15,113,94,70,"1,2,3",743540,223.062,A,1,S2,1
36,110,15,113,94,70,"1,2,3",743540,223.062,C,3,S6,1
36,58,7,72,53,35,"2,3",133560,40.068,C,3,S6,1
36,67,8,64,38,38,"1,2,3",92416,27.725,C,3,S6,1
36,100,14,81,44,31,"2,3",110484,33.145,C,3,S6,1
36,46,6,61,43,31,"1,2,3",81313,24.394,B,2,S5,1
36,8,1,41,39,26,"1,2,3",41574,12.472,C,3,S6,0
36,81,10,73,71,52,"1,2,3",269516,80.855,C,3,S6,1
36,33,4,119,96,71,"1,2,3",811104,243.331,A,1,S3,0
36,19,2,110,40,34,"2,3",149600,44.88,C,3,S6,1
36,48,7,72,53,35,"2,3",133560,40.068,B,2,S4,1
36,87,11,95,92,55,"1,2,3",480700,144.21,B,2,S5,1
36,5,1,41,39,26,"1,2,3",41574,12.472,A,1,S1,1
36,51,7,72,53,35,"2,3",133560,40.068,B,2,S4,1
36,96,13,99,62,52,"1,2,3",319176,95.753,B,2,S4,1
36,54,7,72,53,35,"2,3",133560,40.068,C,3,S6,0
36,7,1,41,39,26,"1,2,3",41574,12.472,C,3,S6,1
36,82,10,73,71,52,"1,2,3",269516,80.855,C,3,S6,1
36,55,7,72,53,35,"2,3",133560,40.068,C,3,S6,1
36,12,1,41,39,26,"1,2,3",41574,12.472,A,1,S1,1
36,68,8,64,38,38,"1,2,3",92416,27.725,C,3,S6,1
36,42,6,61,43,31,"1,2,3",81313,24.394,C,3,S6,1
36,91,12,86,74,31,3,197284,59.185,A,1,S2,1
36,9,1,41,39,26,"1,2,3",41574,12.472,C,3,S6,1
36,21,2,110,40,34,"2,3",149600,44.88,C,3,S6,1
36,77,9,110,71,45,"2,3",351450,105.435,C,3,S6,1
36,35,5,67,63,47,"1,2,3",198387,59.516,A,1,S2,1
36,70,9,110,71,45,"2,3",351450,105.435,B,2,S5,1
36,85,11,95,92,55,"1,2,3",480700,144.21,A,1,S2,1
36,69,9,110,71,45,"2,3",351450,105.435,A,1,S3,1
36,29,4,119,96,71,"1,2,3",811104,243.331,B,2,S4,1
36,14,1,41,39,26,"1,2,3",41574,12.472,B,2,S4,1
36,27,3,94,77,52,"1,2,3",376376,112.913,B,2,S4,1
36,25,3,94,77,52,"1,2,3",376376,112.913,C,3,S6,1
36,13,1,41,39,26,"1,2,3",41574,12.472,C,3,S6,1
36,44,6,61,43,31,"1,2,3",81313,24.394,B,2,S5,1
36,71,9,110,71,45,"2,3",351450,105.435,B,2,S5,1
36,4,1,41,39,26,"1,2,3",41574,12.472,B,2,S5,1
36,66,8,64,38,38,"1,2,3",92416,27.725,A,1,S3,1
36,34,4,119,96,71,"1,2,3",811104,243.331,A,1,S3,0
36,43,6,61,43,31,"1,2,3",81313,24.394,B,2,S4,1
36,10,1,41,39,26,"1,2,3",41574,12.472,B,2,S5,1
36,49,7,72,53,35,"2,3",133560,40.068,A,1,S2,1
36,98,14,81,44,31,"2,3",110484,33.145,B,2,S4,1
36,109,15,113,94,70,"1,2,3",743540,223.062,B,2,S5,1
36,24,3,94,77,52,"1,2,3",376376,112.913,B,2,S5,1
36,95,13,99,62,52,"1,2,3",319176,95.753,A,1,S1,1
36,38,5,67,63,47,"1,2,3",198387,59.516,B,2,S4,1
36,80,10,73,71,52,"1,2,3",269516,80.855,B,2,S4,1
36,23,3,94,77,52,"1,2,3",376376,112.913,A,1,S2,1
36,113,15,113,94,70,"1,2,3",743540,223.062,A,1,S2,1
36,83,10,73,71,52,"1,2,3",269516,80.855,C,3,S6,1
36,108,15,113,94,70,"1,2,3",743540,223.062,A,1,S1,1
36,93,13,99,62,52,"1,2,3",319176,95.753,A,1,S1,1
36,103,14,81,44,31,"2,3",110484,33.145,A,1,S1,1
36,60,8,64,38,38,"1,2,3",92416,27.725,A,1,S1,1
36,32,4,119,96,71,"1,2,3",811104,243.331,A,1,S3,0
36,56,7,72,53,35,"2,3",133560,40.068,A,1,S2,0
36,30,4,119,96,71,"1,2,3",811104,243.331,B,2,S5,1
36,52,7,72,53,35,"2,3",133560,40.068,B,2,S5,1
36,75,9,110,71,45,"2,3",351450,105.435,B,2,S4,1
36,90,12,86,74,31,3,197284,59.185,B,2,S5,1
36,86,11,95,92,55,"1,2,3",480700,144.21,B,2,S4,1
36,97,13,99,62,52,"1,2,3",319176,95.753,A,1,S1,1
36,106,15,113,94,70,"1,2,3",743540,223.062,B,2,S5,1
36,41,5,67,63,47,"1,2,3",198387,59.516,C,3,S6,0
36,76,9,110,71,45,"2,3",351450,105.435,B,2,S5,1
36,20,2,110,40,34,"2,3",149600,44.88,B,2,S4,1
36,6,1,41,39,26,"1,2,3",41574,12.472,B,2,S5,1
36,28,4,119,96,71,"1,2,3",811104,243.331,B,2,S4,1
36,53,7,72,53,35,"2,3",133560,40.068,B,2,S5,0
36,99,14,81,44,31,"2,3",110484,33.145,B,2,S5,1
36,111,15,113,94,70,"1,2,3",743540,223.062,B,2,S5,1
37,25,4,90,77,52,"1,2,3",360360,108.108,B,2,S5,0
37,3,1,98,73,44,"2,3",314776,94.433,B,2,S5,1
37,94,13,114,97,69,"1,2,3",763002,228.901,B,2,S4,1
37,87,12,105,97,47,3,478695,143.608,B,2,S5,1
37,49,7,55,44,36,"1,2,3",87120,26.136,A,1,S2,1
37,86,12,105,97,47,3,478695,143.608,B,2,S4,1
37,54,8,82,58,23,3,109388,32.816,A,1,S1,1
37,100,14,103,78,55,"1,2,3",441870,132.561,B,2,S5,1
37,44,7,55,44,36,"1,2,3",87120,26.136,B,2,S4,1
37,93,13,114,97,69,"1,2,3",763002,228.901,B,2,S4,1
37,43,7,55,44,36,"1,2,3",87120,26.136,B,2,S5,1
37,1,1,98,73,44,"2,3",314776,94.433,A,1,S3,1
37,67,10,81,39,24,"2,3",75816,22.745,A,1,S1,1
37,58,8,82,58,23,3,109388,32.816,C,3,S6,1
37,16,3,105,73,60,"1,2,3",459900,137.97,B,2,S4,1
37,33,6,106,76,55,"1,2,3",443080,132.924,B,2,S5,1
37,11,2,60,60,38,"1,2,3",136800,41.04,B,2,S5,0
37,2,1,98,73,44,"2,3",314776,94.433,A,1,S1,1
37,27,5,66,58,24,3,91872,27.562,B,2,S4,1
37,37,6,106,76,55,"1,2,3",443080,132.924,B,2,S5,1
37,28,5,66,58,24,3,91872,27.562,B,2,S4,1
37,101,15,93,66,55,"1,2,3",337590,101.277,B,2,S5,1
37,7,2,60,60,38,"1,2,3",136800,41.04,B,2,S4,0
37,66,9,74,61,58,"1,2,3",261812,78.544,B,2,S5,1
37,36,6,106,76,55,"1,2,3",443080,132.924,B,2,S4,1
37,26,4,90,77,52,"1,2,3",360360,108.108,B,2,S5,1
37,50,7,55,44,36,"1,2,3",87120,26.136,B,2,S5,1
37,38,6,106,76,55,"1,2,3",443080,132.924,B,2,S4,1
37,90,13,114,97,69,"1,2,3",763002,228.901,B,2,S5,1
37,102,15,93,66,55,"1,2,3",337590,101.277,B,2,S5,0
37,53,7,55,44,36,"1,2,3",87120,26.136,B,2,S4,1
37,46,7,55,44,36,"1,2,3",87120,26.136,C,3,S6,1
37,8,2,60,60,38,"1,2,3",136800,41.04,C,3,S6,1
37,96,14,103,78,55,"1,2,3",441870,132.561,B,2,S4,1
37,56,8,82,58,23,3,109388,32.816,B,2,S5,1
37,47,7,55,44,36,"1,2,3",87120,26.136,B,2,S5,0
37,73,10,81,39,24,"2,3",75816,22.745,B,2,S4,1
37,10,2,60,60,38,"1,2,3",136800,41.04,B,2,S4,1
37,23,3,105,73,60,"1,2,3",459900,137.97,A,1,S2,1
37,14,3,105,73,60,"1,2,3",459900,137.97,B,2,S4,1
37,89,12,105,97,47,3,478695,143.608,B,2,S4,0
37,68,10,81,39,24,"2,3",75816,22.745,B,2,S4,1
37,98,14,103,78,55,"1,2,3",441870,132.561,B,2,S5,1
37,88,12,105,97,47,3,478695,143.608,A,1,S3,1
37,106,15,93,66,55,"1,2,3",337590,101.277,A,1,S2,1
37,30,5,66,58,24,3,91872,27.562,A,1,S2,1
37,99,14,103,78,55,"1,2,3",441870,132.561,C,3,S6,1
37,105,15,93,66,55,"1,2,3",337590,101.277,C,3,S6,1
37,62,9,74,61,58,"1,2,3",261812,78.544,C,3,S6,1
37,39,6,106,76,55,"1,2,3",443080,132.924,B,2,S5,1
37,20,3,105,73,60,"1,2,3",459900,137.97,B,2,S4,1
37,77,11,71,65,39,"1,2,3",179985,53.995,C,3,S6,1
37,57,8,82,58,23,3,109388,32.816,C,3,S6,1
37,104,15,93,66,55,"1,2,3",337590,101.277,C,3,S6,1
37,91,13,114,97,69,"1,2,3",763002,228.901,A,1,S2,1
37,34,6,106,76,55,"1,2,3",443080,132.924,C,3,S6,1
37,59,8,82,58,23,3,109388,32.816,C,3,S6,1
37,74,10,81,39,24,"2,3",75816,22.745,C,3,S6,1
37,4,1,98,73,44,"2,3",314776,94.433,C,3,S6,1
37,5,1,98,73,44,"2,3",314776,94.433,B,2,S5,1
37,29,5,66,58,24,3,91872,27.562,C,3,S6,1
37,6,1,98,73,44,"2,3",314776,94.433,C,3,S6,1
37,76,11,71,65,39,"1,2,3",179985,53.995,C,3,S6,1
37,48,7,55,44,36,"1,2,3",87120,26.136,A,1,S2,1
37,63,9,74,61,58,"1,2,3",261812,78.544,C,3,S6,1
37,79,11,71,65,39,"1,2,3",179985,53.995,A,1,S2,1
37,65,9,74,61,58,"1,2,3",261812,78.544,A,1,S3,1
37,15,3,105,73,60,"1,2,3",459900,137.97,A,1,S3,1
37,52,7,55,44,36,"1,2,3",87120,26.136,A,1,S1,1
37,13,2,60,60,38,"1,2,3",136800,41.04,A,1,S3,0
37,41,6,106,76,55,"1,2,3",443080,132.924,C,3,S6,1
37,18,3,105,73,60,"1,2,3",459900,137.97,C,3,S6,1
37,84,11,71,65,39,"1,2,3",179985,53.995,A,1,S2,1
37,78,11,71,65,39,"1,2,3",179985,53.995,C,3,S6,1
37,40,6,106,76,55,"1,2,3",443080,132.924,A,1,S1,1
37,75,11,71,65,39,"1,2,3",179985,53.995,A,1,S2,1
37,103,15,93,66,55,"1,2,3",337590,101.277,C,3,S6,1
37,22,3,105,73,60,"1,2,3",459900,137.97,C,3,S6,1
37,81,11,71,65,39,"1,2,3",179985,53.995,C,3,S6,1
37,71,10,81,39,24,"2,3",75816,22.745,A,1,S3,1
37,95,14,103,78,55,"1,2,3",441870,132.561,A,1,S2,1
37,42,7,55,44,36,"1,2,3",87120,26.136,A,1,S2,1
37,72,10,81,39,24,"2,3",75816,22.745,A,1,S1,1
37,45,7,55,44,36,"1,2,3",87120,26.136,A,1,S2,1
37,80,11,71,65,39,"1,2,3",179985,53.995,A,1,S1,1
37,32,6,106,76,55,"1,2,3",443080,132.924,A,1,S2,1
37,70,10,81,39,24,"2,3",75816,22.745,C,3,S6,1
37,83,11,71,65,39,"1,2,3",179985,53.995,C,3,S6,1
37,69,10,81,39,24,"2,3",75816,22.745,C,3,S6,0
37,35,6,106,76,55,"1,2,3",443080,132.924,A,1,S2,1
37,55,8,82,58,23,3,109388,32.816,A,1,S2,1
37,21,3,105,73,60,"1,2,3",459900,137.97,A,1,S1,1
37,64,9,74,61,58,"1,2,3",261812,78.544,A,1,S3,0
37,60,8,82,58,23,3,109388,32.816,A,1,S3,1
37,97,14,103,78,55,"1,2,3",441870,132.561,A,1,S2,1
37,19,3,105,73,60,"1,2,3",459900,137.97,A,1,S1,1
37,82,11,71,65,39,"1,2,3",179985,53.995,A,1,S1,1
37,31,5,66,58,24,3,91872,27.562,A,1,S1,0
37,61,9,74,61,58,"1,2,3",261812,78.544,A,1,S3,1
37,92,13,114,97,69,"1,2,3",763002,228.901,A,1,S3,1
37,9,2,60,60,38,"1,2,3",136800,41.04,A,1,S2,0
37,12,2,60,60,38,"1,2,3",136800,41.04,A,1,S2,1
37,24,4,90,77,52,"1,2,3",360360,108.108,A,1,S3,1
37,85,11,71,65,39,"1,2,3",179985,53.995,A,1,S1,1
37,17,3,105,73,60,"1,2,3",459900,137.97,A,1,S2,1
37,51,7,55,44,36,"1,2,3",87120,26.136,A,1,S3,1
38,115,13,57,38,25,"2,3",54150,16.245,A,1,S3,1
38,119,14,70,65,28,3,127400,38.22,C,3,S6,1
38,52,6,91,79,78,"1,2,3",560742,168.223,C,3,S6,1
38,16,2,102,87,36,3,319464,95.839,C,3,S6,1
38,90,11,58,38,26,"2,3",57304,17.191,A,1,S3,1
38,56,7,90,57,53,"1,2,3",271890,81.567,B,2,S5,1
38,65,8,78,68,25,3,132600,39.78,B,2,S4,1
38,67,8,78,68,25,3,132600,39.78,B,2,S5,1
38,122,14,70,65,28,3,127400,38.22,B,2,S4,1
38,87,10,97,89,56,"1,2,3",483448,145.034,B,2,S5,1
38,117,14,70,65,28,3,127400,38.22,B,2,S5,1
38,74,9,77,44,39,"1,2,3",132132,39.64,A,1,S3,1
38,114,13,57,38,25,"2,3",54150,16.245,A,1,S1,1
38,81,10,97,89,56,"1,2,3",483448,145.034,A,1,S3,1
38,53,6,91,79,78,"1,2,3",560742,168.223,B,2,S5,1
38,50,6,91,79,78,"1,2,3",560742,168.223,B,2,S5,1
38,26,3,115,42,33,"2,3",159390,47.817,A,1,S2,1
38,97,12,64,44,33,"1,2,3",92928,27.878,A,1,S2,1
38,108,13,57,38,25,"2,3",54150,16.245,B,2,S4,1
38,101,12,64,44,33,"1,2,3",92928,27.878,B,2,S4,1
38,57,7,90,57,53,"1,2,3",271890,81.567,B,2,S4,0
38,130,15,93,73,61,"1,2,3",414129,124.239,B,2,S4,1
38,4,1,104,94,50,"2,3",488800,146.64,B,2,S5,1
38,43,5,70,62,48,"1,2,3",208320,62.496,B,2,S4,0
38,39,5,70,62,48,"1,2,3",208320,62.496,B,2,S4,1
38,7,2,102,87,36,3,319464,95.839,B,2,S5,1
38,94,11,58,38,26,"2,3",57304,17.191,B,2,S4,1
38,72,8,78,68,25,3,132600,39.78,B,2,S4,1
38,23,3,115,42,33,"2,3",159390,47.817,A,1,S3,0
38,29,3,115,42,33,"2,3",159390,47.817,B,2,S4,1
38,44,5,70,62,48,"1,2,3",208320,62.496,B,2,S5,1
38,88,10,97,89,56,"1,2,3",483448,145.034,A,1,S1,1
38,89,11,58,38,26,"2,3",57304,17.191,B,2,S4,1
38,19,3,115,42,33,"2,3",159390,47.817,C,3,S6,1
38,63,7,90,57,53,"1,2,3",271890,81.567,C,3,S6,1
38,103,12,64,44,33,"1,2,3",92928,27.878,B,2,S4,1
38,20,3,115,42,33,"2,3",159390,47.817,B,2,S5,1
38,32,4,61,58,32,"1,2,3",113216,33.965,C,3,S6,1
38,127,15,93,73,61,"1,2,3",414129,124.239,C,3,S6,1
38,110,13,57,38,25,"2,3",54150,16.245,C,3,S6,1
38,42,5,70,62,48,"1,2,3",208320,62.496,C,3,S6,1
38,12,2,102,87,36,3,319464,95.839,C,3,S6,1
38,14,2,102,87,36,3,319464,95.839,C,3,S6,1
38,27,3,115,42,33,"2,3",159390,47.817,C,3,S6,1
38,37,4,61,58,32,"1,2,3",113216,33.965,C,3,S6,1
38,129,15,93,73,61,"1,2,3",414129,124.239,C,3,S6,1
38,112,13,57,38,25,"2,3",54150,16.245,C,3,S6,1
38,59,7,90,57,53,"1,2,3",271890,81.567,C,3,S6,1
38,69,8,78,68,25,3,132600,39.78,A,1,S1,1
38,109,13,57,38,25,"2,3",54150,16.245,A,1,S2,1
38,105,13,57,38,25,"2,3",54150,16.245,C,3,S6,1
38,47,6,91,79,78,"1,2,3",560742,168.223,A,1,S2,1
38,38,5,70,62,48,"1,2,3",208320,62.496,A,1,S2,1
38,116,13,57,38,25,"2,3",54150,16.245,B,2,S5,0
38,93,11,58,38,26,"2,3",57304,17.191,C,3,S6,1
38,71,8,78,68,25,3,132600,39.78,C,3,S6,1
38,85,10,97,89,56,"1,2,3",483448,145.034,C,3,S6,1
38,49,6,91,79,78,"1,2,3",560742,168.223,B,2,S5,1
38,126,15,93,73,61,"1,2,3",414129,124.239,A,1,S3,1
38,68,8,78,68,25,3,132600,39.78,A,1,S3,1
38,86,10,97,89,56,"1,2,3",483448,145.034,A,1,S3,1
38,41,5,70,62,48,"1,2,3",208320,62.496,B,2,S5,1
38,111,13,57,38,25,"2,3",54150,16.245,A,1,S2,1
38,75,9,77,44,39,"1,2,3",132132,39.64,C,3,S6,1
38,40,5,70,62,48,"1,2,3",208320,62.496,A,1,S2,1
38,62,7,90,57,53,"1,2,3",271890,81.567,A,1,S2,0
38,91,11,58,38,26,"2,3",57304,17.191,B,2,S5,1
38,10,2,102,87,36,3,319464,95.839,B,2,S4,1
38,31,4,61,58,32,"1,2,3",113216,33.965,B,2,S4,1
38,48,6,91,79,78,"1,2,3",560742,168.223,B,2,S4,1
38,77,9,77,44,39,"1,2,3",132132,39.64,B,2,S4,1
38,21,3,115,42,33,"2,3",159390,47.817,A,1,S3,1
38,28,3,115,42,33,"2,3",159390,47.817,B,2,S4,1
38,128,15,93,73,61,"1,2,3",414129,124.239,A,1,S2,1
38,121,14,70,65,28,3,127400,38.22,C,3,S6,1
38,83,10,97,89,56,"1,2,3",483448,145.034,B,2,S4,1
38,76,9,77,44,39,"1,2,3",132132,39.64,C,3,S6,1
38,64,8,78,68,25,3,132600,39.78,A,1,S3,1
38,8,2,102,87,36,3,319464,95.839,C,3,S6,1
38,123,14,70,65,28,3,127400,38.22,B,2,S4,0
38,96,12,64,44,33,"1,2,3",92928,27.878,A,1,S3,1
38,36,4,61,58,32,"1,2,3",113216,33.965,A,1,S1,1
38,35,4,61,58,32,"1,2,3",113216,33.965,A,1,S3,1
38,1,1,104,94,50,"2,3",488800,146.64,A,1,S2,1
38,102,12,64,44,33,"1,2,3",92928,27.878,A,1,S3,1
38,131,15,93,73,61,"1,2,3",414129,124.239,A,1,S2,1
38,125,14,70,65,28,3,127400,38.22,A,1,S1,1
38,46,5,70,62,48,"1,2,3",208320,62.496,B,2,S4,1
38,95,11,58,38,26,"2,3",57304,17.191,B,2,S5,0
38,5,1,104,94,50,"2,3",488800,146.64,B,2,S4,1
38,79,10,97,89,56,"1,2,3",483448,145.034,B,2,S4,1
38,11,2,102,87,36,3,319464,95.839,A,1,S3,1
38,120,14,70,65,28,3,127400,38.22,A,1,S2,1
38,99,12,64,44,33,"1,2,3",92928,27.878,A,1,S3,1
38,84,10,97,89,56,"1,2,3",483448,145.034,B,2,S4,1
38,9,2,102,87,36,3,319464,95.839,C,3,S6,1
38,100,12,64,44,33,"1,2,3",92928,27.878,C,3,S6,1
38,6,1,104,94,50,"2,3",488800,146.64,C,3,S6,1
38,22,3,115,42,33,"2,3",159390,47.817,B,2,S4,1
38,34,4,61,58,32,"1,2,3",113216,33.965,C,3,S6,1
38,113,13,57,38,25,"2,3",54150,16.245,A,1,S1,1
38,18,3,115,42,33,"2,3",159390,47.817,A,1,S2,1
38,51,6,91,79,78,"1,2,3",560742,168.223,B,2,S4,1
38,17,3,115,42,33,"2,3",159390,47.817,B,2,S5,1
38,70,8,78,68,25,3,132600,39.78,B,2,S5,1
38,24,3,115,42,33,"2,3",159390,47.817,B,2,S4,1
38,3,1,104,94,50,"2,3",488800,146.64,B,2,S4,1
38,54,7,90,57,53,"1,2,3",271890,81.567,A,1,S2,1
38,82,10,97,89,56,"1,2,3",483448,145.034,A,1,S2,1
38,106,13,57,38,25,"2,3",54150,16.245,A,1,S1,0
38,66,8,78,68,25,3,132600,39.78,B,2,S4,1
38,25,3,115,42,33,"2,3",159390,47.817,C,3,S6,1
38,45,5,70,62,48,"1,2,3",208320,62.496,A,1,S1,1
38,15,2,102,87,36,3,319464,95.839,A,1,S1,1
38,80,10,97,89,56,"1,2,3",483448,145.034,C,3,S6,1
38,118,14,70,65,28,3,127400,38.22,C,3,S6,1
38,78,9,77,44,39,"1,2,3",132132,39.64,C,3,S6,0
38,124,14,70,65,28,3,127400,38.22,A,1,S1,0
38,92,11,58,38,26,"2,3",57304,17.191,C,3,S6,0
38,30,3,115,42,33,"2,3",159390,47.817,A,1,S3,1
38,13,2,102,87,36,3,319464,95.839,A,1,S2,1
38,33,4,61,58,32,"1,2,3",113216,33.965,A,1,S1,1
38,107,13,57,38,25,"2,3",54150,16.245,A,1,S3,0
38,2,1,104,94,50,"2,3",488800,146.64,A,1,S1,1
38,58,7,90,57,53,"1,2,3",271890,81.567,A,1,S3,1
38,61,7,90,57,53,"1,2,3",271890,81.567,A,1,S2,1
38,98,12,64,44,33,"1,2,3",92928,27.878,A,1,S2,1
38,73,8,78,68,25,3,132600,39.78,A,1,S3,1
38,104,13,57,38,25,"2,3",54150,16.245,A,1,S1,0
38,55,7,90,57,53,"1,2,3",271890,81.567,A,1,S2,1
38,60,7,90,57,53,"1,2,3",271890,81.567,A,1,S3,1
39,115,10,97,64,28,3,173824,52.147,B,2,S4,1
39,130,11,102,77,42,"2,3",329868,98.96,A,1,S1,1
39,63,5,73,39,38,"1,2,3",108186,32.456,A,1,S2,1
39,88,7,62,59,54,"1,2,3",197532,59.26,A,1,S1,1
39,47,4,73,39,33,"2,3",93951,28.185,C,3,S6,1
39,82,7,62,59,54,"1,2,3",197532,59.26,C,3,S6,0
39,18,2,53,37,34,"1,2,3",66674,20.002,B,2,S4,1
39,62,5,73,39,38,"1,2,3",108186,32.456,B,2,S4,0
39,37,3,54,35,25,"2,3",47250,14.175,A,1,S3,1
39,90,8,98,53,44,"2,3",228536,68.561,A,1,S1,1
39,174,15,57,54,52,"1,2,3",160056,48.017,A,1,S1,1
39,80,7,62,59,54,"1,2,3",197532,59.26,A,1,S1,1
39,126,11,102,77,42,"2,3",329868,98.96,A,1,S1,1
39,72,6,50,42,29,"1,2,3",60900,18.27,B,2,S5,1
39,94,8,98,53,44,"2,3",228536,68.561,C,3,S6,1
39,56,5,73,39,38,"1,2,3",108186,32.456,C,3,S6,1
39,163,14,77,51,38,"2,3",149226,44.768,B,2,S5,1
39,172,15,57,54,52,"1,2,3",160056,48.017,B,2,S4,1
39,106,9,94,32,31,"2,3",93248,27.974,B,2,S5,1
39,128,11,102,77,42,"2,3",329868,98.96,B,2,S5,1
39,162,14,77,51,38,"2,3",149226,44.768,B,2,S5,1
39,57,5,73,39,38,"1,2,3",108186,32.456,B,2,S4,1
39,86,7,62,59,54,"1,2,3",197532,59.26,B,2,S4,1
39,15,1,89,56,45,"1,2,3",224280,67.284,B,2,S5,1
39,35,3,54,35,25,"2,3",47250,14.175,A,1,S3,1
39,44,4,73,39,33,"2,3",93951,28.185,C,3,S6,1
39,120,10,97,64,28,3,173824,52.147,C,3,S6,1
39,180,15,57,54,52,"1,2,3",160056,48.017,A,1,S2,1
39,84,7,62,59,54,"1,2,3",197532,59.26,A,1,S2,1
39,178,15,57,54,52,"1,2,3",160056,48.017,B,2,S4,1
39,183,15,57,54,52,"1,2,3",160056,48.017,B,2,S4,1
39,22,2,53,37,34,"1,2,3",66674,20.002,A,1,S1,0
39,142,12,80,75,44,"1,2,3",264000,79.2,A,1,S2,1
39,173,15,57,54,52,"1,2,3",160056,48.017,B,2,S4,1
39,43,4,73,39,33,"2,3",93951,28.185,B,2,S5,1
39,17,2,53,37,34,"1,2,3",66674,20.002,B,2,S4,1
39,175,15,57,54,52,"1,2,3",160056,48.017,B,2,S5,0
39,154,13,93,52,41,"2,3",198276,59.483,C,3,S6,1
39,146,13,93,52,41,"2,3",198276,59.483,C,3,S6,1
39,10,1,89,56,45,"1,2,3",224280,67.284,C,3,S6,1
39,25,2,53,37,34,"1,2,3",66674,20.002,C,3,S6,1
39,41,4,73,39,33,"2,3",93951,28.185,C,3,S6,1
39,177,15,57,54,52,"1,2,3",160056,48.017,C,3,S6,1
39,112,10,97,64,28,3,173824,52.147,C,3,S6,1
39,27,2,53,37,34,"1,2,3",66674,20.002,C,3,S6,1
39,153,13,93,52,41,"2,3",198276,59.483,C,3,S6,1
39,157,13,93,52,41,"2,3",198276,59.483,A,1,S2,0
39,30,3,54,35,25,"2,3",47250,14.175,A,1,S2,1
39,138,12,80,75,44,"1,2,3",264000,79.2,C,3,S6,1
39,99,8,98,53,44,"2,3",228536,68.561,C,3,S6,1
39,102,8,98,53,44,"2,3",228536,68.561,A,1,S1,1
39,95,8,98,53,44,"2,3",228536,68.561,B,2,S5,1
39,114,10,97,64,28,3,173824,52.147,B,2,S4,1
39,49,4,73,39,33,"2,3",93951,28.185,B,2,S5,1
39,137,12,80,75,44,"1,2,3",264000,79.2,B,2,S5,1
39,91,8,98,53,44,"2,3",228536,68.561,B,2,S5,1
39,147,13,93,52,41,"2,3",198276,59.483,B,2,S4,1
39,53,5,73,39,38,"1,2,3",108186,32.456,B,2,S4,1
39,83,7,62,59,54,"1,2,3",197532,59.26,B,2,S4,1
39,133,11,102,77,42,"2,3",329868,98.96,C,3,S6,1
39,59,5,73,39,38,"1,2,3",108186,32.456,A,1,S3,1
39,20,2,53,37,34,"1,2,3",66674,20.002,A,1,S2,1
39,152,13,93,52,41,"2,3",198276,59.483,A,1,S2,1
39,2,1,89,56,45,"1,2,3",224280,67.284,A,1,S2,1
39,150,13,93,52,41,"2,3",198276,59.483,A,1,S1,1
39,166,14,77,51,38,"2,3",149226,44.768,A,1,S1,1
39,104,9,94,32,31,"2,3",93248,27.974,B,2,S5,1
39,98,8,98,53,44,"2,3",228536,68.561,B,2,S5,1
39,77,7,62,59,54,"1,2,3",197532,59.26,B,2,S4,1
39,182,15,57,54,52,"1,2,3",160056,48.017,A,1,S3,1
39,169,14,77,51,38,"2,3",149226,44.768,C,3,S6,1
39,75,6,50,42,29,"1,2,3",60900,18.27,A,1,S3,1
39,122,10,97,64,28,3,173824,52.147,A,1,S3,1
39,121,10,97,64,28,3,173824,52.147,A,1,S1,1
39,113,10,97,64,28,3,173824,52.147,C,3,S6,1
39,8,1,89,56,45,"1,2,3",224280,67.284,C,3,S6,1
39,89,7,62,59,54,"1,2,3",197532,59.26,A,1,S3,1
39,50,4,73,39,33,"2,3",93951,28.185,B,2,S4,1
39,158,13,93,52,41,"2,3",198276,59.483,B,2,S5,1
39,107,9,94,32,31,"2,3",93248,27.974,C,3,S6,0
39,19,2,53,37,34,"1,2,3",66674,20.002,C,3,S6,1
39,139,12,80,75,44,"1,2,3",264000,79.2,C,3,S6,1
39,31,3,54,35,25,"2,3",47250,14.175,C,3,S6,1
39,135,12,80,75,44,"1,2,3",264000,79.2,C,3,S6,0
39,55,5,73,39,38,"1,2,3",108186,32.456,C,3,S6,1
39,125,11,102,77,42,"2,3",329868,98.96,A,1,S2,0
39,132,11,102,77,42,"2,3",329868,98.96,B,2,S4,1
39,101,8,98,53,44,"2,3",228536,68.561,A,1,S2,1
39,7,1,89,56,45,"1,2,3",224280,67.284,C,3,S6,1
39,116,10,97,64,28,3,173824,52.147,A,1,S1,1
39,16,1,89,56,45,"1,2,3",224280,67.284,A,1,S1,1
39,4,1,89,56,45,"1,2,3",224280,67.284,A,1,S2,1
39,179,15,57,54,52,"1,2,3",160056,48.017,B,2,S5,1
39,167,14,77,51,38,"2,3",149226,44.768,C,3,S6,0
39,143,12,80,75,44,"1,2,3",264000,79.2,A,1,S2,1
39,11,1,89,56,45,"1,2,3",224280,67.284,A,1,S3,1
39,123,10,97,64,28,3,173824,52.147,A,1,S2,1
39,96,8,98,53,44,"2,3",228536,68.561,B,2,S4,0
39,85,7,62,59,54,"1,2,3",197532,59.26,C,3,S6,1
39,144,12,80,75,44,"1,2,3",264000,79.2,B,2,S4,1
39,164,14,77,51,38,"2,3",149226,44.768,A,1,S3,1
39,48,4,73,39,33,"2,3",93951,28.185,A,1,S3,1
39,165,14,77,51,38,"2,3",149226,44.768,A,1,S2,1
39,12,1,89,56,45,"1,2,3",224280,67.284,A,1,S2,0
39,24,2,53,37,34,"1,2,3",66674,20.002,B,2,S4,1
39,6,1,89,56,45,"1,2,3",224280,67.284,B,2,S5,1
39,134,12,80,75,44,"1,2,3",264000,79.2,C,3,S6,1
39,105,9,94,32,31,"2,3",93248,27.974,C,3,S6,1
39,13,1,89,56,45,"1,2,3",224280,67.284,B,2,S4,1
39,109,9,94,32,31,"2,3",93248,27.974,A,1,S2,1
39,151,13,93,52,41,"2,3",198276,59.483,A,1,S3,1
39,118,10,97,64,28,3,173824,52.147,A,1,S1,1
39,100,8,98,53,44,"2,3",228536,68.561,A,1,S3,1
39,159,13,93,52,41,"2,3",198276,59.483,A,1,S3,1
39,34,3,54,35,25,"2,3",47250,14.175,C,3,S6,1
39,117,10,97,64,28,3,173824,52.147,B,2,S5,1
39,52,5,73,39,38,"1,2,3",108186,32.456,B,2,S4,1
39,3,1,89,56,45,"1,2,3",224280,67.284,A,1,S2,1
39,69,5,73,39,38,"1,2,3",108186,32.456,A,1,S3,1
39,171,15,57,54,52,"1,2,3",160056,48.017,A,1,S2,1
39,149,13,93,52,41,"2,3",198276,59.483,A,1,S2,1
39,76,6,50,42,29,"1,2,3",60900,18.27,C,3,S6,1
39,36,3,54,35,25,"2,3",47250,14.175,A,1,S1,1
39,67,5,73,39,38,"1,2,3",108186,32.456,A,1,S1,0
39,68,5,73,39,38,"1,2,3",108186,32.456,A,1,S1,1
39,9,1,89,56,45,"1,2,3",224280,67.284,A,1,S3,1
39,93,8,98,53,44,"2,3",228536,68.561,A,1,S1,0
39,46,4,73,39,33,"2,3",93951,28.185,A,1,S3,1
39,74,6,50,42,29,"1,2,3",60900,18.27,A,1,S3,1
39,160,13,93,52,41,"2,3",198276,59.483,A,1,S1,1
39,58,5,73,39,38,"1,2,3",108186,32.456,A,1,S3,1
39,168,14,77,51,38,"2,3",149226,44.768,A,1,S1,1
39,60,5,73,39,38,"1,2,3",108186,32.456,C,3,S6,1
39,110,10,97,64,28,3,173824,52.147,B,2,S4,1
39,1,1,89,56,45,"1,2,3",224280,67.284,B,2,S4,1
39,64,5,73,39,38,"1,2,3",108186,32.456,A,1,S1,1
39,119,10,97,64,28,3,173824,52.147,B,2,S5,1
39,176,15,57,54,52,"1,2,3",160056,48.017,B,2,S5,1
39,136,12,80,75,44,"1,2,3",264000,79.2,B,2,S4,1
39,21,2,53,37,34,"1,2,3",66674,20.002,B,2,S4,0
39,140,12,80,75,44,"1,2,3",264000,79.2,B,2,S5,0
39,51,5,73,39,38,"1,2,3",108186,32.456,B,2,S5,1
39,127,11,102,77,42,"2,3",329868,98.96,B,2,S4,1
39,26,2,53,37,34,"1,2,3",66674,20.002,A,1,S3,1
39,32,3,54,35,25,"2,3",47250,14.175,C,3,S6,1
39,161,14,77,51,38,"2,3",149226,44.768,A,1,S1,1
39,73,6,50,42,29,"1,2,3",60900,18.27,A,1,S1,1
39,71,6,50,42,29,"1,2,3",60900,18.27,A,1,S2,1
39,103,9,94,32,31,"2,3",93248,27.974,C,3,S6,1
39,5,1,89,56,45,"1,2,3",224280,67.284,B,2,S4,1
39,45,4,73,39,33,"2,3",93951,28.185,B,2,S4,1
39,148,13,93,52,41,"2,3",198276,59.483,A,1,S1,1
39,66,5,73,39,38,"1,2,3",108186,32.456,B,2,S4,1
39,156,13,93,52,41,"2,3",198276,59.483,B,2,S4,1
39,42,4,73,39,33,"2,3",93951,28.185,B,2,S4,1
39,92,8,98,53,44,"2,3",228536,68.561,B,2,S5,1
39,155,13,93,52,41,"2,3",198276,59.483,A,1,S1,1
39,65,5,73,39,38,"1,2,3",108186,32.456,B,2,S4,1
39,111,10,97,64,28,3,173824,52.147,C,3,S6,1
39,87,7,62,59,54,"1,2,3",197532,59.26,A,1,S2,1
39,23,2,53,37,34,"1,2,3",66674,20.002,A,1,S3,1
39,39,3,54,35,25,"2,3",47250,14.175,A,1,S2,1
39,29,3,54,35,25,"2,3",47250,14.175,A,1,S2,1
39,40,4,73,39,33,"2,3",93951,28.185,B,2,S4,0
39,141,12,80,75,44,"1,2,3",264000,79.2,B,2,S4,1
39,97,8,98,53,44,"2,3",228536,68.561,B,2,S4,1
39,108,9,94,32,31,"2,3",93248,27.974,B,2,S5,1
39,170,14,77,51,38,"2,3",149226,44.768,C,3,S6,1
39,14,1,89,56,45,"1,2,3",224280,67.284,A,1,S2,1
39,79,7,62,59,54,"1,2,3",197532,59.26,A,1,S3,1
39,54,5,73,39,38,"1,2,3",108186,32.456,A,1,S3,1
39,70,6,50,42,29,"1,2,3",60900,18.27,A,1,S1,1
39,81,7,62,59,54,"1,2,3",197532,59.26,B,2,S4,1
39,61,5,73,39,38,"1,2,3",108186,32.456,C,3,S6,1
39,33,3,54,35,25,"2,3",47250,14.175,C,3,S6,1
39,38,3,54,35,25,"2,3",47250,14.175,C,3,S6,1
39,181,15,57,54,52,"1,2,3",160056,48.017,B,2,S4,0
39,124,11,102,77,42,"2,3",329868,98.96,B,2,S4,1
39,145,13,93,52,41,"2,3",198276,59.483,B,2,S4,0
39,129,11,102,77,42,"2,3",329868,98.96,C,3,S6,1
39,78,7,62,59,54,"1,2,3",197532,59.26,C,3,S6,1
39,131,11,102,77,42,"2,3",329868,98.96,C,3,S6,1
39,28,3,54,35,25,"2,3",47250,14.175,C,3,S6,1
40,81,12,105,56,35,"2,3",205800,61.74,A,1,S2,1
40,65,10,60,32,29,"2,3",55680,16.704,B,2,S4,1
40,77,12,105,56,35,"2,3",205800,61.74,B,2,S5,1
40,59,9,93,58,48,"1,2,3",258912,77.674,B,2,S4,0
40,31,6,113,66,44,"2,3",328152,98.446,A,1,S1,1
40,72,11,97,75,59,"1,2,3",429225,128.768,A,1,S1,1
40,78,12,105,56,35,"2,3",205800,61.74,B,2,S5,0
40,4,1,85,77,62,"1,2,3",405790,121.737,A,1,S2,1
40,10,2,94,63,32,"2,3",189504,56.851,B,2,S4,1
40,54,8,118,62,37,"2,3",270692,81.208,A,1,S3,1
40,71,11,97,75,59,"1,2,3",429225,128.768,A,1,S1,1
40,32,6,113,66,44,"2,3",328152,98.446,A,1,S1,0
40,8,2,94,63,32,"2,3",189504,56.851,B,2,S5,1
40,55,8,118,62,37,"2,3",270692,81.208,B,2,S5,1
40,87,13,67,58,53,"1,2,3",205958,61.787,A,1,S1,1
40,7,1,85,77,62,"1,2,3",405790,121.737,A,1,S3,1
40,99,14,96,51,37,"2,3",181152,54.346,B,2,S5,1
40,89,13,67,58,53,"1,2,3",205958,61.787,B,2,S5,1
40,93,13,67,58,53,"1,2,3",205958,61.787,B,2,S4,0
40,30,6,113,66,44,"2,3",328152,98.446,B,2,S5,1
40,64,10,60,32,29,"2,3",55680,16.704,A,1,S1,1
40,9,2,94,63,32,"2,3",189504,56.851,B,2,S5,1
40,34,7,108,71,61,"1,2,3",467748,140.324,A,1,S2,1
40,50,8,118,62,37,"2,3",270692,81.208,A,1,S2,1
40,86,13,67,58,53,"1,2,3",205958,61.787,A,1,S1,1
40,5,1,85,77,62,"1,2,3",405790,121.737,C,3,S6,1
40,67,10,60,32,29,"2,3",55680,16.704,A,1,S1,1
40,15,3,83,75,45,"1,2,3",280125,84.037,C,3,S6,1
40,97,14,96,51,37,"2,3",181152,54.346,C,3,S6,1
40,33,6,113,66,44,"2,3",328152,98.446,C,3,S6,0
40,39,7,108,71,61,"1,2,3",467748,140.324,C,3,S6,1
40,58,9,93,58,48,"1,2,3",258912,77.674,B,2,S5,1
40,83,12,105,56,35,"2,3",205800,61.74,B,2,S4,1
40,85,12,105,56,35,"2,3",205800,61.74,B,2,S4,1
40,100,15,91,52,32,"2,3",151424,45.427,A,1,S1,1
40,63,10,60,32,29,"2,3",55680,16.704,B,2,S5,1
40,37,7,108,71,61,"1,2,3",467748,140.324,B,2,S5,1
40,19,4,95,95,54,"1,2,3",487350,146.205,B,2,S5,1
40,44,7,108,71,61,"1,2,3",467748,140.324,B,2,S4,1
40,94,14,96,51,37,"2,3",181152,54.346,C,3,S6,1
40,16,3,83,75,45,"1,2,3",280125,84.037,B,2,S5,0
40,61,10,60,32,29,"2,3",55680,16.704,C,3,S6,1
40,57,9,93,58,48,"1,2,3",258912,77.674,A,1,S3,1
40,6,1,85,77,62,"1,2,3",405790,121.737,C,3,S6,1
40,1,1,85,77,62,"1,2,3",405790,121.737,C,3,S6,1
40,98,14,96,51,37,"2,3",181152,54.346,C,3,S6,1
40,53,8,118,62,37,"2,3",270692,81.208,C,3,S6,1
40,82,12,105,56,35,"2,3",205800,61.74,A,1,S2,1
40,38,7,108,71,61,"1,2,3",467748,140.324,A,1,S2,1
40,13,3,83,75,45,"1,2,3",280125,84.037,B,2,S5,1
40,27,6,113,66,44,"2,3",328152,98.446,A,1,S3,1
40,36,7,108,71,61,"1,2,3",467748,140.324,A,1,S3,1
40,12,3,83,75,45,"1,2,3",280125,84.037,A,1,S2,0
40,29,6,113,66,44,"2,3",328152,98.446,B,2,S4,1
40,20,4,95,95,54,"1,2,3",487350,146.205,B,2,S4,1
40,49,8,118,62,37,"2,3",270692,81.208,B,2,S5,1
40,74,11,97,75,59,"1,2,3",429225,128.768,A,1,S3,1
40,26,5,76,76,30,3,173280,51.984,A,1,S3,1
40,76,11,97,75,59,"1,2,3",429225,128.768,A,1,S3,1
40,60,9,93,58,48,"1,2,3",258912,77.674,A,1,S2,1
40,43,7,108,71,61,"1,2,3",467748,140.324,B,2,S5,1
40,73,11,97,75,59,"1,2,3",429225,128.768,C,3,S6,1
40,79,12,105,56,35,"2,3",205800,61.74,C,3,S6,1
40,46,8,118,62,37,"2,3",270692,81.208,C,3,S6,1
40,69,11,97,75,59,"1,2,3",429225,128.768,C,3,S6,1
40,14,3,83,75,45,"1,2,3",280125,84.037,B,2,S5,1
40,2,1,85,77,62,"1,2,3",405790,121.737,B,2,S4,0
40,45,7,108,71,61,"1,2,3",467748,140.324,B,2,S5,1
40,24,5,76,76,30,3,173280,51.984,A,1,S1,1
40,88,13,67,58,53,"1,2,3",205958,61.787,A,1,S2,1
40,21,4,95,95,54,"1,2,3",487350,146.205,B,2,S4,1
40,80,12,105,56,35,"2,3",205800,61.74,B,2,S5,1
40,84,12,105,56,35,"2,3",205800,61.74,B,2,S5,1
40,11,2,94,63,32,"2,3",189504,56.851,B,2,S4,1
40,48,8,118,62,37,"2,3",270692,81.208,B,2,S5,1
40,41,7,108,71,61,"1,2,3",467748,140.324,B,2,S5,0
40,28,6,113,66,44,"2,3",328152,98.446,B,2,S4,1
40,40,7,108,71,61,"1,2,3",467748,140.324,A,1,S3,1
40,47,8,118,62,37,"2,3",270692,81.208,A,1,S3,1
40,96,14,96,51,37,"2,3",181152,54.346,A,1,S2,1
40,75,11,97,75,59,"1,2,3",429225,128.768,B,2,S4,1
40,17,3,83,75,45,"1,2,3",280125,84.037,C,3,S6,1
40,92,13,67,58,53,"1,2,3",205958,61.787,C,3,S6,1
40,51,8,118,62,37,"2,3",270692,81.208,A,1,S3,1
40,35,7,108,71,61,"1,2,3",467748,140.324,A,1,S2,1
40,66,10,60,32,29,"2,3",55680,16.704,A,1,S1,1
40,3,1,85,77,62,"1,2,3",405790,121.737,C,3,S6,1
40,23,4,95,95,54,"1,2,3",487350,146.205,A,1,S3,1
40,52,8,118,62,37,"2,3",270692,81.208,A,1,S3,1
40,18,4,95,95,54,"1,2,3",487350,146.205,C,3,S6,1
40,62,10,60,32,29,"2,3",55680,16.704,C,3,S6,1
40,91,13,67,58,53,"1,2,3",205958,61.787,C,3,S6,1
40,56,9,93,58,48,"1,2,3",258912,77.674,C,3,S6,1
40,90,13,67,58,53,"1,2,3",205958,61.787,A,1,S1,1
40,42,7,108,71,61,"1,2,3",467748,140.324,C,3,S6,1
40,22,4,95,95,54,"1,2,3",487350,146.205,A,1,S2,1
40,70,11,97,75,59,"1,2,3",429225,128.768,C,3,S6,1
40,102,15,91,52,32,"2,3",151424,45.427,A,1,S1,1
40,25,5,76,76,30,3,173280,51.984,C,3,S6,1
40,101,15,91,52,32,"2,3",151424,45.427,C,3,S6,0
40,68,11,97,75,59,"1,2,3",429225,128.768,A,1,S2,1
40,95,14,96,51,37,"2,3",181152,54.346,A,1,S1,1
41,11,2,90,45,31,"2,3",125550,37.665,A,1,S3,1
41,93,11,75,48,40,"1,2,3",144000,43.2,A,1,S3,1
41,116,14,100,63,23,3,144900,43.47,A,1,S3,1
41,45,6,86,59,29,3,147146,44.144,A,1,S3,1
41,103,12,67,52,45,"1,2,3",156780,47.034,A,1,S3,1
41,98,12,67,52,45,"1,2,3",156780,47.034,A,1,S1,1
41,92,11,75,48,40,"1,2,3",144000,43.2,B,2,S4,1
41,47,6,86,59,29,3,147146,44.144,B,2,S5,1
41,57,8,81,47,22,3,83754,25.126,B,2,S4,1
41,78,9,114,80,64,"1,2,3",583680,175.104,B,2,S4,1
41,89,10,90,37,32,"2,3",106560,31.968,A,1,S2,1
41,108,12,67,52,45,"1,2,3",156780,47.034,B,2,S4,1
41,48,6,86,59,29,3,147146,44.144,B,2,S4,1
41,63,8,81,47,22,3,83754,25.126,B,2,S5,1
41,80,10,90,37,32,"2,3",106560,31.968,C,3,S6,1
41,62,8,81,47,22,3,83754,25.126,A,1,S2,1
41,29,4,76,66,34,"2,3",170544,51.163,B,2,S5,1
41,51,7,80,72,63,"1,2,3",362880,108.864,B,2,S5,1
41,111,13,88,82,74,"1,2,3",533984,160.195,B,2,S5,1
41,130,15,103,53,48,"2,3",262032,78.61,B,2,S5,1
41,49,7,80,72,63,"1,2,3",362880,108.864,B,2,S4,1
41,79,10,90,37,32,"2,3",106560,31.968,B,2,S5,1
41,105,12,67,52,45,"1,2,3",156780,47.034,B,2,S5,1
41,90,11,75,48,40,"1,2,3",144000,43.2,C,3,S6,1
41,35,5,111,80,53,"2,3",470640,141.192,C,3,S6,1
41,72,9,114,80,64,"1,2,3",583680,175.104,C,3,S6,1
41,28,4,76,66,34,"2,3",170544,51.163,B,2,S5,1
41,76,9,114,80,64,"1,2,3",583680,175.104,C,3,S6,1
41,33,4,76,66,34,"2,3",170544,51.163,B,2,S4,1
41,113,13,88,82,74,"1,2,3",533984,160.195,B,2,S5,1
41,56,7,80,72,63,"1,2,3",362880,108.864,B,2,S4,1
41,112,13,88,82,74,"1,2,3",533984,160.195,C,3,S6,1
41,32,4,76,66,34,"2,3",170544,51.163,C,3,S6,1
41,88,10,90,37,32,"2,3",106560,31.968,C,3,S6,1
41,64,8,81,47,22,3,83754,25.126,C,3,S6,1
41,43,6,86,59,29,3,147146,44.144,C,3,S6,1
41,46,6,86,59,29,3,147146,44.144,A,1,S3,1
41,25,3,66,56,34,"1,2,3",125664,37.699,A,1,S1,1
41,123,15,103,53,48,"2,3",262032,78.61,B,2,S5,1
41,14,2,90,45,31,"2,3",125550,37.665,B,2,S4,0
41,87,10,90,37,32,"2,3",106560,31.968,A,1,S3,1
41,18,3,66,56,34,"1,2,3",125664,37.699,C,3,S6,0
41,17,3,66,56,34,"1,2,3",125664,37.699,A,1,S1,1
41,13,2,90,45,31,"2,3",125550,37.665,A,1,S2,1
41,110,13,88,82,74,"1,2,3",533984,160.195,C,3,S6,1
41,95,11,75,48,40,"1,2,3",144000,43.2,B,2,S4,1
41,41,6,86,59,29,3,147146,44.144,B,2,S5,1
41,86,10,90,37,32,"2,3",106560,31.968,B,2,S4,1
41,30,4,76,66,34,"2,3",170544,51.163,B,2,S5,1
41,8,2,90,45,31,"2,3",125550,37.665,B,2,S5,0
41,40,5,111,80,53,"2,3",470640,141.192,B,2,S5,1
41,16,3,66,56,34,"1,2,3",125664,37.699,A,1,S1,1
41,2,1,109,80,68,"1,2,3",592960,177.888,B,2,S5,1
41,83,10,90,37,32,"2,3",106560,31.968,A,1,S1,1
41,34,4,76,66,34,"2,3",170544,51.163,B,2,S4,1
41,91,11,75,48,40,"1,2,3",144000,43.2,B,2,S5,0
41,74,9,114,80,64,"1,2,3",583680,175.104,B,2,S4,0
41,69,8,81,47,22,3,83754,25.126,A,1,S2,1
41,102,12,67,52,45,"1,2,3",156780,47.034,C,3,S6,1
41,120,14,100,63,23,3,144900,43.47,C,3,S6,1
41,126,15,103,53,48,"2,3",262032,78.61,C,3,S6,1
41,31,4,76,66,34,"2,3",170544,51.163,C,3,S6,1
41,99,12,67,52,45,"1,2,3",156780,47.034,A,1,S2,1
41,96,11,75,48,40,"1,2,3",144000,43.2,A,1,S2,0
41,107,12,67,52,45,"1,2,3",156780,47.034,B,2,S5,1
41,50,7,80,72,63,"1,2,3",362880,108.864,B,2,S5,1
41,125,15,103,53,48,"2,3",262032,78.61,A,1,S3,1
41,55,7,80,72,63,"1,2,3",362880,108.864,A,1,S2,1
41,127,15,103,53,48,"2,3",262032,78.61,B,2,S4,1
41,106,12,67,52,45,"1,2,3",156780,47.034,A,1,S3,1
41,94,11,75,48,40,"1,2,3",144000,43.2,B,2,S4,1
41,10,2,90,45,31,"2,3",125550,37.665,B,2,S5,1
41,12,2,90,45,31,"2,3",125550,37.665,B,2,S4,1
41,36,5,111,80,53,"2,3",470640,141.192,C,3,S6,1
41,60,8,81,47,22,3,83754,25.126,B,2,S5,1
41,129,15,103,53,48,"2,3",262032,78.61,A,1,S1,1
41,73,9,114,80,64,"1,2,3",583680,175.104,A,1,S1,1
41,44,6,86,59,29,3,147146,44.144,A,1,S2,1
41,75,9,114,80,64,"1,2,3",583680,175.104,B,2,S4,1
41,131,15,103,53,48,"2,3",262032,78.61,B,2,S4,1
41,104,12,67,52,45,"1,2,3",156780,47.034,B,2,S4,0
41,19,3,66,56,34,"1,2,3",125664,37.699,B,2,S5,1
41,101,12,67,52,45,"1,2,3",156780,47.034,B,2,S5,1
41,3,1,109,80,68,"1,2,3",592960,177.888,C,3,S6,1
41,128,15,103,53,48,"2,3",262032,78.61,C,3,S6,1
41,109,13,88,82,74,"1,2,3",533984,160.195,C,3,S6,1
41,42,6,86,59,29,3,147146,44.144,C,3,S6,0
41,97,11,75,48,40,"1,2,3",144000,43.2,C,3,S6,1
41,114,13,88,82,74,"1,2,3",533984,160.195,A,1,S3,1
41,38,5,111,80,53,"2,3",470640,141.192,B,2,S4,1
41,84,10,90,37,32,"2,3",106560,31.968,B,2,S4,1
41,23,3,66,56,34,"1,2,3",125664,37.699,B,2,S4,1
41,71,9,114,80,64,"1,2,3",583680,175.104,B,2,S4,0
41,54,7,80,72,63,"1,2,3",362880,108.864,A,1,S3,1
41,118,14,100,63,23,3,144900,43.47,A,1,S1,1
41,22,3,66,56,34,"1,2,3",125664,37.699,A,1,S3,1
41,68,8,81,47,22,3,83754,25.126,C,3,S6,1
41,117,14,100,63,23,3,144900,43.47,C,3,S6,1
41,52,7,80,72,63,"1,2,3",362880,108.864,A,1,S1,1
41,21,3,66,56,34,"1,2,3",125664,37.699,A,1,S3,1
41,59,8,81,47,22,3,83754,25.126,C,3,S6,1
41,9,2,90,45,31,"2,3",125550,37.665,C,3,S6,1
41,82,10,90,37,32,"2,3",106560,31.968,C,3,S6,1
41,67,8,81,47,22,3,83754,25.126,A,1,S3,1
41,5,2,90,45,31,"2,3",125550,37.665,C,3,S6,1
41,70,8,81,47,22,3,83754,25.126,C,3,S6,1
41,115,14,100,63,23,3,144900,43.47,A,1,S3,1
41,66,8,81,47,22,3,83754,25.126,A,1,S3,1
41,4,1,109,80,68,"1,2,3",592960,177.888,A,1,S3,0
41,27,4,76,66,34,"2,3",170544,51.163,A,1,S1,1
41,119,14,100,63,23,3,144900,43.47,A,1,S3,1
41,124,15,103,53,48,"2,3",262032,78.61,C,3,S6,1
41,122,14,100,63,23,3,144900,43.47,C,3,S6,1
41,39,5,111,80,53,"2,3",470640,141.192,A,1,S1,1
41,81,10,90,37,32,"2,3",106560,31.968,A,1,S2,0
41,53,7,80,72,63,"1,2,3",362880,108.864,A,1,S2,1
41,20,3,66,56,34,"1,2,3",125664,37.699,A,1,S1,1
41,77,9,114,80,64,"1,2,3",583680,175.104,A,1,S3,1
41,7,2,90,45,31,"2,3",125550,37.665,A,1,S3,0
41,61,8,81,47,22,3,83754,25.126,A,1,S2,1
41,15,3,66,56,34,"1,2,3",125664,37.699,A,1,S1,1
41,6,2,90,45,31,"2,3",125550,37.665,A,1,S2,1
41,100,12,67,52,45,"1,2,3",156780,47.034,A,1,S2,1
41,58,8,81,47,22,3,83754,25.126,A,1,S3,1
41,121,14,100,63,23,3,144900,43.47,A,1,S2,1
41,26,4,76,66,34,"2,3",170544,51.163,A,1,S3,1
41,1,1,109,80,68,"1,2,3",592960,177.888,A,1,S3,0
41,85,10,90,37,32,"2,3",106560,31.968,A,1,S1,1
41,24,3,66,56,34,"1,2,3",125664,37.699,C,3,S6,1
41,37,5,111,80,53,"2,3",470640,141.192,A,1,S3,1
41,65,8,81,47,22,3,83754,25.126,C,3,S6,1
42,120,15,90,83,44,"2,3",328680,98.604,B,2,S4,1
42,90,11,112,59,30,"2,3",198240,59.472,B,2,S4,1
42,66,9,80,78,66,"1,2,3",411840,123.552,B,2,S5,1
42,75,9,80,78,66,"1,2,3",411840,123.552,A,1,S2,1
42,5,1,76,74,50,"1,2,3",281200,84.36,A,1,S1,1
42,27,4,75,57,37,"2,3",158175,47.453,A,1,S3,1
42,97,12,79,75,68,"1,2,3",402900,120.87,A,1,S3,1
42,85,10,65,57,45,"1,2,3",166725,50.017,B,2,S5,1
42,14,1,76,74,50,"1,2,3",281200,84.36,C,3,S6,0
42,11,1,76,74,50,"1,2,3",281200,84.36,A,1,S2,1
42,122,15,90,83,44,"2,3",328680,98.604,A,1,S3,1
42,93,11,112,59,30,"2,3",198240,59.472,A,1,S1,0
42,25,3,66,55,48,"1,2,3",174240,52.272,A,1,S2,1
42,86,10,65,57,45,"1,2,3",166725,50.017,A,1,S2,1
42,73,9,80,78,66,"1,2,3",411840,123.552,B,2,S5,1
42,37,5,102,83,29,3,245514,73.654,B,2,S4,1
42,10,1,76,74,50,"1,2,3",281200,84.36,B,2,S5,1
42,116,14,73,70,31,3,158410,47.523,C,3,S6,1
42,71,9,80,78,66,"1,2,3",411840,123.552,C,3,S6,1
42,62,8,99,68,67,"1,2,3",451044,135.313,C,3,S6,1
42,29,4,75,57,37,"2,3",158175,47.453,C,3,S6,1
42,100,12,79,75,68,"1,2,3",402900,120.87,B,2,S4,1
42,13,1,76,74,50,"1,2,3",281200,84.36,B,2,S4,1
42,20,2,86,40,29,"2,3",99760,29.928,B,2,S5,1
42,72,9,80,78,66,"1,2,3",411840,123.552,B,2,S4,1
42,54,7,89,65,36,"2,3",208260,62.478,B,2,S5,1
42,63,8,99,68,67,"1,2,3",451044,135.313,A,1,S3,1
42,98,12,79,75,68,"1,2,3",402900,120.87,A,1,S2,1
42,42,6,74,58,52,"1,2,3",223184,66.955,A,1,S2,1
42,125,15,90,83,44,"2,3",328680,98.604,A,1,S2,0
42,69,9,80,78,66,"1,2,3",411840,123.552,A,1,S3,1
42,99,12,79,75,68,"1,2,3",402900,120.87,A,1,S1,1
42,64,8,99,68,67,"1,2,3",451044,135.313,C,3,S6,1
42,33,4,75,57,37,"2,3",158175,47.453,A,1,S3,1
42,121,15,90,83,44,"2,3",328680,98.604,B,2,S5,0
42,84,10,65,57,45,"1,2,3",166725,50.017,C,3,S6,1
42,45,6,74,58,52,"1,2,3",223184,66.955,B,2,S5,1
42,61,8,99,68,67,"1,2,3",451044,135.313,B,2,S5,1
42,39,5,102,83,29,3,245514,73.654,A,1,S3,1
42,36,4,75,57,37,"2,3",158175,47.453,B,2,S4,1
42,65,9,80,78,66,"1,2,3",411840,123.552,A,1,S1,1
42,49,6,74,58,52,"1,2,3",223184,66.955,A,1,S3,0
42,58,7,89,65,36,"2,3",208260,62.478,A,1,S1,1
42,57,7,89,65,36,"2,3",208260,62.478,B,2,S5,1
42,38,5,102,83,29,3,245514,73.654,B,2,S5,1
42,41,5,102,83,29,3,245514,73.654,A,1,S3,1
42,78,10,65,57,45,"1,2,3",166725,50.017,A,1,S1,0
42,104,13,97,48,30,"2,3",139680,41.904,C,3,S6,1
42,74,9,80,78,66,"1,2,3",411840,123.552,C,3,S6,1
42,118,14,73,70,31,3,158410,47.523,C,3,S6,1
42,103,13,97,48,30,"2,3",139680,41.904,A,1,S3,1
42,32,4,75,57,37,"2,3",158175,47.453,A,1,S3,1
42,53,7,89,65,36,"2,3",208260,62.478,C,3,S6,1
42,23,3,66,55,48,"1,2,3",174240,52.272,C,3,S6,1
42,102,13,97,48,30,"2,3",139680,41.904,C,3,S6,1
42,109,13,97,48,30,"2,3",139680,41.904,C,3,S6,1
42,9,1,76,74,50,"1,2,3",281200,84.36,C,3,S6,1
42,77,10,65,57,45,"1,2,3",166725,50.017,A,1,S1,1
42,89,11,112,59,30,"2,3",198240,59.472,A,1,S2,1
42,96,12,79,75,68,"1,2,3",402900,120.87,B,2,S5,1
42,46,6,74,58,52,"1,2,3",223184,66.955,B,2,S5,1
42,40,5,102,83,29,3,245514,73.654,A,1,S1,0
42,81,10,65,57,45,"1,2,3",166725,50.017,B,2,S4,1
42,87,10,65,57,45,"1,2,3",166725,50.017,B,2,S4,1
42,111,13,97,48,30,"2,3",139680,41.904,B,2,S4,1
42,24,3,66,55,48,"1,2,3",174240,52.272,A,1,S3,1
42,15,1,76,74,50,"1,2,3",281200,84.36,A,1,S2,1
42,30,4,75,57,37,"2,3",158175,47.453,A,1,S2,1
42,79,10,65,57,45,"1,2,3",166725,50.017,A,1,S1,1
42,60,8,99,68,67,"1,2,3",451044,135.313,C,3,S6,1
42,106,13,97,48,30,"2,3",139680,41.904,C,3,S6,1
42,59,7,89,65,36,"2,3",208260,62.478,B,2,S4,1
42,26,3,66,55,48,"1,2,3",174240,52.272,B,2,S4,1
42,21,3,66,55,48,"1,2,3",174240,52.272,C,3,S6,1
42,44,6,74,58,52,"1,2,3",223184,66.955,B,2,S5,1
42,34,4,75,57,37,"2,3",158175,47.453,B,2,S5,1
42,3,1,76,74,50,"1,2,3",281200,84.36,A,1,S3,1
42,18,2,86,40,29,"2,3",99760,29.928,A,1,S2,1
42,47,6,74,58,52,"1,2,3",223184,66.955,A,1,S1,1
42,19,2,86,40,29,"2,3",99760,29.928,A,1,S2,1
42,4,1,76,74,50,"1,2,3",281200,84.36,A,1,S1,1
42,110,13,97,48,30,"2,3",139680,41.904,A,1,S1,1
42,8,1,76,74,50,"1,2,3",281200,84.36,A,1,S3,1
42,22,3,66,55,48,"1,2,3",174240,52.272,A,1,S1,1
42,91,11,112,59,30,"2,3",198240,59.472,A,1,S1,1
42,88,10,65,57,45,"1,2,3",166725,50.017,A,1,S3,1
42,123,15,90,83,44,"2,3",328680,98.604,B,2,S5,0
42,92,11,112,59,30,"2,3",198240,59.472,B,2,S5,1
42,124,15,90,83,44,"2,3",328680,98.604,A,1,S3,1
42,95,12,79,75,68,"1,2,3",402900,120.87,C,3,S6,1
42,16,2,86,40,29,"2,3",99760,29.928,C,3,S6,0
42,76,10,65,57,45,"1,2,3",166725,50.017,A,1,S1,1
42,70,9,80,78,66,"1,2,3",411840,123.552,A,1,S3,0
42,80,10,65,57,45,"1,2,3",166725,50.017,A,1,S3,1
42,108,13,97,48,30,"2,3",139680,41.904,A,1,S3,1
42,35,4,75,57,37,"2,3",158175,47.453,A,1,S2,1
42,55,7,89,65,36,"2,3",208260,62.478,B,2,S5,1
42,82,10,65,57,45,"1,2,3",166725,50.017,B,2,S5,1
42,101,12,79,75,68,"1,2,3",402900,120.87,A,1,S1,1
42,12,1,76,74,50,"1,2,3",281200,84.36,A,1,S3,0
42,83,10,65,57,45,"1,2,3",166725,50.017,A,1,S1,1
42,68,9,80,78,66,"1,2,3",411840,123.552,B,2,S5,1
42,94,11,112,59,30,"2,3",198240,59.472,B,2,S5,1
42,17,2,86,40,29,"2,3",99760,29.928,B,2,S5,1
42,113,13,97,48,30,"2,3",139680,41.904,C,3,S6,1
42,48,6,74,58,52,"1,2,3",223184,66.955,B,2,S4,1
42,2,1,76,74,50,"1,2,3",281200,84.36,B,2,S4,1
42,107,13,97,48,30,"2,3",139680,41.904,B,2,S4,1
42,56,7,89,65,36,"2,3",208260,62.478,B,2,S4,1
42,114,14,73,70,31,3,158410,47.523,B,2,S5,1
42,112,13,97,48,30,"2,3",139680,41.904,B,2,S5,1
42,115,14,73,70,31,3,158410,47.523,C,3,S6,1
42,6,1,76,74,50,"1,2,3",281200,84.36,B,2,S5,1
42,31,4,75,57,37,"2,3",158175,47.453,C,3,S6,1
42,51,6,74,58,52,"1,2,3",223184,66.955,B,2,S4,1
42,119,14,73,70,31,3,158410,47.523,B,2,S5,1
42,105,13,97,48,30,"2,3",139680,41.904,B,2,S4,1
42,43,6,74,58,52,"1,2,3",223184,66.955,C,3,S6,0
42,7,1,76,74,50,"1,2,3",281200,84.36,C,3,S6,1
42,52,7,89,65,36,"2,3",208260,62.478,C,3,S6,1
42,67,9,80,78,66,"1,2,3",411840,123.552,C,3,S6,1
42,50,6,74,58,52,"1,2,3",223184,66.955,C,3,S6,1
42,117,14,73,70,31,3,158410,47.523,C,3,S6,1
42,28,4,75,57,37,"2,3",158175,47.453,C,3,S6,1
42,1,1,76,74,50,"1,2,3",281200,84.36,C,3,S6,1
43,31,6,89,76,30,3,202920,60.876,B,2,S5,1
43,95,14,89,56,47,"1,2,3",234248,70.274,B,2,S4,1
43,16,3,77,76,31,3,181412,54.424,C,3,S6,1
43,73,11,85,79,46,"1,2,3",308890,92.667,C,3,S6,1
43,40,7,98,90,67,"1,2,3",590940,177.282,C,3,S6,1
43,52,9,53,42,35,"1,2,3",77910,23.373,B,2,S5,1
43,24,5,93,86,67,"1,2,3",535866,160.76,B,2,S4,1
43,13,2,66,37,27,"2,3",65934,19.78,B,2,S5,1
43,88,13,112,84,46,"2,3",432768,129.83,B,2,S5,1
43,19,4,100,56,38,"2,3",212800,63.84,B,2,S4,1
43,90,13,112,84,46,"2,3",432768,129.83,B,2,S4,1
43,57,10,116,53,36,"2,3",221328,66.398,A,1,S1,0
43,97,14,89,56,47,"1,2,3",234248,70.274,C,3,S6,1
43,81,12,106,91,24,3,231504,69.451,C,3,S6,1
43,10,2,66,37,27,"2,3",65934,19.78,C,3,S6,1
43,67,11,85,79,46,"1,2,3",308890,92.667,A,1,S2,1
43,91,14,89,56,47,"1,2,3",234248,70.274,A,1,S2,1
43,11,2,66,37,27,"2,3",65934,19.78,B,2,S4,1
43,26,5,93,86,67,"1,2,3",535866,160.76,A,1,S3,1
43,38,7,98,90,67,"1,2,3",590940,177.282,B,2,S5,1
43,12,2,66,37,27,"2,3",65934,19.78,A,1,S2,1
43,64,10,116,53,36,"2,3",221328,66.398,B,2,S4,0
43,101,15,62,51,39,"1,2,3",123318,36.995,A,1,S2,1
43,39,7,98,90,67,"1,2,3",590940,177.282,B,2,S4,1
43,71,11,85,79,46,"1,2,3",308890,92.667,A,1,S3,1
43,5,1,82,80,71,"1,2,3",465760,139.728,A,1,S1,1
43,108,15,62,51,39,"1,2,3",123318,36.995,B,2,S5,1
43,82,12,106,91,24,3,231504,69.451,B,2,S4,1
43,48,8,87,52,42,"2,3",190008,57.002,B,2,S5,0
43,55,10,116,53,36,"2,3",221328,66.398,B,2,S5,1
43,99,14,89,56,47,"1,2,3",234248,70.274,C,3,S6,1
43,46,8,87,52,42,"2,3",190008,57.002,B,2,S4,1
43,86,13,112,84,46,"2,3",432768,129.83,B,2,S5,1
43,80,12,106,91,24,3,231504,69.451,B,2,S5,1
43,58,10,116,53,36,"2,3",221328,66.398,B,2,S4,1
43,22,4,100,56,38,"2,3",212800,63.84,B,2,S4,1
43,103,15,62,51,39,"1,2,3",123318,36.995,B,2,S4,1
43,17,3,77,76,31,3,181412,54.424,B,2,S5,0
43,102,15,62,51,39,"1,2,3",123318,36.995,B,2,S4,1
43,68,11,85,79,46,"1,2,3",308890,92.667,B,2,S5,1
43,42,7,98,90,67,"1,2,3",590940,177.282,A,1,S2,1
43,41,7,98,90,67,"1,2,3",590940,177.282,A,1,S1,0
43,51,9,53,42,35,"1,2,3",77910,23.373,A,1,S3,1
43,60,10,116,53,36,"2,3",221328,66.398,B,2,S4,1
43,37,7,98,90,67,"1,2,3",590940,177.282,B,2,S4,0
43,62,10,116,53,36,"2,3",221328,66.398,C,3,S6,1
43,33,6,89,76,30,3,202920,60.876,C,3,S6,1
43,93,14,89,56,47,"1,2,3",234248,70.274,B,2,S4,1
43,32,6,89,76,30,3,202920,60.876,B,2,S4,0
43,45,8,87,52,42,"2,3",190008,57.002,C,3,S6,1
43,54,10,116,53,36,"2,3",221328,66.398,C,3,S6,1
43,25,5,93,86,67,"1,2,3",535866,160.76,B,2,S4,1
43,65,10,116,53,36,"2,3",221328,66.398,B,2,S5,1
43,49,9,53,42,35,"1,2,3",77910,23.373,B,2,S5,1
43,100,14,89,56,47,"1,2,3",234248,70.274,C,3,S6,0
43,14,2,66,37,27,"2,3",65934,19.78,B,2,S4,1
43,30,6,89,76,30,3,202920,60.876,B,2,S5,1
43,3,1,82,80,71,"1,2,3",465760,139.728,B,2,S5,1
43,59,10,116,53,36,"2,3",221328,66.398,B,2,S5,1
43,21,4,100,56,38,"2,3",212800,63.84,B,2,S4,1
43,96,14,89,56,47,"1,2,3",234248,70.274,C,3,S6,1
43,1,1,82,80,71,"1,2,3",465760,139.728,B,2,S4,1
43,34,6,89,76,30,3,202920,60.876,C,3,S6,1
43,92,14,89,56,47,"1,2,3",234248,70.274,C,3,S6,1
43,50,9,53,42,35,"1,2,3",77910,23.373,A,1,S2,1
43,47,8,87,52,42,"2,3",190008,57.002,A,1,S2,1
43,27,5,93,86,67,"1,2,3",535866,160.76,A,1,S3,1
43,15,2,66,37,27,"2,3",65934,19.78,A,1,S2,1
43,72,11,85,79,46,"1,2,3",308890,92.667,A,1,S2,1
43,106,15,62,51,39,"1,2,3",123318,36.995,C,3,S6,1
43,44,8,87,52,42,"2,3",190008,57.002,A,1,S2,1
43,85,13,112,84,46,"2,3",432768,129.83,A,1,S3,1
43,18,3,77,76,31,3,181412,54.424,A,1,S2,1
43,76,12,106,91,24,3,231504,69.451,A,1,S1,0
43,74,11,85,79,46,"1,2,3",308890,92.667,C,3,S6,1
43,63,10,116,53,36,"2,3",221328,66.398,C,3,S6,1
43,77,12,106,91,24,3,231504,69.451,C,3,S6,1
43,61,10,116,53,36,"2,3",221328,66.398,C,3,S6,1
43,98,14,89,56,47,"1,2,3",234248,70.274,C,3,S6,1
43,87,13,112,84,46,"2,3",432768,129.83,C,3,S6,1
43,56,10,116,53,36,"2,3",221328,66.398,C,3,S6,1
43,84,12,106,91,24,3,231504,69.451,C,3,S6,1
43,2,1,82,80,71,"1,2,3",465760,139.728,C,3,S6,1
43,75,12,106,91,24,3,231504,69.451,C,3,S6,0
43,107,15,62,51,39,"1,2,3",123318,36.995,A,1,S2,1
43,105,15,62,51,39,"1,2,3",123318,36.995,A,1,S1,1
43,9,1,82,80,71,"1,2,3",465760,139.728,C,3,S6,1
43,36,7,98,90,67,"1,2,3",590940,177.282,A,1,S3,1
43,78,12,106,91,24,3,231504,69.451,A,1,S3,1
43,4,1,82,80,71,"1,2,3",465760,139.728,A,1,S1,1
43,29,6,89,76,30,3,202920,60.876,A,1,S1,1
43,69,11,85,79,46,"1,2,3",308890,92.667,A,1,S2,1
43,79,12,106,91,24,3,231504,69.451,A,1,S3,1
43,70,11,85,79,46,"1,2,3",308890,92.667,A,1,S2,1
43,7,1,82,80,71,"1,2,3",465760,139.728,A,1,S2,1
43,94,14,89,56,47,"1,2,3",234248,70.274,A,1,S2,1
43,43,8,87,52,42,"2,3",190008,57.002,A,1,S3,1
43,89,13,112,84,46,"2,3",432768,129.83,A,1,S1,1
43,6,1,82,80,71,"1,2,3",465760,139.728,A,1,S3,1
43,23,5,93,86,67,"1,2,3",535866,160.76,A,1,S3,1
43,8,1,82,80,71,"1,2,3",465760,139.728,A,1,S3,1
43,53,9,53,42,35,"1,2,3",77910,23.373,A,1,S1,1
43,83,12,106,91,24,3,231504,69.451,A,1,S3,0
43,66,11,85,79,46,"1,2,3",308890,92.667,A,1,S2,1
43,28,6,89,76,30,3,202920,60.876,A,1,S1,1
43,20,4,100,56,38,"2,3",212800,63.84,A,1,S1,1
43,35,7,98,90,67,"1,2,3",590940,177.282,A,1,S3,1
43,104,15,62,51,39,"1,2,3",123318,36.995,A,1,S2,1
44,113,11,98,63,58,"1,2,3",358092,107.428,A,1,S3,1
44,65,7,69,54,31,"2,3",115506,34.652,C,3,S6,1
44,15,2,92,79,25,3,181700,54.51,C,3,S6,1
44,34,3,89,87,36,3,278748,83.624,A,1,S1,1
44,21,2,92,79,25,3,181700,54.51,B,2,S5,1
44,64,6,93,39,28,"2,3",101556,30.467,B,2,S5,1
44,130,13,63,44,36,"1,2,3",99792,29.938,B,2,S4,1
44,62,6,93,39,28,"2,3",101556,30.467,B,2,S4,1
44,60,6,93,39,28,"2,3",101556,30.467,B,2,S5,1
44,110,11,98,63,58,"1,2,3",358092,107.428,B,2,S5,1
44,134,14,96,56,43,"2,3",231168,69.35,B,2,S4,1
44,68,7,69,54,31,"2,3",115506,34.652,B,2,S4,1
44,19,2,92,79,25,3,181700,54.51,A,1,S2,1
44,44,5,90,83,43,"2,3",321210,96.363,A,1,S2,1
44,85,9,98,52,40,"2,3",203840,61.152,A,1,S1,1
44,47,5,90,83,43,"2,3",321210,96.363,A,1,S3,1
44,33,3,89,87,36,3,278748,83.624,B,2,S5,1
44,135,15,88,42,35,"2,3",129360,38.808,B,2,S5,1
44,84,9,98,52,40,"2,3",203840,61.152,B,2,S5,1
44,87,9,98,52,40,"2,3",203840,61.152,A,1,S3,1
44,98,10,83,69,60,"1,2,3",343620,103.086,A,1,S3,1
44,131,14,96,56,43,"2,3",231168,69.35,A,1,S2,1
44,43,5,90,83,43,"2,3",321210,96.363,B,2,S4,1
44,106,11,98,63,58,"1,2,3",358092,107.428,B,2,S4,0
44,7,1,114,67,25,3,190950,57.285,B,2,S5,1
44,121,12,45,40,26,"1,2,3",46800,14.04,A,1,S1,1
44,2,1,114,67,25,3,190950,57.285,A,1,S2,1
44,89,9,98,52,40,"2,3",203840,61.152,B,2,S4,1
44,81,8,107,61,37,"2,3",241499,72.45,B,2,S5,1
44,86,9,98,52,40,"2,3",203840,61.152,B,2,S5,1
44,26,3,89,87,36,3,278748,83.624,B,2,S4,1
44,133,14,96,56,43,"2,3",231168,69.35,B,2,S4,1
44,40,4,95,71,36,"2,3",242820,72.846,B,2,S5,1
44,91,9,98,52,40,"2,3",203840,61.152,B,2,S4,1
44,136,15,88,42,35,"2,3",129360,38.808,B,2,S5,1
44,12,2,92,79,25,3,181700,54.51,B,2,S4,1
44,11,1,114,67,25,3,190950,57.285,C,3,S6,1
44,119,12,45,40,26,"1,2,3",46800,14.04,B,2,S4,1
44,92,9,98,52,40,"2,3",203840,61.152,A,1,S2,1
44,105,11,98,63,58,"1,2,3",358092,107.428,B,2,S4,1
44,114,11,98,63,58,"1,2,3",358092,107.428,B,2,S5,0
44,73,7,69,54,31,"2,3",115506,34.652,B,2,S4,1
44,37,4,95,71,36,"2,3",242820,72.846,B,2,S4,1
44,112,11,98,63,58,"1,2,3",358092,107.428,B,2,S4,1
44,14,2,92,79,25,3,181700,54.51,A,1,S1,1
44,50,5,90,83,43,"2,3",321210,96.363,A,1,S2,1
44,83,9,98,52,40,"2,3",203840,61.152,A,1,S1,1
44,69,7,69,54,31,"2,3",115506,34.652,A,1,S2,1
44,75,7,69,54,31,"2,3",115506,34.652,C,3,S6,1
44,95,10,83,69,60,"1,2,3",343620,103.086,B,2,S5,1
44,74,7,69,54,31,"2,3",115506,34.652,B,2,S4,0
44,138,15,88,42,35,"2,3",129360,38.808,B,2,S5,1
44,72,7,69,54,31,"2,3",115506,34.652,A,1,S3,1
44,125,13,63,44,36,"1,2,3",99792,29.938,A,1,S1,1
44,25,2,92,79,25,3,181700,54.51,A,1,S1,1
44,100,10,83,69,60,"1,2,3",343620,103.086,A,1,S1,1
44,124,12,45,40,26,"1,2,3",46800,14.04,A,1,S2,1
44,67,7,69,54,31,"2,3",115506,34.652,B,2,S5,1
44,82,8,107,61,37,"2,3",241499,72.45,B,2,S5,1
44,94,10,83,69,60,"1,2,3",343620,103.086,B,2,S4,1
44,137,15,88,42,35,"2,3",129360,38.808,B,2,S4,1
44,24,2,92,79,25,3,181700,54.51,A,1,S2,1
44,66,7,69,54,31,"2,3",115506,34.652,A,1,S3,1
44,117,12,45,40,26,"1,2,3",46800,14.04,B,2,S5,1
44,78,8,107,61,37,"2,3",241499,72.45,B,2,S4,1
44,59,6,93,39,28,"2,3",101556,30.467,B,2,S4,1
44,9,1,114,67,25,3,190950,57.285,B,2,S4,1
44,45,5,90,83,43,"2,3",321210,96.363,A,1,S1,1
44,129,13,63,44,36,"1,2,3",99792,29.938,A,1,S2,1
44,28,3,89,87,36,3,278748,83.624,A,1,S2,0
44,22,2,92,79,25,3,181700,54.51,B,2,S4,1
44,4,1,114,67,25,3,190950,57.285,B,2,S5,1
44,38,4,95,71,36,"2,3",242820,72.846,B,2,S5,1
44,77,8,107,61,37,"2,3",241499,72.45,B,2,S5,1
44,16,2,92,79,25,3,181700,54.51,B,2,S4,1
44,52,5,90,83,43,"2,3",321210,96.363,B,2,S5,1
44,115,12,45,40,26,"1,2,3",46800,14.04,B,2,S5,1
44,39,4,95,71,36,"2,3",242820,72.846,C,3,S6,0
44,20,2,92,79,25,3,181700,54.51,C,3,S6,1
44,42,4,95,71,36,"2,3",242820,72.846,C,3,S6,1
44,128,13,63,44,36,"1,2,3",99792,29.938,A,1,S3,1
44,101,10,83,69,60,"1,2,3",343620,103.086,A,1,S2,1
44,58,6,93,39,28,"2,3",101556,30.467,A,1,S2,1
44,61,6,93,39,28,"2,3",101556,30.467,C,3,S6,1
44,13,2,92,79,25,3,181700,54.51,C,3,S6,1
44,3,1,114,67,25,3,190950,57.285,C,3,S6,1
44,80,8,107,61,37,"2,3",241499,72.45,C,3,S6,1
44,46,5,90,83,43,"2,3",321210,96.363,A,1,S2,1
44,63,6,93,39,28,"2,3",101556,30.467,B,2,S4,1
44,126,13,63,44,36,"1,2,3",99792,29.938,B,2,S5,1
44,103,10,83,69,60,"1,2,3",343620,103.086,A,1,S1,0
44,71,7,69,54,31,"2,3",115506,34.652,A,1,S1,1
44,55,5,90,83,43,"2,3",321210,96.363,A,1,S2,1
44,57,5,90,83,43,"2,3",321210,96.363,A,1,S3,1
44,93,9,98,52,40,"2,3",203840,61.152,C,3,S6,1
44,27,3,89,87,36,3,278748,83.624,C,3,S6,1
44,123,12,45,40,26,"1,2,3",46800,14.04,A,1,S3,1
44,6,1,114,67,25,3,190950,57.285,A,1,S1,1
44,70,7,69,54,31,"2,3",115506,34.652,A,1,S1,1
44,76,8,107,61,37,"2,3",241499,72.45,A,1,S3,1
44,79,8,107,61,37,"2,3",241499,72.45,C,3,S6,1
44,35,4,95,71,36,"2,3",242820,72.846,C,3,S6,1
44,29,3,89,87,36,3,278748,83.624,C,3,S6,1
44,139,15,88,42,35,"2,3",129360,38.808,C,3,S6,1
44,88,9,98,52,40,"2,3",203840,61.152,A,1,S1,1
44,111,11,98,63,58,"1,2,3",358092,107.428,C,3,S6,1
44,17,2,92,79,25,3,181700,54.51,C,3,S6,1
44,108,11,98,63,58,"1,2,3",358092,107.428,C,3,S6,0
44,140,15,88,42,35,"2,3",129360,38.808,C,3,S6,0
44,102,10,83,69,60,"1,2,3",343620,103.086,A,1,S3,1
44,120,12,45,40,26,"1,2,3",46800,14.04,C,3,S6,0
44,5,1,114,67,25,3,190950,57.285,A,1,S1,1
44,104,11,98,63,58,"1,2,3",358092,107.428,A,1,S2,1
44,23,2,92,79,25,3,181700,54.51,A,1,S1,1
44,36,4,95,71,36,"2,3",242820,72.846,C,3,S6,1
44,31,3,89,87,36,3,278748,83.624,A,1,S1,1
44,51,5,90,83,43,"2,3",321210,96.363,A,1,S1,1
44,96,10,83,69,60,"1,2,3",343620,103.086,A,1,S2,1
44,41,4,95,71,36,"2,3",242820,72.846,A,1,S1,0
44,18,2,92,79,25,3,181700,54.51,A,1,S1,1
44,1,1,114,67,25,3,190950,57.285,C,3,S6,0
44,10,1,114,67,25,3,190950,57.285,C,3,S6,1
44,122,12,45,40,26,"1,2,3",46800,14.04,A,1,S1,1
44,56,5,90,83,43,"2,3",321210,96.363,A,1,S2,1
44,53,5,90,83,43,"2,3",321210,96.363,A,1,S3,1
44,54,5,90,83,43,"2,3",321210,96.363,C,3,S6,0
44,127,13,63,44,36,"1,2,3",99792,29.938,C,3,S6,0
44,132,14,96,56,43,"2,3",231168,69.35,A,1,S3,1
44,32,3,89,87,36,3,278748,83.624,A,1,S3,1
44,118,12,45,40,26,"1,2,3",46800,14.04,A,1,S1,1
44,116,12,45,40,26,"1,2,3",46800,14.04,A,1,S1,1
44,97,10,83,69,60,"1,2,3",343620,103.086,C,3,S6,1
44,107,11,98,63,58,"1,2,3",358092,107.428,A,1,S1,1
44,49,5,90,83,43,"2,3",321210,96.363,C,3,S6,1
44,30,3,89,87,36,3,278748,83.624,C,3,S6,0
44,48,5,90,83,43,"2,3",321210,96.363,C,3,S6,1
44,99,10,83,69,60,"1,2,3",343620,103.086,C,3,S6,1
44,8,1,114,67,25,3,190950,57.285,C,3,S6,1
44,90,9,98,52,40,"2,3",203840,61.152,C,3,S6,1
44,109,11,98,63,58,"1,2,3",358092,107.428,C,3,S6,1
45,123,13,80,79,51,"1,2,3",322320,96.696,B,2,S5,1
45,23,3,97,72,57,"1,2,3",398088,119.426,B,2,S4,1
45,154,15,113,50,30,"2,3",169500,50.85,B,2,S4,0
45,71,7,108,71,40,"2,3",306720,92.016,B,2,S4,1
45,121,13,80,79,51,"1,2,3",322320,96.696,B,2,S4,1
45,26,4,77,76,42,"1,2,3",245784,73.735,B,2,S4,1
45,35,4,77,76,42,"1,2,3",245784,73.735,A,1,S1,1
45,144,14,115,69,29,3,230115,69.034,A,1,S3,0
45,11,2,120,43,23,"2,3",118680,35.604,A,1,S3,1
45,149,15,113,50,30,"2,3",169500,50.85,B,2,S5,1
45,54,5,93,74,20,3,137640,41.292,A,1,S2,1
45,147,15,113,50,30,"2,3",169500,50.85,A,1,S1,0
45,108,11,79,42,31,"2,3",102858,30.857,C,3,S6,1
45,112,12,76,56,38,"2,3",161728,48.518,C,3,S6,1
45,101,10,68,50,40,"1,2,3",136000,40.8,C,3,S6,1
45,51,5,93,74,20,3,137640,41.292,A,1,S2,1
45,28,4,77,76,42,"1,2,3",245784,73.735,B,2,S5,1
45,109,11,79,42,31,"2,3",102858,30.857,A,1,S3,1
45,143,14,115,69,29,3,230115,69.034,A,1,S3,1
45,21,3,97,72,57,"1,2,3",398088,119.426,C,3,S6,1
45,34,4,77,76,42,"1,2,3",245784,73.735,C,3,S6,1
45,57,6,65,63,43,"1,2,3",176085,52.825,C,3,S6,1
45,156,15,113,50,30,"2,3",169500,50.85,B,2,S5,1
45,136,14,115,69,29,3,230115,69.034,B,2,S5,1
45,132,13,80,79,51,"1,2,3",322320,96.696,B,2,S5,1
45,72,7,108,71,40,"2,3",306720,92.016,C,3,S6,1
45,127,13,80,79,51,"1,2,3",322320,96.696,C,3,S6,1
45,30,4,77,76,42,"1,2,3",245784,73.735,C,3,S6,1
45,41,5,93,74,20,3,137640,41.292,C,3,S6,1
45,5,1,63,55,31,"2,3",107415,32.224,A,1,S1,1
45,16,2,120,43,23,"2,3",118680,35.604,A,1,S2,1
45,151,15,113,50,30,"2,3",169500,50.85,C,3,S6,0
45,66,6,65,63,43,"1,2,3",176085,52.825,C,3,S6,1
45,125,13,80,79,51,"1,2,3",322320,96.696,C,3,S6,1
45,113,12,76,56,38,"2,3",161728,48.518,C,3,S6,1
45,129,13,80,79,51,"1,2,3",322320,96.696,A,1,S1,1
45,94,10,68,50,40,"1,2,3",136000,40.8,C,3,S6,1
45,49,5,93,74,20,3,137640,41.292,C,3,S6,1
45,7,1,63,55,31,"2,3",107415,32.224,A,1,S2,1
45,114,12,76,56,38,"2,3",161728,48.518,A,1,S3,1
45,157,15,113,50,30,"2,3",169500,50.85,A,1,S1,1
45,145,14,115,69,29,3,230115,69.034,B,2,S5,1
45,122,13,80,79,51,"1,2,3",322320,96.696,A,1,S2,1
45,124,13,80,79,51,"1,2,3",322320,96.696,A,1,S2,1
45,131,13,80,79,51,"1,2,3",322320,96.696,A,1,S2,1
45,53,5,93,74,20,3,137640,41.292,B,2,S5,1
45,33,4,77,76,42,"1,2,3",245784,73.735,A,1,S3,1
45,62,6,65,63,43,"1,2,3",176085,52.825,B,2,S5,1
45,110,12,76,56,38,"2,3",161728,48.518,A,1,S1,1
45,15,2,120,43,23,"2,3",118680,35.604,A,1,S2,0
45,92,9,68,62,26,3,109616,32.885,A,1,S1,0
45,102,10,68,50,40,"1,2,3",136000,40.8,B,2,S4,0
45,42,5,93,74,20,3,137640,41.292,A,1,S3,1
45,88,9,68,62,26,3,109616,32.885,A,1,S2,1
45,6,1,63,55,31,"2,3",107415,32.224,B,2,S5,1
45,3,1,63,55,31,"2,3",107415,32.224,B,2,S4,1
45,130,13,80,79,51,"1,2,3",322320,96.696,B,2,S4,1
45,2,1,63,55,31,"2,3",107415,32.224,C,3,S6,1
45,150,15,113,50,30,"2,3",169500,50.85,B,2,S5,1
45,120,13,80,79,51,"1,2,3",322320,96.696,B,2,S5,1
45,141,14,115,69,29,3,230115,69.034,B,2,S5,1
45,25,4,77,76,42,"1,2,3",245784,73.735,B,2,S5,0
45,17,2,120,43,23,"2,3",118680,35.604,B,2,S5,0
45,139,14,115,69,29,3,230115,69.034,B,2,S5,1
45,103,11,79,42,31,"2,3",102858,30.857,B,2,S4,1
45,69,7,108,71,40,"2,3",306720,92.016,A,1,S2,1
45,134,13,80,79,51,"1,2,3",322320,96.696,A,1,S1,1
45,119,13,80,79,51,"1,2,3",322320,96.696,B,2,S5,1
45,118,13,80,79,51,"1,2,3",322320,96.696,B,2,S5,1
45,99,10,68,50,40,"1,2,3",136000,40.8,B,2,S4,1
45,146,14,115,69,29,3,230115,69.034,B,2,S4,1
45,59,6,65,63,43,"1,2,3",176085,52.825,B,2,S4,1
45,12,2,120,43,23,"2,3",118680,35.604,A,1,S3,1
45,126,13,80,79,51,"1,2,3",322320,96.696,A,1,S1,1
45,24,4,77,76,42,"1,2,3",245784,73.735,A,1,S3,1
45,19,2,120,43,23,"2,3",118680,35.604,A,1,S1,1
45,38,4,77,76,42,"1,2,3",245784,73.735,A,1,S3,1
45,96,10,68,50,40,"1,2,3",136000,40.8,A,1,S3,0
45,80,8,79,36,21,"2,3",59724,17.917,A,1,S2,1
45,117,12,76,56,38,"2,3",161728,48.518,B,2,S5,0
45,27,4,77,76,42,"1,2,3",245784,73.735,B,2,S4,1
45,52,5,93,74,20,3,137640,41.292,B,2,S5,1
45,128,13,80,79,51,"1,2,3",322320,96.696,B,2,S4,1
45,58,6,65,63,43,"1,2,3",176085,52.825,B,2,S4,1
45,142,14,115,69,29,3,230115,69.034,A,1,S1,1
45,153,15,113,50,30,"2,3",169500,50.85,B,2,S4,1
45,81,8,79,36,21,"2,3",59724,17.917,A,1,S1,1
45,76,7,108,71,40,"2,3",306720,92.016,A,1,S1,1
45,140,14,115,69,29,3,230115,69.034,B,2,S4,1
45,137,14,115,69,29,3,230115,69.034,A,1,S2,0
45,4,1,63,55,31,"2,3",107415,32.224,A,1,S2,1
45,8,1,63,55,31,"2,3",107415,32.224,A,1,S3,1
45,29,4,77,76,42,"1,2,3",245784,73.735,A,1,S3,1
45,107,11,79,42,31,"2,3",102858,30.857,C,3,S6,1
45,155,15,113,50,30,"2,3",169500,50.85,C,3,S6,1
45,133,13,80,79,51,"1,2,3",322320,96.696,C,3,S6,0
45,116,12,76,56,38,"2,3",161728,48.518,C,3,S6,0
45,78,8,79,36,21,"2,3",59724,17.917,C,3,S6,1
45,50,5,93,74,20,3,137640,41.292,C,3,S6,1
45,55,5,93,74,20,3,137640,41.292,A,1,S2,1
45,46,5,93,74,20,3,137640,41.292,A,1,S1,1
45,68,7,108,71,40,"2,3",306720,92.016,A,1,S1,1
45,67,6,65,63,43,"1,2,3",176085,52.825,A,1,S1,1
45,36,4,77,76,42,"1,2,3",245784,73.735,A,1,S1,1
45,79,8,79,36,21,"2,3",59724,17.917,A,1,S3,1
45,138,14,115,69,29,3,230115,69.034,C,3,S6,1
45,77,7,108,71,40,"2,3",306720,92.016,C,3,S6,1
45,70,7,108,71,40,"2,3",306720,92.016,B,2,S5,1
45,75,7,108,71,40,"2,3",306720,92.016,B,2,S4,1
45,60,6,65,63,43,"1,2,3",176085,52.825,B,2,S4,1
45,91,9,68,62,26,3,109616,32.885,B,2,S4,1
45,9,1,63,55,31,"2,3",107415,32.224,A,1,S2,1
45,104,11,79,42,31,"2,3",102858,30.857,A,1,S3,1
45,93,9,68,62,26,3,109616,32.885,A,1,S3,1
45,63,6,65,63,43,"1,2,3",176085,52.825,B,2,S5,1
45,37,4,77,76,42,"1,2,3",245784,73.735,B,2,S5,1
45,47,5,93,74,20,3,137640,41.292,B,2,S5,1
45,82,9,68,62,26,3,109616,32.885,B,2,S4,1
45,135,14,115,69,29,3,230115,69.034,B,2,S5,1
45,1,1,63,55,31,"2,3",107415,32.224,C,3,S6,1
45,10,2,120,43,23,"2,3",118680,35.604,C,3,S6,1
45,115,12,76,56,38,"2,3",161728,48.518,C,3,S6,1
45,40,5,93,74,20,3,137640,41.292,C,3,S6,1
45,95,10,68,50,40,"1,2,3",136000,40.8,C,3,S6,1
45,152,15,113,50,30,"2,3",169500,50.85,B,2,S4,1
45,84,9,68,62,26,3,109616,32.885,B,2,S4,1
45,97,10,68,50,40,"1,2,3",136000,40.8,B,2,S4,1
45,45,5,93,74,20,3,137640,41.292,B,2,S4,1
45,83,9,68,62,26,3,109616,32.885,B,2,S4,1
45,43,5,93,74,20,3,137640,41.292,B,2,S5,1
45,87,9,68,62,26,3,109616,32.885,B,2,S5,1
45,89,9,68,62,26,3,109616,32.885,B,2,S4,1
45,65,6,65,63,43,"1,2,3",176085,52.825,B,2,S4,1
45,105,11,79,42,31,"2,3",102858,30.857,A,1,S1,1
45,18,2,120,43,23,"2,3",118680,35.604,A,1,S3,1
45,100,10,68,50,40,"1,2,3",136000,40.8,C,3,S6,1
45,48,5,93,74,20,3,137640,41.292,C,3,S6,1
45,111,12,76,56,38,"2,3",161728,48.518,C,3,S6,1
45,106,11,79,42,31,"2,3",102858,30.857,C,3,S6,1
45,14,2,120,43,23,"2,3",118680,35.604,A,1,S2,1
45,85,9,68,62,26,3,109616,32.885,C,3,S6,1
45,56,6,65,63,43,"1,2,3",176085,52.825,C,3,S6,1
45,86,9,68,62,26,3,109616,32.885,C,3,S6,1
45,22,3,97,72,57,"1,2,3",398088,119.426,C,3,S6,1
45,61,6,65,63,43,"1,2,3",176085,52.825,C,3,S6,1
45,20,3,97,72,57,"1,2,3",398088,119.426,A,1,S2,0
45,13,2,120,43,23,"2,3",118680,35.604,A,1,S3,1
45,73,7,108,71,40,"2,3",306720,92.016,A,1,S3,1
45,90,9,68,62,26,3,109616,32.885,A,1,S2,1
45,31,4,77,76,42,"1,2,3",245784,73.735,A,1,S1,0
45,39,5,93,74,20,3,137640,41.292,A,1,S2,1
45,64,6,65,63,43,"1,2,3",176085,52.825,A,1,S3,1
45,44,5,93,74,20,3,137640,41.292,A,1,S3,1
45,74,7,108,71,40,"2,3",306720,92.016,A,1,S1,1
45,148,15,113,50,30,"2,3",169500,50.85,A,1,S3,1
45,32,4,77,76,42,"1,2,3",245784,73.735,A,1,S2,1
45,98,10,68,50,40,"1,2,3",136000,40.8,A,1,S2,1
46,95,13,66,39,35,"1,2,3",90090,27.027,A,1,S2,1
46,48,7,73,72,49,"1,2,3",257544,77.263,A,1,S1,1
46,75,11,95,61,34,"2,3",197030,59.109,A,1,S1,1
46,63,8,98,67,56,"1,2,3",367696,110.309,B,2,S5,1
46,32,5,96,65,58,"1,2,3",361920,108.576,B,2,S4,1
46,76,11,95,61,34,"2,3",197030,59.109,B,2,S4,1
46,31,5,96,65,58,"1,2,3",361920,108.576,A,1,S2,1
46,60,8,98,67,56,"1,2,3",367696,110.309,A,1,S1,1
46,41,6,58,37,26,"2,3",55796,16.739,A,1,S3,1
46,30,5,96,65,58,"1,2,3",361920,108.576,A,1,S2,1
46,98,14,82,76,43,"1,2,3",267976,80.393,C,3,S6,1
46,90,13,66,39,35,"1,2,3",90090,27.027,C,3,S6,1
46,88,12,106,73,49,"2,3",379162,113.749,B,2,S5,1
46,73,11,95,61,34,"2,3",197030,59.109,B,2,S4,1
46,42,6,58,37,26,"2,3",55796,16.739,B,2,S4,1
46,47,7,73,72,49,"1,2,3",257544,77.263,B,2,S4,1
46,45,6,58,37,26,"2,3",55796,16.739,B,2,S4,1
46,34,5,96,65,58,"1,2,3",361920,108.576,C,3,S6,1
46,62,8,98,67,56,"1,2,3",367696,110.309,C,3,S6,1
46,56,7,73,72,49,"1,2,3",257544,77.263,B,2,S4,1
46,25,4,104,58,57,"1,2,3",343824,103.147,B,2,S4,1
46,108,15,93,87,26,3,210366,63.11,A,1,S2,0
46,61,8,98,67,56,"1,2,3",367696,110.309,A,1,S1,1
46,21,4,104,58,57,"1,2,3",343824,103.147,A,1,S2,1
46,106,15,93,87,26,3,210366,63.11,B,2,S5,1
46,54,7,73,72,49,"1,2,3",257544,77.263,C,3,S6,1
46,23,4,104,58,57,"1,2,3",343824,103.147,C,3,S6,1
46,110,15,93,87,26,3,210366,63.11,B,2,S5,1
46,89,12,106,73,49,"2,3",379162,113.749,B,2,S4,1
46,12,3,108,78,54,"2,3",454896,136.469,B,2,S4,1
46,16,3,108,78,54,"2,3",454896,136.469,B,2,S5,1
46,68,9,117,89,23,3,239499,71.85,B,2,S5,1
46,100,14,82,76,43,"1,2,3",267976,80.393,B,2,S4,1
46,19,3,108,78,54,"2,3",454896,136.469,B,2,S4,0
46,78,11,95,61,34,"2,3",197030,59.109,B,2,S5,1
46,93,13,66,39,35,"1,2,3",90090,27.027,B,2,S4,1
46,5,1,86,58,36,"2,3",179568,53.87,B,2,S4,1
46,99,14,82,76,43,"1,2,3",267976,80.393,B,2,S4,1
46,105,15,93,87,26,3,210366,63.11,B,2,S4,1
46,44,6,58,37,26,"2,3",55796,16.739,A,1,S2,1
46,14,3,108,78,54,"2,3",454896,136.469,A,1,S3,1
46,72,10,109,76,73,"1,2,3",604732,181.42,A,1,S1,1
46,6,1,86,58,36,"2,3",179568,53.87,B,2,S5,1
46,80,12,106,73,49,"2,3",379162,113.749,B,2,S4,1
46,40,6,58,37,26,"2,3",55796,16.739,C,3,S6,1
46,92,13,66,39,35,"1,2,3",90090,27.027,B,2,S4,1
46,10,2,71,69,22,3,107778,32.333,A,1,S1,1
46,13,3,108,78,54,"2,3",454896,136.469,A,1,S2,1
46,8,2,71,69,22,3,107778,32.333,A,1,S2,1
46,94,13,66,39,35,"1,2,3",90090,27.027,C,3,S6,1
46,46,7,73,72,49,"1,2,3",257544,77.263,B,2,S5,1
46,71,10,109,76,73,"1,2,3",604732,181.42,B,2,S5,1
46,96,13,66,39,35,"1,2,3",90090,27.027,B,2,S5,1
46,69,10,109,76,73,"1,2,3",604732,181.42,C,3,S6,1
46,24,4,104,58,57,"1,2,3",343824,103.147,B,2,S4,1
46,36,6,58,37,26,"2,3",55796,16.739,A,1,S1,1
46,91,13,66,39,35,"1,2,3",90090,27.027,A,1,S2,1
46,97,13,66,39,35,"1,2,3",90090,27.027,A,1,S2,1
46,39,6,58,37,26,"2,3",55796,16.739,A,1,S3,1
46,59,8,98,67,56,"1,2,3",367696,110.309,B,2,S4,1
46,57,8,98,67,56,"1,2,3",367696,110.309,A,1,S2,1
46,107,15,93,87,26,3,210366,63.11,C,3,S6,1
46,79,11,95,61,34,"2,3",197030,59.109,C,3,S6,1
46,37,6,58,37,26,"2,3",55796,16.739,C,3,S6,1
46,85,12,106,73,49,"2,3",379162,113.749,C,3,S6,0
46,43,6,58,37,26,"2,3",55796,16.739,A,1,S2,1
46,111,15,93,87,26,3,210366,63.11,A,1,S3,0
46,77,11,95,61,34,"2,3",197030,59.109,C,3,S6,1
46,82,12,106,73,49,"2,3",379162,113.749,C,3,S6,1
46,11,2,71,69,22,3,107778,32.333,C,3,S6,1
46,64,9,117,89,23,3,239499,71.85,C,3,S6,0
46,52,7,73,72,49,"1,2,3",257544,77.263,A,1,S2,1
46,84,12,106,73,49,"2,3",379162,113.749,C,3,S6,1
46,22,4,104,58,57,"1,2,3",343824,103.147,C,3,S6,0
46,66,9,117,89,23,3,239499,71.85,A,1,S3,0
46,3,1,86,58,36,"2,3",179568,53.87,C,3,S6,1
46,49,7,73,72,49,"1,2,3",257544,77.263,B,2,S5,1
46,74,11,95,61,34,"2,3",197030,59.109,B,2,S4,1
46,58,8,98,67,56,"1,2,3",367696,110.309,B,2,S4,0
46,103,14,82,76,43,"1,2,3",267976,80.393,B,2,S4,1
46,28,5,96,65,58,"1,2,3",361920,108.576,A,1,S1,1
46,83,12,106,73,49,"2,3",379162,113.749,A,1,S1,1
46,27,4,104,58,57,"1,2,3",343824,103.147,A,1,S2,1
46,70,10,109,76,73,"1,2,3",604732,181.42,B,2,S4,1
46,33,5,96,65,58,"1,2,3",361920,108.576,A,1,S3,1
46,50,7,73,72,49,"1,2,3",257544,77.263,A,1,S2,1
46,17,3,108,78,54,"2,3",454896,136.469,A,1,S2,1
46,35,5,96,65,58,"1,2,3",361920,108.576,A,1,S2,1
46,65,9,117,89,23,3,239499,71.85,A,1,S1,0
46,38,6,58,37,26,"2,3",55796,16.739,A,1,S3,1
46,102,14,82,76,43,"1,2,3",267976,80.393,A,1,S1,1
46,87,12,106,73,49,"2,3",379162,113.749,A,1,S2,1
46,7,1,86,58,36,"2,3",179568,53.87,A,1,S2,1
46,4,1,86,58,36,"2,3",179568,53.87,A,1,S3,1
46,20,3,108,78,54,"2,3",454896,136.469,A,1,S2,1
46,104,14,82,76,43,"1,2,3",267976,80.393,B,2,S5,1
46,9,2,71,69,22,3,107778,32.333,B,2,S4,1
46,15,3,108,78,54,"2,3",454896,136.469,A,1,S3,1
46,1,1,86,58,36,"2,3",179568,53.87,C,3,S6,1
46,109,15,93,87,26,3,210366,63.11,B,2,S4,1
46,55,7,73,72,49,"1,2,3",257544,77.263,A,1,S2,0
46,67,9,117,89,23,3,239499,71.85,C,3,S6,1
46,101,14,82,76,43,"1,2,3",267976,80.393,C,3,S6,1
46,18,3,108,78,54,"2,3",454896,136.469,C,3,S6,1
46,86,12,106,73,49,"2,3",379162,113.749,A,1,S3,0
46,29,5,96,65,58,"1,2,3",361920,108.576,A,1,S3,1
46,81,12,106,73,49,"2,3",379162,113.749,A,1,S3,1
46,53,7,73,72,49,"1,2,3",257544,77.263,C,3,S6,1
46,26,4,104,58,57,"1,2,3",343824,103.147,C,3,S6,1
46,51,7,73,72,49,"1,2,3",257544,77.263,C,3,S6,1
46,2,1,86,58,36,"2,3",179568,53.87,C,3,S6,1
47,49,5,100,56,34,"2,3",190400,57.12,A,1,S1,1
47,126,13,80,75,51,"1,2,3",306000,91.8,A,1,S1,1
47,83,9,82,75,39,"2,3",239850,71.955,A,1,S3,1
47,37,4,76,38,38,"2,3",109744,32.923,A,1,S2,1
47,16,2,112,95,20,3,212800,63.84,A,1,S2,1
47,147,15,72,48,21,3,72576,21.773,A,1,S2,1
47,33,4,76,38,38,"2,3",109744,32.923,A,1,S2,1
47,34,4,76,38,38,"2,3",109744,32.923,A,1,S3,1
47,90,9,82,75,39,"2,3",239850,71.955,A,1,S3,1
47,20,3,118,38,37,"2,3",165908,49.772,C,3,S6,1
47,40,4,76,38,38,"2,3",109744,32.923,C,3,S6,1
47,74,8,76,51,41,"1,2,3",158916,47.675,C,3,S6,1
47,6,1,118,54,42,"2,3",267624,80.287,C,3,S6,1
47,81,8,76,51,41,"1,2,3",158916,47.675,B,2,S4,1
47,72,7,75,58,36,"2,3",156600,46.98,B,2,S5,1
47,87,9,82,75,39,"2,3",239850,71.955,A,1,S1,1
47,65,7,75,58,36,"2,3",156600,46.98,B,2,S5,1
47,111,12,61,46,28,"2,3",78568,23.57,B,2,S4,1
47,121,13,80,75,51,"1,2,3",306000,91.8,B,2,S5,1
47,61,6,100,73,50,"2,3",365000,109.5,A,1,S2,1
47,107,11,80,68,50,"1,2,3",272000,81.6,A,1,S1,1
47,45,5,100,56,34,"2,3",190400,57.12,B,2,S4,1
47,133,14,92,62,49,"1,2,3",279496,83.849,B,2,S4,1
47,15,2,112,95,20,3,212800,63.84,B,2,S5,1
47,50,5,100,56,34,"2,3",190400,57.12,B,2,S4,1
47,67,7,75,58,36,"2,3",156600,46.98,B,2,S4,1
47,3,1,118,54,42,"2,3",267624,80.287,B,2,S5,1
47,128,13,80,75,51,"1,2,3",306000,91.8,A,1,S1,1
47,106,11,80,68,50,"1,2,3",272000,81.6,B,2,S4,1
47,47,5,100,56,34,"2,3",190400,57.12,B,2,S4,1
47,120,13,80,75,51,"1,2,3",306000,91.8,C,3,S6,1
47,96,11,80,68,50,"1,2,3",272000,81.6,C,3,S6,1
47,9,1,118,54,42,"2,3",267624,80.287,A,1,S2,1
47,43,5,100,56,34,"2,3",190400,57.12,B,2,S5,1
47,80,8,76,51,41,"1,2,3",158916,47.675,C,3,S6,1
47,63,7,75,58,36,"2,3",156600,46.98,C,3,S6,1
47,78,8,76,51,41,"1,2,3",158916,47.675,C,3,S6,1
47,135,14,92,62,49,"1,2,3",279496,83.849,C,3,S6,1
47,7,1,118,54,42,"2,3",267624,80.287,C,3,S6,1
47,29,4,76,38,38,"2,3",109744,32.923,A,1,S3,1
47,134,14,92,62,49,"1,2,3",279496,83.849,A,1,S3,1
47,89,9,82,75,39,"2,3",239850,71.955,C,3,S6,1
47,5,1,118,54,42,"2,3",267624,80.287,C,3,S6,1
47,108,11,80,68,50,"1,2,3",272000,81.6,C,3,S6,1
47,98,11,80,68,50,"1,2,3",272000,81.6,A,1,S2,0
47,137,15,72,48,21,3,72576,21.773,A,1,S1,1
47,35,4,76,38,38,"2,3",109744,32.923,A,1,S3,1
47,48,5,100,56,34,"2,3",190400,57.12,A,1,S1,1
47,77,8,76,51,41,"1,2,3",158916,47.675,B,2,S4,1
47,97,11,80,68,50,"1,2,3",272000,81.6,C,3,S6,1
47,13,2,112,95,20,3,212800,63.84,C,3,S6,1
47,140,15,72,48,21,3,72576,21.773,A,1,S1,1
47,139,15,72,48,21,3,72576,21.773,A,1,S3,1
47,19,2,112,95,20,3,212800,63.84,A,1,S3,1
47,117,12,61,46,28,"2,3",78568,23.57,A,1,S3,1
47,142,15,72,48,21,3,72576,21.773,A,1,S1,0
47,54,5,100,56,34,"2,3",190400,57.12,A,1,S2,1
47,39,4,76,38,38,"2,3",109744,32.923,B,2,S5,1
47,136,15,72,48,21,3,72576,21.773,B,2,S4,1
47,116,12,61,46,28,"2,3",78568,23.57,B,2,S5,0
47,10,1,118,54,42,"2,3",267624,80.287,A,1,S3,1
47,30,4,76,38,38,"2,3",109744,32.923,A,1,S1,1
47,95,10,84,76,44,"1,2,3",280896,84.269,A,1,S1,1
47,131,14,92,62,49,"1,2,3",279496,83.849,A,1,S1,1
47,44,5,100,56,34,"2,3",190400,57.12,C,3,S6,1
47,141,15,72,48,21,3,72576,21.773,B,2,S4,1
47,18,2,112,95,20,3,212800,63.84,B,2,S5,1
47,14,2,112,95,20,3,212800,63.84,B,2,S5,1
47,146,15,72,48,21,3,72576,21.773,B,2,S5,1
47,41,5,100,56,34,"2,3",190400,57.12,B,2,S4,1
47,114,12,61,46,28,"2,3",78568,23.57,B,2,S4,1
47,38,4,76,38,38,"2,3",109744,32.923,B,2,S4,1
47,138,15,72,48,21,3,72576,21.773,A,1,S3,1
47,1,1,118,54,42,"2,3",267624,80.287,A,1,S1,0
47,69,7,75,58,36,"2,3",156600,46.98,B,2,S4,0
47,71,7,75,58,36,"2,3",156600,46.98,A,1,S1,0
47,93,10,84,76,44,"1,2,3",280896,84.269,A,1,S2,1
47,22,3,118,38,37,"2,3",165908,49.772,C,3,S6,1
47,42,5,100,56,34,"2,3",190400,57.12,C,3,S6,1
47,102,11,80,68,50,"1,2,3",272000,81.6,C,3,S6,1
47,11,1,118,54,42,"2,3",267624,80.287,A,1,S2,1
47,103,11,80,68,50,"1,2,3",272000,81.6,A,1,S2,1
47,58,6,100,73,50,"2,3",365000,109.5,A,1,S2,0
47,144,15,72,48,21,3,72576,21.773,B,2,S5,1
47,73,7,75,58,36,"2,3",156600,46.98,B,2,S4,1
47,2,1,118,54,42,"2,3",267624,80.287,A,1,S3,1
47,88,9,82,75,39,"2,3",239850,71.955,C,3,S6,1
47,127,13,80,75,51,"1,2,3",306000,91.8,B,2,S4,1
47,57,6,100,73,50,"2,3",365000,109.5,B,2,S5,1
47,91,9,82,75,39,"2,3",239850,71.955,B,2,S5,1
47,113,12,61,46,28,"2,3",78568,23.57,B,2,S4,1
47,55,6,100,73,50,"2,3",365000,109.5,A,1,S3,0
47,24,3,118,38,37,"2,3",165908,49.772,C,3,S6,1
47,99,11,80,68,50,"1,2,3",272000,81.6,C,3,S6,1
47,76,8,76,51,41,"1,2,3",158916,47.675,C,3,S6,1
47,23,3,118,38,37,"2,3",165908,49.772,A,1,S1,1
47,52,5,100,56,34,"2,3",190400,57.12,A,1,S3,1
47,59,6,100,73,50,"2,3",365000,109.5,A,1,S3,1
47,21,3,118,38,37,"2,3",165908,49.772,A,1,S1,1
47,82,8,76,51,41,"1,2,3",158916,47.675,A,1,S3,1
47,101,11,80,68,50,"1,2,3",272000,81.6,A,1,S2,1
47,100,11,80,68,50,"1,2,3",272000,81.6,A,1,S1,1
47,124,13,80,75,51,"1,2,3",306000,91.8,A,1,S2,1
47,84,9,82,75,39,"2,3",239850,71.955,A,1,S3,1
47,94,10,84,76,44,"1,2,3",280896,84.269,A,1,S2,1
47,12,2,112,95,20,3,212800,63.84,A,1,S1,0
47,4,1,118,54,42,"2,3",267624,80.287,A,1,S1,1
47,46,5,100,56,34,"2,3",190400,57.12,B,2,S4,1
47,130,14,92,62,49,"1,2,3",279496,83.849,B,2,S4,1
47,86,9,82,75,39,"2,3",239850,71.955,B,2,S5,1
47,119,13,80,75,51,"1,2,3",306000,91.8,C,3,S6,1
47,118,13,80,75,51,"1,2,3",306000,91.8,A,1,S1,0
47,56,6,100,73,50,"2,3",365000,109.5,B,2,S4,1
47,31,4,76,38,38,"2,3",109744,32.923,B,2,S5,1
47,53,5,100,56,34,"2,3",190400,57.12,B,2,S4,1
47,28,3,118,38,37,"2,3",165908,49.772,B,2,S5,1
47,132,14,92,62,49,"1,2,3",279496,83.849,B,2,S4,1
47,70,7,75,58,36,"2,3",156600,46.98,B,2,S4,1
47,68,7,75,58,36,"2,3",156600,46.98,B,2,S5,1
47,85,9,82,75,39,"2,3",239850,71.955,A,1,S3,1
47,17,2,112,95,20,3,212800,63.84,C,3,S6,1
47,115,12,61,46,28,"2,3",78568,23.57,C,3,S6,1
47,112,12,61,46,28,"2,3",78568,23.57,C,3,S6,1
47,51,5,100,56,34,"2,3",190400,57.12,A,1,S1,1
47,62,6,100,73,50,"2,3",365000,109.5,A,1,S2,1
47,64,7,75,58,36,"2,3",156600,46.98,A,1,S1,1
47,66,7,75,58,36,"2,3",156600,46.98,A,1,S1,1
47,26,3,118,38,37,"2,3",165908,49.772,A,1,S3,0
47,123,13,80,75,51,"1,2,3",306000,91.8,A,1,S1,0
47,110,12,61,46,28,"2,3",78568,23.57,B,2,S5,1
47,125,13,80,75,51,"1,2,3",306000,91.8,B,2,S4,1
47,104,11,80,68,50,"1,2,3",272000,81.6,C,3,S6,1
47,27,3,118,38,37,"2,3",165908,49.772,C,3,S6,0
47,8,1,118,54,42,"2,3",267624,80.287,C,3,S6,1
47,92,9,82,75,39,"2,3",239850,71.955,C,3,S6,1
47,105,11,80,68,50,"1,2,3",272000,81.6,C,3,S6,1
47,122,13,80,75,51,"1,2,3",306000,91.8,C,3,S6,1
47,60,6,100,73,50,"2,3",365000,109.5,C,3,S6,1
47,109,11,80,68,50,"1,2,3",272000,81.6,C,3,S6,1
47,145,15,72,48,21,3,72576,21.773,B,2,S5,0
47,79,8,76,51,41,"1,2,3",158916,47.675,B,2,S4,1
47,32,4,76,38,38,"2,3",109744,32.923,B,2,S5,1
47,143,15,72,48,21,3,72576,21.773,B,2,S5,1
47,25,3,118,38,37,"2,3",165908,49.772,B,2,S4,1
47,36,4,76,38,38,"2,3",109744,32.923,B,2,S5,1
47,75,8,76,51,41,"1,2,3",158916,47.675,B,2,S5,0
47,129,14,92,62,49,"1,2,3",279496,83.849,C,3,S6,1
48,110,15,86,78,52,"1,2,3",348816,104.645,A,1,S1,1
48,103,14,108,66,48,"2,3",342144,102.643,C,3,S6,1
48,43,7,90,77,67,"1,2,3",464310,139.293,A,1,S2,1
48,66,10,92,77,43,"2,3",304612,91.384,A,1,S2,1
48,93,13,95,68,35,"2,3",226100,67.83,A,1,S1,1
48,62,10,92,77,43,"2,3",304612,91.384,A,1,S1,1
48,22,4,95,79,47,"2,3",352735,105.82,C,3,S6,1
48,104,14,108,66,48,"2,3",342144,102.643,A,1,S3,1
48,12,3,95,58,38,"2,3",209380,62.814,A,1,S1,1
48,100,14,108,66,48,"2,3",342144,102.643,A,1,S2,1
48,53,9,62,55,46,"1,2,3",156860,47.058,A,1,S1,1
48,81,12,76,72,44,"1,2,3",240768,72.23,A,1,S1,1
48,20,4,95,79,47,"2,3",352735,105.82,B,2,S5,1
48,79,12,76,72,44,"1,2,3",240768,72.23,C,3,S6,1
48,21,4,95,79,47,"2,3",352735,105.82,A,1,S3,1
48,76,11,100,66,41,"2,3",270600,81.18,C,3,S6,1
48,3,1,59,49,48,"1,2,3",138768,41.63,C,3,S6,1
48,13,3,95,58,38,"2,3",209380,62.814,C,3,S6,1
48,98,14,108,66,48,"2,3",342144,102.643,B,2,S4,1
48,65,10,92,77,43,"2,3",304612,91.384,B,2,S4,1
48,5,2,79,63,46,"1,2,3",228942,68.683,A,1,S3,0
48,6,2,79,63,46,"1,2,3",228942,68.683,C,3,S6,1
48,91,13,95,68,35,"2,3",226100,67.83,A,1,S2,1
48,88,12,76,72,44,"1,2,3",240768,72.23,C,3,S6,0
48,36,6,88,74,72,"1,2,3",468864,140.659,C,3,S6,1
48,60,9,62,55,46,"1,2,3",156860,47.058,C,3,S6,1
48,17,4,95,79,47,"2,3",352735,105.82,B,2,S5,1
48,41,7,90,77,67,"1,2,3",464310,139.293,B,2,S4,1
48,107,15,86,78,52,"1,2,3",348816,104.645,B,2,S4,1
48,18,4,95,79,47,"2,3",352735,105.82,B,2,S4,1
48,40,6,88,74,72,"1,2,3",468864,140.659,B,2,S4,1
48,58,9,62,55,46,"1,2,3",156860,47.058,A,1,S2,1
48,30,5,72,46,27,"2,3",89424,26.827,B,2,S5,0
48,97,13,95,68,35,"2,3",226100,67.83,A,1,S3,1
48,32,5,72,46,27,"2,3",89424,26.827,A,1,S3,1
48,37,6,88,74,72,"1,2,3",468864,140.659,A,1,S3,1
48,70,10,92,77,43,"2,3",304612,91.384,B,2,S5,1
48,2,1,59,49,48,"1,2,3",138768,41.63,B,2,S4,1
48,71,11,100,66,41,"2,3",270600,81.18,B,2,S5,0
48,108,15,86,78,52,"1,2,3",348816,104.645,C,3,S6,1
48,63,10,92,77,43,"2,3",304612,91.384,A,1,S2,1
48,25,5,72,46,27,"2,3",89424,26.827,A,1,S3,1
48,46,7,90,77,67,"1,2,3",464310,139.293,B,2,S5,1
48,9,2,79,63,46,"1,2,3",228942,68.683,B,2,S4,1
48,7,2,79,63,46,"1,2,3",228942,68.683,C,3,S6,1
48,26,5,72,46,27,"2,3",89424,26.827,A,1,S3,1
48,23,4,95,79,47,"2,3",352735,105.82,B,2,S4,1
48,38,6,88,74,72,"1,2,3",468864,140.659,B,2,S4,1
48,16,4,95,79,47,"2,3",352735,105.82,B,2,S4,1
48,95,13,95,68,35,"2,3",226100,67.83,A,1,S2,1
48,10,2,79,63,46,"1,2,3",228942,68.683,A,1,S2,0
48,67,10,92,77,43,"2,3",304612,91.384,A,1,S3,1
48,27,5,72,46,27,"2,3",89424,26.827,C,3,S6,1
48,92,13,95,68,35,"2,3",226100,67.83,A,1,S2,1
48,33,6,88,74,72,"1,2,3",468864,140.659,B,2,S4,1
48,77,11,100,66,41,"2,3",270600,81.18,A,1,S2,1
48,49,8,96,59,36,"2,3",203904,61.171,C,3,S6,1
48,74,11,100,66,41,"2,3",270600,81.18,B,2,S4,1
48,8,2,79,63,46,"1,2,3",228942,68.683,B,2,S4,1
48,52,8,96,59,36,"2,3",203904,61.171,B,2,S4,1
48,73,11,100,66,41,"2,3",270600,81.18,A,1,S1,1
48,101,14,108,66,48,"2,3",342144,102.643,A,1,S3,1
48,29,5,72,46,27,"2,3",89424,26.827,A,1,S2,1
48,57,9,62,55,46,"1,2,3",156860,47.058,C,3,S6,0
48,109,15,86,78,52,"1,2,3",348816,104.645,C,3,S6,1
48,87,12,76,72,44,"1,2,3",240768,72.23,C,3,S6,0
48,64,10,92,77,43,"2,3",304612,91.384,B,2,S4,1
48,55,9,62,55,46,"1,2,3",156860,47.058,A,1,S2,1
48,94,13,95,68,35,"2,3",226100,67.83,B,2,S4,1
48,96,13,95,68,35,"2,3",226100,67.83,B,2,S4,0
48,89,12,76,72,44,"1,2,3",240768,72.23,B,2,S5,1
48,50,8,96,59,36,"2,3",203904,61.171,B,2,S4,1
48,44,7,90,77,67,"1,2,3",464310,139.293,A,1,S3,1
48,45,7,90,77,67,"1,2,3",464310,139.293,B,2,S5,1
48,51,8,96,59,36,"2,3",203904,61.171,C,3,S6,1
48,19,4,95,79,47,"2,3",352735,105.82,C,3,S6,1
48,61,9,62,55,46,"1,2,3",156860,47.058,C,3,S6,0
48,99,14,108,66,48,"2,3",342144,102.643,A,1,S1,1
48,54,9,62,55,46,"1,2,3",156860,47.058,A,1,S3,1
48,82,12,76,72,44,"1,2,3",240768,72.23,B,2,S4,1
48,85,12,76,72,44,"1,2,3",240768,72.23,B,2,S4,1
48,106,14,108,66,48,"2,3",342144,102.643,B,2,S5,1
48,39,6,88,74,72,"1,2,3",468864,140.659,A,1,S1,1
48,83,12,76,72,44,"1,2,3",240768,72.23,A,1,S3,1
48,34,6,88,74,72,"1,2,3",468864,140.659,B,2,S4,1
48,80,12,76,72,44,"1,2,3",240768,72.23,A,1,S1,1
48,90,13,95,68,35,"2,3",226100,67.83,A,1,S2,1
48,75,11,100,66,41,"2,3",270600,81.18,B,2,S4,1
48,15,3,95,58,38,"2,3",209380,62.814,B,2,S4,1
48,11,3,95,58,38,"2,3",209380,62.814,B,2,S4,1
48,48,8,96,59,36,"2,3",203904,61.171,A,1,S2,1
48,68,10,92,77,43,"2,3",304612,91.384,A,1,S2,0
48,1,1,59,49,48,"1,2,3",138768,41.63,A,1,S2,1
48,59,9,62,55,46,"1,2,3",156860,47.058,A,1,S1,1
48,28,5,72,46,27,"2,3",89424,26.827,A,1,S1,1
48,24,5,72,46,27,"2,3",89424,26.827,A,1,S3,0
48,14,3,95,58,38,"2,3",209380,62.814,A,1,S1,1
48,42,7,90,77,67,"1,2,3",464310,139.293,C,3,S6,1
48,78,11,100,66,41,"2,3",270600,81.18,A,1,S2,1
48,69,10,92,77,43,"2,3",304612,91.384,C,3,S6,1
48,86,12,76,72,44,"1,2,3",240768,72.23,C,3,S6,1
48,84,12,76,72,44,"1,2,3",240768,72.23,C,3,S6,1
48,105,14,108,66,48,"2,3",342144,102.643,B,2,S5,1
48,4,2,79,63,46,"1,2,3",228942,68.683,C,3,S6,1
48,102,14,108,66,48,"2,3",342144,102.643,C,3,S6,1
48,47,7,90,77,67,"1,2,3",464310,139.293,C,3,S6,1
48,72,11,100,66,41,"2,3",270600,81.18,B,2,S5,1
48,35,6,88,74,72,"1,2,3",468864,140.659,B,2,S4,1
48,31,5,72,46,27,"2,3",89424,26.827,C,3,S6,1
48,56,9,62,55,46,"1,2,3",156860,47.058,B,2,S4,1
49,63,9,101,71,49,"2,3",351379,105.414,C,3,S6,1
49,11,2,105,77,72,"1,2,3",582120,174.636,C,3,S6,1
49,4,1,91,54,45,"2,3",221130,66.339,A,1,S2,1
49,40,6,44,37,27,"1,2,3",43956,13.187,C,3,S6,1
49,6,1,91,54,45,"2,3",221130,66.339,C,3,S6,1
49,59,9,101,71,49,"2,3",351379,105.414,A,1,S2,1
49,89,13,110,71,23,3,179630,53.889,A,1,S3,1
49,46,7,79,76,54,"1,2,3",324216,97.265,A,1,S2,1
49,93,14,75,39,34,"2,3",99450,29.835,A,1,S2,1
49,25,4,109,76,59,"1,2,3",488756,146.627,B,2,S4,1
49,2,1,91,54,45,"2,3",221130,66.339,B,2,S5,1
49,12,2,105,77,72,"1,2,3",582120,174.636,B,2,S4,1
49,86,13,110,71,23,3,179630,53.889,A,1,S1,1
49,73,11,105,43,22,"2,3",99330,29.799,B,2,S5,1
49,64,9,101,71,49,"2,3",351379,105.414,B,2,S5,0
49,29,4,109,76,59,"1,2,3",488756,146.627,B,2,S5,1
49,15,2,105,77,72,"1,2,3",582120,174.636,B,2,S5,1
49,53,8,116,78,20,3,180960,54.288,B,2,S4,1
49,51,7,79,76,54,"1,2,3",324216,97.265,B,2,S5,1
49,76,12,107,84,61,"1,2,3",548268,164.48,A,1,S3,0
49,80,12,107,84,61,"1,2,3",548268,164.48,C,3,S6,1
49,88,13,110,71,23,3,179630,53.889,C,3,S6,1
49,38,6,44,37,27,"1,2,3",43956,13.187,B,2,S4,1
49,91,13,110,71,23,3,179630,53.889,B,2,S5,1
49,20,3,79,78,48,"1,2,3",295776,88.733,C,3,S6,1
49,77,12,107,84,61,"1,2,3",548268,164.48,C,3,S6,1
49,24,4,109,76,59,"1,2,3",488756,146.627,C,3,S6,1
49,10,2,105,77,72,"1,2,3",582120,174.636,C,3,S6,0
49,90,13,110,71,23,3,179630,53.889,B,2,S4,1
49,82,12,107,84,61,"1,2,3",548268,164.48,B,2,S4,1
49,66,9,101,71,49,"2,3",351379,105.414,B,2,S4,1
49,42,6,44,37,27,"1,2,3",43956,13.187,A,1,S3,1
49,9,1,91,54,45,"2,3",221130,66.339,B,2,S4,1
49,102,15,73,47,32,"2,3",109792,32.938,B,2,S4,1
49,94,14,75,39,34,"2,3",99450,29.835,B,2,S4,1
49,70,11,105,43,22,"2,3",99330,29.799,A,1,S3,0
49,60,9,101,71,49,"2,3",351379,105.414,A,1,S2,1
49,13,2,105,77,72,"1,2,3",582120,174.636,A,1,S3,1
49,34,5,48,37,30,"1,2,3",53280,15.984,A,1,S1,1
49,36,5,48,37,30,"1,2,3",53280,15.984,C,3,S6,1
49,8,1,91,54,45,"2,3",221130,66.339,C,3,S6,1
49,101,15,73,47,32,"2,3",109792,32.938,B,2,S5,1
49,17,3,79,78,48,"1,2,3",295776,88.733,B,2,S5,1
49,103,15,73,47,32,"2,3",109792,32.938,B,2,S4,1
49,22,4,109,76,59,"1,2,3",488756,146.627,B,2,S4,1
49,108,15,73,47,32,"2,3",109792,32.938,B,2,S5,1
49,100,14,75,39,34,"2,3",99450,29.835,A,1,S3,1
49,7,1,91,54,45,"2,3",221130,66.339,B,2,S5,1
49,55,8,116,78,20,3,180960,54.288,B,2,S5,1
49,97,14,75,39,34,"2,3",99450,29.835,A,1,S1,1
49,95,14,75,39,34,"2,3",99450,29.835,A,1,S3,1
49,107,15,73,47,32,"2,3",109792,32.938,A,1,S2,1
49,19,3,79,78,48,"1,2,3",295776,88.733,A,1,S3,1
49,57,8,116,78,20,3,180960,54.288,A,1,S3,0
49,106,15,73,47,32,"2,3",109792,32.938,A,1,S2,1
49,52,8,116,78,20,3,180960,54.288,A,1,S2,1
49,28,4,109,76,59,"1,2,3",488756,146.627,B,2,S4,1
49,83,12,107,84,61,"1,2,3",548268,164.48,B,2,S5,0
49,16,3,79,78,48,"1,2,3",295776,88.733,B,2,S4,1
49,1,1,91,54,45,"2,3",221130,66.339,B,2,S4,0
49,105,15,73,47,32,"2,3",109792,32.938,B,2,S4,0
49,41,6,44,37,27,"1,2,3",43956,13.187,B,2,S5,1
49,54,8,116,78,20,3,180960,54.288,C,3,S6,1
49,62,9,101,71,49,"2,3",351379,105.414,C,3,S6,1
49,81,12,107,84,61,"1,2,3",548268,164.48,B,2,S4,1
49,96,14,75,39,34,"2,3",99450,29.835,B,2,S4,1
49,21,3,79,78,48,"1,2,3",295776,88.733,A,1,S2,1
49,45,7,79,76,54,"1,2,3",324216,97.265,A,1,S2,1
49,74,11,105,43,22,"2,3",99330,29.799,A,1,S1,1
49,75,12,107,84,61,"1,2,3",548268,164.48,A,1,S3,1
49,98,14,75,39,34,"2,3",99450,29.835,B,2,S4,1
49,35,5,48,37,30,"1,2,3",53280,15.984,B,2,S4,1
49,58,9,101,71,49,"2,3",351379,105.414,B,2,S4,1
49,3,1,91,54,45,"2,3",221130,66.339,B,2,S4,1
49,44,7,79,76,54,"1,2,3",324216,97.265,A,1,S2,1
49,43,7,79,76,54,"1,2,3",324216,97.265,B,2,S5,0
49,71,11,105,43,22,"2,3",99330,29.799,B,2,S5,1
49,18,3,79,78,48,"1,2,3",295776,88.733,A,1,S1,1
49,50,7,79,76,54,"1,2,3",324216,97.265,C,3,S6,1
49,84,12,107,84,61,"1,2,3",548268,164.48,C,3,S6,1
49,72,11,105,43,22,"2,3",99330,29.799,C,3,S6,0
49,32,5,48,37,30,"1,2,3",53280,15.984,A,1,S1,1
49,85,13,110,71,23,3,179630,53.889,C,3,S6,1
49,23,4,109,76,59,"1,2,3",488756,146.627,A,1,S3,1
49,37,5,48,37,30,"1,2,3",53280,15.984,A,1,S1,1
49,47,7,79,76,54,"1,2,3",324216,97.265,A,1,S3,1
49,92,14,75,39,34,"2,3",99450,29.835,A,1,S2,1
49,65,9,101,71,49,"2,3",351379,105.414,A,1,S3,1
49,5,1,91,54,45,"2,3",221130,66.339,A,1,S1,1
49,99,14,75,39,34,"2,3",99450,29.835,C,3,S6,1
49,79,12,107,84,61,"1,2,3",548268,164.48,C,3,S6,1
49,56,8,116,78,20,3,180960,54.288,A,1,S2,1
49,49,7,79,76,54,"1,2,3",324216,97.265,A,1,S2,1
49,68,11,105,43,22,"2,3",99330,29.799,A,1,S1,1
49,14,2,105,77,72,"1,2,3",582120,174.636,C,3,S6,1
49,48,7,79,76,54,"1,2,3",324216,97.265,A,1,S3,0
49,61,9,101,71,49,"2,3",351379,105.414,A,1,S2,1
49,27,4,109,76,59,"1,2,3",488756,146.627,C,3,S6,1
49,33,5,48,37,30,"1,2,3",53280,15.984,C,3,S6,1
49,31,4,109,76,59,"1,2,3",488756,146.627,C,3,S6,1
49,30,4,109,76,59,"1,2,3",488756,146.627,C,3,S6,1
49,78,12,107,84,61,"1,2,3",548268,164.48,C,3,S6,1
49,69,11,105,43,22,"2,3",99330,29.799,C,3,S6,1
49,67,10,102,100,49,3,499800,149.94,A,1,S3,1
49,87,13,110,71,23,3,179630,53.889,A,1,S1,1
49,39,6,44,37,27,"1,2,3",43956,13.187,A,1,S2,1
49,104,15,73,47,32,"2,3",109792,32.938,A,1,S3,1
49,26,4,109,76,59,"1,2,3",488756,146.627,A,1,S2,1
50,32,4,81,56,40,"2,3",181440,54.432,C,3,S6,1
50,64,7,108,85,20,3,183600,55.08,B,2,S4,1
50,75,9,66,35,26,"2,3",60060,18.018,B,2,S5,1
50,140,15,103,84,69,"1,2,3",596988,179.096,B,2,S5,1
50,77,9,66,35,26,"2,3",60060,18.018,B,2,S5,1
50,83,10,69,32,20,"2,3",44160,13.248,B,2,S5,1
50,125,13,40,34,30,"1,2,3",40800,12.24,B,2,S4,1
50,111,12,95,77,47,"2,3",343805,103.142,B,2,S5,1
50,70,8,97,66,45,"2,3",288090,86.427,A,1,S2,1
50,41,4,81,56,40,"2,3",181440,54.432,A,1,S3,1
50,52,5,119,34,25,"2,3",101150,30.345,B,2,S5,1
50,100,11,78,63,38,"2,3",186732,56.02,B,2,S5,0
50,93,11,78,63,38,"2,3",186732,56.02,B,2,S4,1
50,95,11,78,63,38,"2,3",186732,56.02,C,3,S6,1
50,109,12,95,77,47,"2,3",343805,103.142,B,2,S5,1
50,81,10,69,32,20,"2,3",44160,13.248,B,2,S5,1
50,73,9,66,35,26,"2,3",60060,18.018,A,1,S3,1
50,11,2,98,75,55,"1,2,3",404250,121.275,B,2,S4,1
50,61,6,107,61,42,"2,3",274134,82.24,B,2,S5,1
50,30,4,81,56,40,"2,3",181440,54.432,C,3,S6,1
50,121,13,40,34,30,"1,2,3",40800,12.24,C,3,S6,1
50,86,10,69,32,20,"2,3",44160,13.248,C,3,S6,1
50,66,7,108,85,20,3,183600,55.08,A,1,S3,1
50,35,4,81,56,40,"2,3",181440,54.432,A,1,S3,1
50,2,1,60,40,32,"1,2,3",76800,23.04,C,3,S6,1
50,36,4,81,56,40,"2,3",181440,54.432,A,1,S3,1
50,98,11,78,63,38,"2,3",186732,56.02,A,1,S3,1
50,53,6,107,61,42,"2,3",274134,82.24,B,2,S5,0
50,38,4,81,56,40,"2,3",181440,54.432,C,3,S6,1
50,18,3,60,59,39,"1,2,3",138060,41.418,B,2,S5,1
50,112,12,95,77,47,"2,3",343805,103.142,B,2,S5,1
50,131,14,88,42,20,3,73920,22.176,A,1,S1,0
50,1,1,60,40,32,"1,2,3",76800,23.04,B,2,S5,1
50,143,15,103,84,69,"1,2,3",596988,179.096,B,2,S5,1
50,144,15,103,84,69,"1,2,3",596988,179.096,C,3,S6,0
50,46,5,119,34,25,"2,3",101150,30.345,B,2,S5,0
50,115,12,95,77,47,"2,3",343805,103.142,A,1,S1,1
50,141,15,103,84,69,"1,2,3",596988,179.096,A,1,S2,1
50,101,11,78,63,38,"2,3",186732,56.02,B,2,S5,0
50,62,6,107,61,42,"2,3",274134,82.24,A,1,S2,1
50,5,1,60,40,32,"1,2,3",76800,23.04,A,1,S1,1
50,4,1,60,40,32,"1,2,3",76800,23.04,A,1,S3,1
50,123,13,40,34,30,"1,2,3",40800,12.24,B,2,S5,1
50,24,3,60,59,39,"1,2,3",138060,41.418,A,1,S2,1
50,65,7,108,85,20,3,183600,55.08,A,1,S3,1
50,122,13,40,34,30,"1,2,3",40800,12.24,A,1,S3,1
50,107,12,95,77,47,"2,3",343805,103.142,A,1,S2,0
50,136,15,103,84,69,"1,2,3",596988,179.096,A,1,S1,1
50,126,14,88,42,20,3,73920,22.176,B,2,S4,1
50,99,11,78,63,38,"2,3",186732,56.02,B,2,S4,1
50,55,6,107,61,42,"2,3",274134,82.24,A,1,S3,1
50,133,14,88,42,20,3,73920,22.176,B,2,S4,1
50,103,11,78,63,38,"2,3",186732,56.02,B,2,S5,1
50,57,6,107,61,42,"2,3",274134,82.24,B,2,S4,1
50,56,6,107,61,42,"2,3",274134,82.24,B,2,S4,1
50,84,10,69,32,20,"2,3",44160,13.248,B,2,S4,0
50,19,3,60,59,39,"1,2,3",138060,41.418,C,3,S6,1
50,92,11,78,63,38,"2,3",186732,56.02,C,3,S6,1
50,58,6,107,61,42,"2,3",274134,82.24,A,1,S1,1
50,68,8,97,66,45,"2,3",288090,86.427,A,1,S1,1
50,134,14,88,42,20,3,73920,22.176,B,2,S5,1
50,72,8,97,66,45,"2,3",288090,86.427,B,2,S5,1
50,33,4,81,56,40,"2,3",181440,54.432,A,1,S3,1
50,97,11,78,63,38,"2,3",186732,56.02,A,1,S3,1
50,110,12,95,77,47,"2,3",343805,103.142,B,2,S4,1
50,85,10,69,32,20,"2,3",44160,13.248,B,2,S4,1
50,7,1,60,40,32,"1,2,3",76800,23.04,B,2,S5,1
50,31,4,81,56,40,"2,3",181440,54.432,B,2,S4,1
50,60,6,107,61,42,"2,3",274134,82.24,A,1,S1,1
50,48,5,119,34,25,"2,3",101150,30.345,A,1,S3,1
50,14,2,98,75,55,"1,2,3",404250,121.275,A,1,S2,1
50,138,15,103,84,69,"1,2,3",596988,179.096,A,1,S3,1
50,127,14,88,42,20,3,73920,22.176,A,1,S3,1
50,137,15,103,84,69,"1,2,3",596988,179.096,B,2,S4,1
50,17,3,60,59,39,"1,2,3",138060,41.418,B,2,S5,1
50,79,10,69,32,20,"2,3",44160,13.248,A,1,S3,1
50,25,3,60,59,39,"1,2,3",138060,41.418,C,3,S6,1
50,50,5,119,34,25,"2,3",101150,30.345,C,3,S6,1
50,34,4,81,56,40,"2,3",181440,54.432,C,3,S6,1
50,9,2,98,75,55,"1,2,3",404250,121.275,C,3,S6,1
50,88,10,69,32,20,"2,3",44160,13.248,B,2,S4,1
50,26,4,81,56,40,"2,3",181440,54.432,B,2,S5,1
50,116,12,95,77,47,"2,3",343805,103.142,C,3,S6,1
50,6,1,60,40,32,"1,2,3",76800,23.04,C,3,S6,1
50,106,12,95,77,47,"2,3",343805,103.142,C,3,S6,1
50,12,2,98,75,55,"1,2,3",404250,121.275,C,3,S6,1
50,114,12,95,77,47,"2,3",343805,103.142,A,1,S2,1
50,129,14,88,42,20,3,73920,22.176,A,1,S1,1
50,40,4,81,56,40,"2,3",181440,54.432,B,2,S4,1
50,29,4,81,56,40,"2,3",181440,54.432,B,2,S4,1
50,76,9,66,35,26,"2,3",60060,18.018,C,3,S6,1
50,13,2,98,75,55,"1,2,3",404250,121.275,B,2,S4,1
50,27,4,81,56,40,"2,3",181440,54.432,B,2,S4,1
50,135,14,88,42,20,3,73920,22.176,B,2,S5,0
50,28,4,81,56,40,"2,3",181440,54.432,B,2,S4,1
50,23,3,60,59,39,"1,2,3",138060,41.418,B,2,S5,1
50,117,12,95,77,47,"2,3",343805,103.142,B,2,S4,0
50,45,5,119,34,25,"2,3",101150,30.345,C,3,S6,1
50,59,6,107,61,42,"2,3",274134,82.24,B,2,S5,1
50,105,12,95,77,47,"2,3",343805,103.142,B,2,S5,1
50,15,2,98,75,55,"1,2,3",404250,121.275,B,2,S5,1
50,120,13,40,34,30,"1,2,3",40800,12.24,C,3,S6,1
50,47,5,119,34,25,"2,3",101150,30.345,C,3,S6,1
50,128,14,88,42,20,3,73920,22.176,B,2,S5,1
50,142,15,103,84,69,"1,2,3",596988,179.096,C,3,S6,1
50,124,13,40,34,30,"1,2,3",40800,12.24,C,3,S6,0
50,22,3,60,59,39,"1,2,3",138060,41.418,A,1,S2,1
50,10,2,98,75,55,"1,2,3",404250,121.275,C,3,S6,1
50,102,11,78,63,38,"2,3",186732,56.02,A,1,S2,1
50,87,10,69,32,20,"2,3",44160,13.248,A,1,S1,1
50,139,15,103,84,69,"1,2,3",596988,179.096,A,1,S3,0
50,39,4,81,56,40,"2,3",181440,54.432,C,3,S6,1
50,67,7,108,85,20,3,183600,55.08,C,3,S6,1
50,74,9,66,35,26,"2,3",60060,18.018,A,1,S1,1
50,118,12,95,77,47,"2,3",343805,103.142,A,1,S3,1
50,8,2,98,75,55,"1,2,3",404250,121.275,A,1,S2,1
50,119,13,40,34,30,"1,2,3",40800,12.24,A,1,S2,1
50,104,12,95,77,47,"2,3",343805,103.142,C,3,S6,1
50,80,10,69,32,20,"2,3",44160,13.248,C,3,S6,1
50,113,12,95,77,47,"2,3",343805,103.142,A,1,S3,1
50,44,5,119,34,25,"2,3",101150,30.345,A,1,S3,1
50,42,4,81,56,40,"2,3",181440,54.432,C,3,S6,1
50,78,9,66,35,26,"2,3",60060,18.018,C,3,S6,1
50,71,8,97,66,45,"2,3",288090,86.427,C,3,S6,1
50,63,7,108,85,20,3,183600,55.08,C,3,S6,1
50,16,2,98,75,55,"1,2,3",404250,121.275,C,3,S6,1
50,89,10,69,32,20,"2,3",44160,13.248,C,3,S6,1
50,43,5,119,34,25,"2,3",101150,30.345,C,3,S6,1
50,145,15,103,84,69,"1,2,3",596988,179.096,A,1,S3,1
50,54,6,107,61,42,"2,3",274134,82.24,A,1,S2,1
50,90,10,69,32,20,"2,3",44160,13.248,A,1,S3,1
50,21,3,60,59,39,"1,2,3",138060,41.418,A,1,S3,1
50,82,10,69,32,20,"2,3",44160,13.248,A,1,S1,1
50,108,12,95,77,47,"2,3",343805,103.142,A,1,S1,1
50,69,8,97,66,45,"2,3",288090,86.427,A,1,S3,0
50,51,5,119,34,25,"2,3",101150,30.345,A,1,S3,1
50,96,11,78,63,38,"2,3",186732,56.02,A,1,S1,1
50,132,14,88,42,20,3,73920,22.176,A,1,S3,1
50,91,11,78,63,38,"2,3",186732,56.02,A,1,S3,1
50,37,4,81,56,40,"2,3",181440,54.432,A,1,S2,1
50,3,1,60,40,32,"1,2,3",76800,23.04,A,1,S2,1
50,49,5,119,34,25,"2,3",101150,30.345,A,1,S2,0
50,130,14,88,42,20,3,73920,22.176,A,1,S3,1
50,20,3,60,59,39,"1,2,3",138060,41.418,A,1,S3,1
50,94,11,78,63,38,"2,3",186732,56.02,A,1,S3,1
51,163,14,101,68,62,"1,2,3",425816,127.745,A,1,S3,1
51,11,2,97,73,49,"1,2,3",346969,104.091,A,1,S2,1
51,130,11,82,54,51,"1,2,3",225828,67.748,C,3,S6,0
51,47,5,109,63,37,"2,3",254079,76.224,C,3,S6,1
51,116,10,53,40,36,"1,2,3",76320,22.896,A,1,S1,1
51,139,12,77,33,31,"2,3",78771,23.631,B,2,S5,0
51,46,4,52,37,20,"2,3",38480,11.544,C,3,S6,1
51,56,5,109,63,37,"2,3",254079,76.224,C,3,S6,1
51,99,9,98,42,30,"2,3",123480,37.044,B,2,S5,1
51,71,7,95,72,22,3,150480,45.144,C,3,S6,1
51,19,3,69,60,43,"1,2,3",178020,53.406,C,3,S6,0
51,69,6,79,57,24,3,108072,32.422,C,3,S6,0
51,106,9,98,42,30,"2,3",123480,37.044,A,1,S2,1
51,9,2,97,73,49,"1,2,3",346969,104.091,C,3,S6,1
51,165,14,101,68,62,"1,2,3",425816,127.745,B,2,S4,1
51,65,6,79,57,24,3,108072,32.422,B,2,S5,1
51,15,3,69,60,43,"1,2,3",178020,53.406,B,2,S5,1
51,147,13,66,56,49,"1,2,3",181104,54.331,B,2,S5,1
51,151,13,66,56,49,"1,2,3",181104,54.331,C,3,S6,1
51,2,1,66,64,36,"1,2,3",152064,45.619,A,1,S3,1
51,98,8,65,50,39,"1,2,3",126750,38.025,B,2,S5,1
51,20,3,69,60,43,"1,2,3",178020,53.406,A,1,S1,1
51,17,3,69,60,43,"1,2,3",178020,53.406,B,2,S4,1
51,166,15,82,64,46,"1,2,3",241408,72.422,B,2,S5,1
51,164,14,101,68,62,"1,2,3",425816,127.745,C,3,S6,1
51,126,11,82,54,51,"1,2,3",225828,67.748,B,2,S4,1
51,149,13,66,56,49,"1,2,3",181104,54.331,A,1,S2,1
51,43,4,52,37,20,"2,3",38480,11.544,C,3,S6,1
51,121,10,53,40,36,"1,2,3",76320,22.896,C,3,S6,1
51,100,9,98,42,30,"2,3",123480,37.044,A,1,S3,1
51,152,13,66,56,49,"1,2,3",181104,54.331,B,2,S4,1
51,145,13,66,56,49,"1,2,3",181104,54.331,C,3,S6,1
51,23,3,69,60,43,"1,2,3",178020,53.406,C,3,S6,1
51,131,11,82,54,51,"1,2,3",225828,67.748,C,3,S6,1
51,127,11,82,54,51,"1,2,3",225828,67.748,A,1,S1,1
51,29,3,69,60,43,"1,2,3",178020,53.406,A,1,S1,1
51,54,5,109,63,37,"2,3",254079,76.224,A,1,S1,1
51,144,13,66,56,49,"1,2,3",181104,54.331,B,2,S4,1
51,36,4,52,37,20,"2,3",38480,11.544,B,2,S5,1
51,79,7,95,72,22,3,150480,45.144,A,1,S3,1
51,102,9,98,42,30,"2,3",123480,37.044,A,1,S2,1
51,24,3,69,60,43,"1,2,3",178020,53.406,A,1,S3,1
51,8,1,66,64,36,"1,2,3",152064,45.619,C,3,S6,1
51,134,12,77,33,31,"2,3",78771,23.631,A,1,S2,1
51,135,12,77,33,31,"2,3",78771,23.631,A,1,S2,1
51,7,1,66,64,36,"1,2,3",152064,45.619,A,1,S2,1
51,162,14,101,68,62,"1,2,3",425816,127.745,A,1,S2,1
51,49,5,109,63,37,"2,3",254079,76.224,A,1,S1,1
51,21,3,69,60,43,"1,2,3",178020,53.406,A,1,S1,1
51,34,4,52,37,20,"2,3",38480,11.544,A,1,S2,1
51,132,11,82,54,51,"1,2,3",225828,67.748,A,1,S3,1
51,115,10,53,40,36,"1,2,3",76320,22.896,B,2,S5,1
51,161,14,101,68,62,"1,2,3",425816,127.745,C,3,S6,1
51,155,13,66,56,49,"1,2,3",181104,54.331,C,3,S6,1
51,173,15,82,64,46,"1,2,3",241408,72.422,C,3,S6,1
51,122,11,82,54,51,"1,2,3",225828,67.748,A,1,S3,1
51,73,7,95,72,22,3,150480,45.144,B,2,S4,0
51,62,6,79,57,24,3,108072,32.422,B,2,S4,1
51,18,3,69,60,43,"1,2,3",178020,53.406,B,2,S4,1
51,42,4,52,37,20,"2,3",38480,11.544,B,2,S5,1
51,51,5,109,63,37,"2,3",254079,76.224,B,2,S5,1
51,83,7,95,72,22,3,150480,45.144,B,2,S4,1
51,30,3,69,60,43,"1,2,3",178020,53.406,B,2,S5,1
51,75,7,95,72,22,3,150480,45.144,B,2,S5,1
51,159,14,101,68,62,"1,2,3",425816,127.745,B,2,S4,0
51,107,9,98,42,30,"2,3",123480,37.044,A,1,S2,1
51,112,10,53,40,36,"1,2,3",76320,22.896,A,1,S1,1
51,167,15,82,64,46,"1,2,3",241408,72.422,A,1,S2,1
51,77,7,95,72,22,3,150480,45.144,A,1,S3,1
51,171,15,82,64,46,"1,2,3",241408,72.422,A,1,S3,1
51,59,6,79,57,24,3,108072,32.422,A,1,S2,1
51,10,2,97,73,49,"1,2,3",346969,104.091,A,1,S3,1
51,114,10,53,40,36,"1,2,3",76320,22.896,A,1,S3,1
51,109,9,98,42,30,"2,3",123480,37.044,A,1,S2,1
51,128,11,82,54,51,"1,2,3",225828,67.748,A,1,S2,1
51,158,14,101,68,62,"1,2,3",425816,127.745,A,1,S2,1
51,4,1,66,64,36,"1,2,3",152064,45.619,A,1,S1,1
51,113,10,53,40,36,"1,2,3",76320,22.896,A,1,S1,1
51,97,8,65,50,39,"1,2,3",126750,38.025,A,1,S1,1
51,143,13,66,56,49,"1,2,3",181104,54.331,A,1,S1,1
51,110,9,98,42,30,"2,3",123480,37.044,A,1,S2,1
51,48,5,109,63,37,"2,3",254079,76.224,C,3,S6,1
51,37,4,52,37,20,"2,3",38480,11.544,C,3,S6,1
51,153,13,66,56,49,"1,2,3",181104,54.331,C,3,S6,1
51,174,15,82,64,46,"1,2,3",241408,72.422,A,1,S2,1
51,67,6,79,57,24,3,108072,32.422,C,3,S6,1
51,6,1,66,64,36,"1,2,3",152064,45.619,B,2,S5,1
51,44,4,52,37,20,"2,3",38480,11.544,B,2,S5,1
51,74,7,95,72,22,3,150480,45.144,C,3,S6,1
51,41,4,52,37,20,"2,3",38480,11.544,C,3,S6,1
51,172,15,82,64,46,"1,2,3",241408,72.422,A,1,S2,0
51,72,7,95,72,22,3,150480,45.144,B,2,S4,0
51,16,3,69,60,43,"1,2,3",178020,53.406,A,1,S3,1
51,148,13,66,56,49,"1,2,3",181104,54.331,C,3,S6,0
51,32,3,69,60,43,"1,2,3",178020,53.406,A,1,S1,1
51,141,12,77,33,31,"2,3",78771,23.631,C,3,S6,0
51,156,14,101,68,62,"1,2,3",425816,127.745,C,3,S6,1
51,63,6,79,57,24,3,108072,32.422,C,3,S6,1
51,108,9,98,42,30,"2,3",123480,37.044,C,3,S6,1
51,86,7,95,72,22,3,150480,45.144,C,3,S6,1
51,64,6,79,57,24,3,108072,32.422,C,3,S6,1
51,146,13,66,56,49,"1,2,3",181104,54.331,C,3,S6,0
51,111,10,53,40,36,"1,2,3",76320,22.896,A,1,S1,1
51,13,2,97,73,49,"1,2,3",346969,104.091,B,2,S4,1
51,92,8,65,50,39,"1,2,3",126750,38.025,A,1,S3,1
51,119,10,53,40,36,"1,2,3",76320,22.896,A,1,S3,1
51,117,10,53,40,36,"1,2,3",76320,22.896,A,1,S2,1
51,76,7,95,72,22,3,150480,45.144,A,1,S3,1
51,133,11,82,54,51,"1,2,3",225828,67.748,B,2,S5,1
51,52,5,109,63,37,"2,3",254079,76.224,B,2,S5,1
51,33,4,52,37,20,"2,3",38480,11.544,A,1,S3,1
51,14,2,97,73,49,"1,2,3",346969,104.091,C,3,S6,1
51,60,6,79,57,24,3,108072,32.422,C,3,S6,1
51,3,1,66,64,36,"1,2,3",152064,45.619,C,3,S6,1
51,118,10,53,40,36,"1,2,3",76320,22.896,A,1,S2,1
51,1,1,66,64,36,"1,2,3",152064,45.619,A,1,S3,0
51,57,5,109,63,37,"2,3",254079,76.224,C,3,S6,1
51,150,13,66,56,49,"1,2,3",181104,54.331,B,2,S5,1
51,82,7,95,72,22,3,150480,45.144,A,1,S1,1
51,157,14,101,68,62,"1,2,3",425816,127.745,A,1,S1,0
51,84,7,95,72,22,3,150480,45.144,B,2,S4,1
51,123,11,82,54,51,"1,2,3",225828,67.748,B,2,S5,1
51,95,8,65,50,39,"1,2,3",126750,38.025,B,2,S5,1
51,28,3,69,60,43,"1,2,3",178020,53.406,B,2,S4,1
51,136,12,77,33,31,"2,3",78771,23.631,A,1,S3,1
51,22,3,69,60,43,"1,2,3",178020,53.406,A,1,S2,1
51,53,5,109,63,37,"2,3",254079,76.224,A,1,S2,1
51,50,5,109,63,37,"2,3",254079,76.224,A,1,S2,0
51,31,3,69,60,43,"1,2,3",178020,53.406,A,1,S2,1
51,68,6,79,57,24,3,108072,32.422,B,2,S5,1
51,40,4,52,37,20,"2,3",38480,11.544,B,2,S5,1
51,12,2,97,73,49,"1,2,3",346969,104.091,B,2,S4,1
51,104,9,98,42,30,"2,3",123480,37.044,C,3,S6,1
51,105,9,98,42,30,"2,3",123480,37.044,A,1,S3,1
51,26,3,69,60,43,"1,2,3",178020,53.406,A,1,S3,0
51,168,15,82,64,46,"1,2,3",241408,72.422,B,2,S5,1
51,93,8,65,50,39,"1,2,3",126750,38.025,B,2,S4,1
51,140,12,77,33,31,"2,3",78771,23.631,A,1,S2,1
51,78,7,95,72,22,3,150480,45.144,A,1,S1,1
51,160,14,101,68,62,"1,2,3",425816,127.745,A,1,S2,1
51,89,8,65,50,39,"1,2,3",126750,38.025,C,3,S6,1
51,5,1,66,64,36,"1,2,3",152064,45.619,C,3,S6,1
51,142,12,77,33,31,"2,3",78771,23.631,A,1,S3,1
51,90,8,65,50,39,"1,2,3",126750,38.025,A,1,S2,1
51,154,13,66,56,49,"1,2,3",181104,54.331,A,1,S1,1
51,170,15,82,64,46,"1,2,3",241408,72.422,B,2,S4,1
51,175,15,82,64,46,"1,2,3",241408,72.422,B,2,S4,1
51,38,4,52,37,20,"2,3",38480,11.544,B,2,S5,1
51,61,6,79,57,24,3,108072,32.422,A,1,S1,1
51,39,4,52,37,20,"2,3",38480,11.544,A,1,S2,0
51,81,7,95,72,22,3,150480,45.144,A,1,S1,0
51,55,5,109,63,37,"2,3",254079,76.224,A,1,S1,1
51,169,15,82,64,46,"1,2,3",241408,72.422,B,2,S5,1
51,96,8,65,50,39,"1,2,3",126750,38.025,B,2,S4,1
51,85,7,95,72,22,3,150480,45.144,B,2,S4,1
51,137,12,77,33,31,"2,3",78771,23.631,B,2,S4,1
51,101,9,98,42,30,"2,3",123480,37.044,B,2,S5,1
51,25,3,69,60,43,"1,2,3",178020,53.406,B,2,S4,1
51,80,7,95,72,22,3,150480,45.144,B,2,S5,1
51,125,11,82,54,51,"1,2,3",225828,67.748,B,2,S4,1
51,70,6,79,57,24,3,108072,32.422,B,2,S4,1
51,88,8,65,50,39,"1,2,3",126750,38.025,B,2,S4,1
51,58,6,79,57,24,3,108072,32.422,C,3,S6,1
51,27,3,69,60,43,"1,2,3",178020,53.406,B,2,S4,1
51,66,6,79,57,24,3,108072,32.422,B,2,S4,1
51,103,9,98,42,30,"2,3",123480,37.044,B,2,S4,1
51,87,7,95,72,22,3,150480,45.144,C,3,S6,1
51,129,11,82,54,51,"1,2,3",225828,67.748,B,2,S4,1
51,120,10,53,40,36,"1,2,3",76320,22.896,C,3,S6,1
51,94,8,65,50,39,"1,2,3",126750,38.025,B,2,S5,1
51,91,8,65,50,39,"1,2,3",126750,38.025,B,2,S5,1
51,45,4,52,37,20,"2,3",38480,11.544,C,3,S6,0
51,35,4,52,37,20,"2,3",38480,11.544,B,2,S5,1
51,124,11,82,54,51,"1,2,3",225828,67.748,B,2,S4,1
51,138,12,77,33,31,"2,3",78771,23.631,B,2,S5,1
52,114,13,73,64,26,3,121472,36.442,A,1,S1,1
52,107,12,108,49,42,"2,3",222264,66.679,B,2,S4,1
52,96,12,108,49,42,"2,3",222264,66.679,B,2,S5,1
52,121,13,73,64,26,3,121472,36.442,B,2,S4,0
52,90,11,115,70,25,3,201250,60.375,C,3,S6,1
52,68,9,85,84,58,"1,2,3",414120,124.236,C,3,S6,1
52,50,6,72,51,48,"1,2,3",176256,52.877,A,1,S3,1
52,41,5,100,40,39,"2,3",156000,46.8,B,2,S5,1
52,136,15,83,62,60,"1,2,3",308760,92.628,B,2,S4,1
52,66,8,85,58,35,"2,3",172550,51.765,A,1,S2,1
52,60,7,36,28,24,"1,2,3",24192,7.258,A,1,S3,1
52,32,4,114,94,61,"1,2,3",653676,196.103,A,1,S3,1
52,130,15,83,62,60,"1,2,3",308760,92.628,A,1,S1,1
52,87,10,95,48,24,3,109440,32.832,A,1,S3,1
52,125,14,68,54,35,"1,2,3",128520,38.556,B,2,S5,1
52,57,7,36,28,24,"1,2,3",24192,7.258,B,2,S5,1
52,111,13,73,64,26,3,121472,36.442,A,1,S1,1
52,40,5,100,40,39,"2,3",156000,46.8,A,1,S3,0
52,118,13,73,64,26,3,121472,36.442,B,2,S5,1
52,49,6,72,51,48,"1,2,3",176256,52.877,B,2,S4,1
52,84,10,95,48,24,3,109440,32.832,C,3,S6,1
52,93,11,115,70,25,3,201250,60.375,C,3,S6,1
52,119,13,73,64,26,3,121472,36.442,B,2,S5,1
52,3,1,96,72,31,3,214272,64.282,A,1,S2,1
52,54,7,36,28,24,"1,2,3",24192,7.258,B,2,S5,1
52,98,12,108,49,42,"2,3",222264,66.679,A,1,S1,1
52,94,12,108,49,42,"2,3",222264,66.679,C,3,S6,1
52,126,14,68,54,35,"1,2,3",128520,38.556,B,2,S5,1
52,39,5,100,40,39,"2,3",156000,46.8,B,2,S4,1
52,27,4,114,94,61,"1,2,3",653676,196.103,B,2,S4,1
52,76,9,85,84,58,"1,2,3",414120,124.236,B,2,S4,1
52,5,1,96,72,31,3,214272,64.282,B,2,S5,1
52,8,1,96,72,31,3,214272,64.282,A,1,S2,1
52,21,3,80,25,20,"2,3",40000,12.0,B,2,S4,1
52,24,3,80,25,20,"2,3",40000,12.0,C,3,S6,1
52,88,11,115,70,25,3,201250,60.375,A,1,S2,0
52,53,7,36,28,24,"1,2,3",24192,7.258,A,1,S1,1
52,100,12,108,49,42,"2,3",222264,66.679,A,1,S3,1
52,97,12,108,49,42,"2,3",222264,66.679,A,1,S2,1
52,11,2,75,72,47,"1,2,3",253800,76.14,B,2,S4,1
52,33,4,114,94,61,"1,2,3",653676,196.103,B,2,S4,1
52,22,3,80,25,20,"2,3",40000,12.0,B,2,S5,0
52,123,14,68,54,35,"1,2,3",128520,38.556,B,2,S5,1
52,110,13,73,64,26,3,121472,36.442,C,3,S6,1
52,79,10,95,48,24,3,109440,32.832,B,2,S5,1
52,42,5,100,40,39,"2,3",156000,46.8,B,2,S4,0
52,106,12,108,49,42,"2,3",222264,66.679,B,2,S4,0
52,139,15,83,62,60,"1,2,3",308760,92.628,A,1,S1,1
52,82,10,95,48,24,3,109440,32.832,C,3,S6,1
52,29,4,114,94,61,"1,2,3",653676,196.103,C,3,S6,1
52,37,5,100,40,39,"2,3",156000,46.8,A,1,S1,1
52,61,7,36,28,24,"1,2,3",24192,7.258,A,1,S2,1
52,46,6,72,51,48,"1,2,3",176256,52.877,C,3,S6,1
52,129,15,83,62,60,"1,2,3",308760,92.628,B,2,S5,1
52,75,9,85,84,58,"1,2,3",414120,124.236,A,1,S1,1
52,9,2,75,72,47,"1,2,3",253800,76.14,A,1,S1,1
52,23,3,80,25,20,"2,3",40000,12.0,B,2,S5,1
52,81,10,95,48,24,3,109440,32.832,A,1,S3,1
52,78,9,85,84,58,"1,2,3",414120,124.236,A,1,S3,1
52,108,13,73,64,26,3,121472,36.442,B,2,S5,1
52,67,8,85,58,35,"2,3",172550,51.765,C,3,S6,1
52,36,5,100,40,39,"2,3",156000,46.8,A,1,S3,1
52,101,12,108,49,42,"2,3",222264,66.679,B,2,S5,1
52,16,3,80,25,20,"2,3",40000,12.0,C,3,S6,1
52,122,14,68,54,35,"1,2,3",128520,38.556,A,1,S2,1
52,86,10,95,48,24,3,109440,32.832,A,1,S1,1
52,109,13,73,64,26,3,121472,36.442,A,1,S2,1
52,45,5,100,40,39,"2,3",156000,46.8,A,1,S1,1
52,134,15,83,62,60,"1,2,3",308760,92.628,C,3,S6,1
52,4,1,96,72,31,3,214272,64.282,B,2,S5,1
52,17,3,80,25,20,"2,3",40000,12.0,B,2,S4,1
52,62,8,85,58,35,"2,3",172550,51.765,B,2,S4,1
52,112,13,73,64,26,3,121472,36.442,A,1,S3,1
52,56,7,36,28,24,"1,2,3",24192,7.258,B,2,S4,1
52,73,9,85,84,58,"1,2,3",414120,124.236,B,2,S4,1
52,132,15,83,62,60,"1,2,3",308760,92.628,C,3,S6,1
52,6,1,96,72,31,3,214272,64.282,C,3,S6,1
52,47,6,72,51,48,"1,2,3",176256,52.877,A,1,S2,1
52,103,12,108,49,42,"2,3",222264,66.679,B,2,S5,1
52,1,1,96,72,31,3,214272,64.282,B,2,S4,1
52,131,15,83,62,60,"1,2,3",308760,92.628,B,2,S4,0
52,80,10,95,48,24,3,109440,32.832,A,1,S3,1
52,13,2,75,72,47,"1,2,3",253800,76.14,A,1,S1,1
52,113,13,73,64,26,3,121472,36.442,A,1,S3,1
52,128,14,68,54,35,"1,2,3",128520,38.556,B,2,S4,1
52,105,12,108,49,42,"2,3",222264,66.679,B,2,S5,1
52,85,10,95,48,24,3,109440,32.832,A,1,S3,1
52,35,4,114,94,61,"1,2,3",653676,196.103,C,3,S6,0
52,10,2,75,72,47,"1,2,3",253800,76.14,A,1,S3,1
52,63,8,85,58,35,"2,3",172550,51.765,B,2,S4,0
52,52,6,72,51,48,"1,2,3",176256,52.877,B,2,S4,1
52,18,3,80,25,20,"2,3",40000,12.0,B,2,S5,1
52,30,4,114,94,61,"1,2,3",653676,196.103,B,2,S5,1
52,20,3,80,25,20,"2,3",40000,12.0,B,2,S4,1
52,77,9,85,84,58,"1,2,3",414120,124.236,B,2,S5,1
52,58,7,36,28,24,"1,2,3",24192,7.258,C,3,S6,1
52,43,5,100,40,39,"2,3",156000,46.8,B,2,S4,1
52,34,4,114,94,61,"1,2,3",653676,196.103,B,2,S5,1
52,12,2,75,72,47,"1,2,3",253800,76.14,B,2,S5,0
52,7,1,96,72,31,3,214272,64.282,B,2,S5,1
52,55,7,36,28,24,"1,2,3",24192,7.258,B,2,S4,1
52,116,13,73,64,26,3,121472,36.442,C,3,S6,1
52,83,10,95,48,24,3,109440,32.832,A,1,S2,1
52,91,11,115,70,25,3,201250,60.375,A,1,S3,1
52,127,14,68,54,35,"1,2,3",128520,38.556,A,1,S1,1
52,51,6,72,51,48,"1,2,3",176256,52.877,A,1,S2,1
52,28,4,114,94,61,"1,2,3",653676,196.103,A,1,S3,1
52,72,9,85,84,58,"1,2,3",414120,124.236,C,3,S6,1
52,89,11,115,70,25,3,201250,60.375,C,3,S6,1
52,31,4,114,94,61,"1,2,3",653676,196.103,A,1,S2,0
52,19,3,80,25,20,"2,3",40000,12.0,A,1,S2,1
52,64,8,85,58,35,"2,3",172550,51.765,A,1,S3,1
52,135,15,83,62,60,"1,2,3",308760,92.628,A,1,S3,1
52,48,6,72,51,48,"1,2,3",176256,52.877,A,1,S1,1
52,74,9,85,84,58,"1,2,3",414120,124.236,A,1,S2,1
52,2,1,96,72,31,3,214272,64.282,A,1,S2,1
52,140,15,83,62,60,"1,2,3",308760,92.628,A,1,S1,1
52,25,3,80,25,20,"2,3",40000,12.0,A,1,S3,1
52,137,15,83,62,60,"1,2,3",308760,92.628,A,1,S1,0
52,120,13,73,64,26,3,121472,36.442,A,1,S1,1
52,70,9,85,84,58,"1,2,3",414120,124.236,A,1,S2,1
52,95,12,108,49,42,"2,3",222264,66.679,A,1,S1,1
52,38,5,100,40,39,"2,3",156000,46.8,A,1,S3,1
52,133,15,83,62,60,"1,2,3",308760,92.628,A,1,S2,1
52,99,12,108,49,42,"2,3",222264,66.679,A,1,S1,0
52,117,13,73,64,26,3,121472,36.442,C,3,S6,1
52,69,9,85,84,58,"1,2,3",414120,124.236,C,3,S6,1
52,124,14,68,54,35,"1,2,3",128520,38.556,C,3,S6,1
52,15,2,75,72,47,"1,2,3",253800,76.14,C,3,S6,1
52,102,12,108,49,42,"2,3",222264,66.679,C,3,S6,1
52,59,7,36,28,24,"1,2,3",24192,7.258,C,3,S6,1
52,14,2,75,72,47,"1,2,3",253800,76.14,C,3,S6,1
52,138,15,83,62,60,"1,2,3",308760,92.628,C,3,S6,1
52,71,9,85,84,58,"1,2,3",414120,124.236,C,3,S6,1
52,65,8,85,58,35,"2,3",172550,51.765,C,3,S6,1
52,115,13,73,64,26,3,121472,36.442,C,3,S6,1
52,104,12,108,49,42,"2,3",222264,66.679,C,3,S6,1
52,44,5,100,40,39,"2,3",156000,46.8,C,3,S6,0
52,92,11,115,70,25,3,201250,60.375,C,3,S6,1
52,26,3,80,25,20,"2,3",40000,12.0,C,3,S6,1
53,74,9,74,71,50,"1,2,3",262700,78.81,A,1,S3,1
53,95,12,65,54,47,"1,2,3",164970,49.491,B,2,S4,1
53,87,11,89,45,26,"2,3",104130,31.239,B,2,S5,1
53,127,15,55,44,42,"1,2,3",101640,30.492,B,2,S4,1
53,6,1,78,37,27,"2,3",77922,23.377,C,3,S6,1
53,30,3,90,84,41,3,309960,92.988,C,3,S6,1
53,110,13,79,62,28,3,137144,41.143,C,3,S6,1
53,94,12,65,54,47,"1,2,3",164970,49.491,C,3,S6,1
53,69,8,105,80,77,"1,2,3",646800,194.04,B,2,S5,0
53,15,2,89,70,25,3,155750,46.725,C,3,S6,1
53,119,14,84,40,35,"2,3",117600,35.28,B,2,S5,1
53,62,7,90,37,25,"2,3",83250,24.975,B,2,S4,1
53,70,8,105,80,77,"1,2,3",646800,194.04,A,1,S3,1
53,23,3,90,84,41,3,309960,92.988,A,1,S2,1
53,31,3,90,84,41,3,309960,92.988,A,1,S3,1
53,56,7,90,37,25,"2,3",83250,24.975,C,3,S6,1
53,10,2,89,70,25,3,155750,46.725,B,2,S5,1
53,59,7,90,37,25,"2,3",83250,24.975,C,3,S6,1
53,45,5,91,77,44,"2,3",308308,92.492,C,3,S6,1
53,16,2,89,70,25,3,155750,46.725,B,2,S4,0
53,65,8,105,80,77,"1,2,3",646800,194.04,A,1,S2,1
53,82,10,62,57,55,"1,2,3",194370,58.311,B,2,S4,1
53,115,14,84,40,35,"2,3",117600,35.28,B,2,S5,1
53,39,4,85,75,42,"2,3",267750,80.325,B,2,S5,1
53,55,6,114,87,71,"1,2,3",704178,211.253,A,1,S3,1
53,93,11,89,45,26,"2,3",104130,31.239,A,1,S1,1
53,51,6,114,87,71,"1,2,3",704178,211.253,A,1,S2,1
53,84,11,89,45,26,"2,3",104130,31.239,A,1,S3,1
53,2,1,78,37,27,"2,3",77922,23.377,B,2,S5,1
53,86,11,89,45,26,"2,3",104130,31.239,B,2,S4,1
53,96,12,65,54,47,"1,2,3",164970,49.491,C,3,S6,1
53,112,13,79,62,28,3,137144,41.143,A,1,S3,1
53,18,2,89,70,25,3,155750,46.725,A,1,S3,1
53,88,11,89,45,26,"2,3",104130,31.239,A,1,S2,1
53,54,6,114,87,71,"1,2,3",704178,211.253,A,1,S3,1
53,77,9,74,71,50,"1,2,3",262700,78.81,B,2,S5,1
53,9,2,89,70,25,3,155750,46.725,A,1,S2,1
53,124,15,55,44,42,"1,2,3",101640,30.492,A,1,S3,1
53,113,14,84,40,35,"2,3",117600,35.28,A,1,S1,1
53,12,2,89,70,25,3,155750,46.725,A,1,S3,1
53,107,13,79,62,28,3,137144,41.143,A,1,S1,1
53,104,13,79,62,28,3,137144,41.143,C,3,S6,1
53,68,8,105,80,77,"1,2,3",646800,194.04,C,3,S6,1
53,28,3,90,84,41,3,309960,92.988,A,1,S3,1
53,26,3,90,84,41,3,309960,92.988,B,2,S5,1
53,27,3,90,84,41,3,309960,92.988,B,2,S4,1
53,72,8,105,80,77,"1,2,3",646800,194.04,B,2,S5,0
53,120,14,84,40,35,"2,3",117600,35.28,B,2,S4,1
53,98,12,65,54,47,"1,2,3",164970,49.491,A,1,S1,0
53,33,3,90,84,41,3,309960,92.988,A,1,S2,1
53,101,13,79,62,28,3,137144,41.143,C,3,S6,1
53,102,13,79,62,28,3,137144,41.143,C,3,S6,1
53,105,13,79,62,28,3,137144,41.143,C,3,S6,1
53,61,7,90,37,25,"2,3",83250,24.975,B,2,S5,1
53,7,1,78,37,27,"2,3",77922,23.377,B,2,S5,0
53,126,15,55,44,42,"1,2,3",101640,30.492,B,2,S4,1
53,103,13,79,62,28,3,137144,41.143,B,2,S5,1
53,116,14,84,40,35,"2,3",117600,35.28,C,3,S6,1
53,71,8,105,80,77,"1,2,3",646800,194.04,C,3,S6,1
53,108,13,79,62,28,3,137144,41.143,B,2,S5,1
53,34,3,90,84,41,3,309960,92.988,B,2,S4,1
53,99,12,65,54,47,"1,2,3",164970,49.491,B,2,S5,1
53,43,5,91,77,44,"2,3",308308,92.492,A,1,S1,1
53,125,15,55,44,42,"1,2,3",101640,30.492,A,1,S2,1
53,47,5,91,77,44,"2,3",308308,92.492,A,1,S2,1
53,24,3,90,84,41,3,309960,92.988,C,3,S6,1
53,111,13,79,62,28,3,137144,41.143,C,3,S6,0
53,85,11,89,45,26,"2,3",104130,31.239,C,3,S6,1
53,60,7,90,37,25,"2,3",83250,24.975,C,3,S6,1
53,90,11,89,45,26,"2,3",104130,31.239,C,3,S6,1
53,48,5,91,77,44,"2,3",308308,92.492,A,1,S2,1
53,76,9,74,71,50,"1,2,3",262700,78.81,A,1,S1,1
53,37,4,85,75,42,"2,3",267750,80.325,B,2,S5,1
53,117,14,84,40,35,"2,3",117600,35.28,B,2,S4,0
53,91,11,89,45,26,"2,3",104130,31.239,B,2,S5,1
53,5,1,78,37,27,"2,3",77922,23.377,A,1,S2,1
53,32,3,90,84,41,3,309960,92.988,C,3,S6,1
53,17,2,89,70,25,3,155750,46.725,C,3,S6,1
53,22,2,89,70,25,3,155750,46.725,A,1,S2,1
53,1,1,78,37,27,"2,3",77922,23.377,A,1,S1,1
53,128,15,55,44,42,"1,2,3",101640,30.492,B,2,S5,1
53,52,6,114,87,71,"1,2,3",704178,211.253,B,2,S4,1
53,81,10,62,57,55,"1,2,3",194370,58.311,A,1,S1,1
53,42,5,91,77,44,"2,3",308308,92.492,A,1,S2,1
53,58,7,90,37,25,"2,3",83250,24.975,A,1,S3,1
53,100,12,65,54,47,"1,2,3",164970,49.491,A,1,S3,0
53,44,5,91,77,44,"2,3",308308,92.492,A,1,S3,0
53,19,2,89,70,25,3,155750,46.725,A,1,S2,1
53,121,15,55,44,42,"1,2,3",101640,30.492,C,3,S6,1
53,49,5,91,77,44,"2,3",308308,92.492,B,2,S5,1
53,78,9,74,71,50,"1,2,3",262700,78.81,A,1,S1,1
53,67,8,105,80,77,"1,2,3",646800,194.04,B,2,S4,1
53,13,2,89,70,25,3,155750,46.725,A,1,S3,1
53,46,5,91,77,44,"2,3",308308,92.492,A,1,S3,1
53,25,3,90,84,41,3,309960,92.988,A,1,S1,1
53,114,14,84,40,35,"2,3",117600,35.28,A,1,S2,1
53,64,8,105,80,77,"1,2,3",646800,194.04,B,2,S4,1
53,118,14,84,40,35,"2,3",117600,35.28,B,2,S5,1
53,66,8,105,80,77,"1,2,3",646800,194.04,C,3,S6,1
53,20,2,89,70,25,3,155750,46.725,B,2,S5,1
53,50,6,114,87,71,"1,2,3",704178,211.253,B,2,S5,1
53,97,12,65,54,47,"1,2,3",164970,49.491,C,3,S6,1
53,106,13,79,62,28,3,137144,41.143,C,3,S6,1
53,35,3,90,84,41,3,309960,92.988,B,2,S5,1
53,122,15,55,44,42,"1,2,3",101640,30.492,B,2,S4,1
53,53,6,114,87,71,"1,2,3",704178,211.253,B,2,S4,1
53,83,11,89,45,26,"2,3",104130,31.239,B,2,S5,1
53,109,13,79,62,28,3,137144,41.143,A,1,S1,1
53,73,9,74,71,50,"1,2,3",262700,78.81,A,1,S3,1
53,57,7,90,37,25,"2,3",83250,24.975,B,2,S4,1
53,14,2,89,70,25,3,155750,46.725,C,3,S6,1
53,36,4,85,75,42,"2,3",267750,80.325,C,3,S6,1
53,92,11,89,45,26,"2,3",104130,31.239,C,3,S6,0
53,89,11,89,45,26,"2,3",104130,31.239,C,3,S6,0
53,63,7,90,37,25,"2,3",83250,24.975,A,1,S3,1
53,3,1,78,37,27,"2,3",77922,23.377,A,1,S1,1
53,123,15,55,44,42,"1,2,3",101640,30.492,C,3,S6,0
53,80,10,62,57,55,"1,2,3",194370,58.311,A,1,S3,1
53,40,4,85,75,42,"2,3",267750,80.325,A,1,S3,0
53,79,9,74,71,50,"1,2,3",262700,78.81,A,1,S1,1
53,21,2,89,70,25,3,155750,46.725,A,1,S1,1
53,41,5,91,77,44,"2,3",308308,92.492,A,1,S2,1
53,29,3,90,84,41,3,309960,92.988,A,1,S2,1
53,38,4,85,75,42,"2,3",267750,80.325,A,1,S1,1
53,11,2,89,70,25,3,155750,46.725,B,2,S5,1
53,75,9,74,71,50,"1,2,3",262700,78.81,B,2,S4,1
53,4,1,78,37,27,"2,3",77922,23.377,B,2,S5,1
53,8,2,89,70,25,3,155750,46.725,B,2,S4,1
54,56,5,81,54,47,"1,2,3",205578,61.673,C,3,S6,1
54,118,10,120,63,28,3,211680,63.504,A,1,S1,1
54,152,14,94,58,26,3,141752,42.526,A,1,S3,1
54,32,3,101,66,61,"1,2,3",406626,121.988,A,1,S3,1
54,145,13,98,94,45,3,414540,124.362,A,1,S1,1
54,96,8,95,65,34,"2,3",209950,62.985,C,3,S6,1
54,144,13,98,94,45,3,414540,124.362,A,1,S2,1
54,4,1,99,68,23,3,154836,46.451,C,3,S6,1
54,108,9,105,57,29,"2,3",173565,52.069,C,3,S6,1
54,164,15,113,81,51,"2,3",466803,140.041,A,1,S3,1
54,87,7,54,46,27,"2,3",67068,20.12,B,2,S5,1
54,70,6,86,34,25,"2,3",73100,21.93,B,2,S5,1
54,37,3,101,66,61,"1,2,3",406626,121.988,B,2,S5,1
54,153,14,94,58,26,3,141752,42.526,B,2,S5,1
54,120,10,120,63,28,3,211680,63.504,A,1,S2,1
54,99,8,95,65,34,"2,3",209950,62.985,A,1,S3,1
54,8,1,99,68,23,3,154836,46.451,A,1,S3,1
54,109,9,105,57,29,"2,3",173565,52.069,C,3,S6,1
54,151,14,94,58,26,3,141752,42.526,C,3,S6,1
54,27,2,68,52,40,"1,2,3",141440,42.432,C,3,S6,1
54,18,2,68,52,40,"1,2,3",141440,42.432,C,3,S6,1
54,49,4,57,56,22,3,70224,21.067,A,1,S1,1
54,65,5,81,54,47,"1,2,3",205578,61.673,A,1,S2,1
54,21,2,68,52,40,"1,2,3",141440,42.432,A,1,S2,1
54,6,1,99,68,23,3,154836,46.451,A,1,S3,1
54,113,9,105,57,29,"2,3",173565,52.069,C,3,S6,1
54,5,1,99,68,23,3,154836,46.451,C,3,S6,0
54,52,4,57,56,22,3,70224,21.067,C,3,S6,1
54,17,1,99,68,23,3,154836,46.451,C,3,S6,1
54,55,5,81,54,47,"1,2,3",205578,61.673,B,2,S5,1
54,38,3,101,66,61,"1,2,3",406626,121.988,B,2,S5,1
54,16,1,99,68,23,3,154836,46.451,B,2,S4,1
54,104,9,105,57,29,"2,3",173565,52.069,C,3,S6,1
54,135,12,78,65,21,3,106470,31.941,A,1,S2,1
54,102,8,95,65,34,"2,3",209950,62.985,C,3,S6,0
54,68,6,86,34,25,"2,3",73100,21.93,C,3,S6,1
54,115,9,105,57,29,"2,3",173565,52.069,A,1,S3,1
54,2,1,99,68,23,3,154836,46.451,A,1,S2,1
54,40,4,57,56,22,3,70224,21.067,C,3,S6,1
54,146,13,98,94,45,3,414540,124.362,A,1,S3,1
54,88,7,54,46,27,"2,3",67068,20.12,C,3,S6,0
54,71,6,86,34,25,"2,3",73100,21.93,A,1,S1,0
54,36,3,101,66,61,"1,2,3",406626,121.988,B,2,S5,0
54,24,2,68,52,40,"1,2,3",141440,42.432,B,2,S4,1
54,160,15,113,81,51,"2,3",466803,140.041,B,2,S5,1
54,47,4,57,56,22,3,70224,21.067,A,1,S3,1
54,125,11,64,62,42,"1,2,3",166656,49.997,A,1,S3,1
54,54,5,81,54,47,"1,2,3",205578,61.673,A,1,S3,0
54,165,15,113,81,51,"2,3",466803,140.041,A,1,S3,1
54,98,8,95,65,34,"2,3",209950,62.985,A,1,S3,1
54,61,5,81,54,47,"1,2,3",205578,61.673,A,1,S1,0
54,116,9,105,57,29,"2,3",173565,52.069,A,1,S2,1
54,97,8,95,65,34,"2,3",209950,62.985,B,2,S5,1
54,101,8,95,65,34,"2,3",209950,62.985,B,2,S5,1
54,34,3,101,66,61,"1,2,3",406626,121.988,A,1,S3,1
54,77,7,54,46,27,"2,3",67068,20.12,A,1,S2,1
54,156,14,94,58,26,3,141752,42.526,C,3,S6,1
54,103,8,95,65,34,"2,3",209950,62.985,C,3,S6,1
54,141,12,78,65,21,3,106470,31.941,C,3,S6,1
54,154,14,94,58,26,3,141752,42.526,C,3,S6,1
54,126,11,64,62,42,"1,2,3",166656,49.997,C,3,S6,1
54,14,1,99,68,23,3,154836,46.451,C,3,S6,1
54,44,4,57,56,22,3,70224,21.067,C,3,S6,1
54,62,5,81,54,47,"1,2,3",205578,61.673,C,3,S6,1
54,157,14,94,58,26,3,141752,42.526,C,3,S6,1
54,95,8,95,65,34,"2,3",209950,62.985,C,3,S6,1
54,11,1,99,68,23,3,154836,46.451,B,2,S5,1
54,114,9,105,57,29,"2,3",173565,52.069,A,1,S3,1
54,58,5,81,54,47,"1,2,3",205578,61.673,B,2,S4,0
54,33,3,101,66,61,"1,2,3",406626,121.988,B,2,S5,1
54,131,11,64,62,42,"1,2,3",166656,49.997,B,2,S4,1
54,9,1,99,68,23,3,154836,46.451,B,2,S4,1
54,138,12,78,65,21,3,106470,31.941,B,2,S5,1
54,133,12,78,65,21,3,106470,31.941,B,2,S4,1
54,75,6,86,34,25,"2,3",73100,21.93,B,2,S5,1
54,84,7,54,46,27,"2,3",67068,20.12,B,2,S5,1
54,122,10,120,63,28,3,211680,63.504,A,1,S2,1
54,159,14,94,58,26,3,141752,42.526,B,2,S4,1
54,26,2,68,52,40,"1,2,3",141440,42.432,C,3,S6,1
54,121,10,120,63,28,3,211680,63.504,C,3,S6,1
54,59,5,81,54,47,"1,2,3",205578,61.673,A,1,S3,1
54,150,13,98,94,45,3,414540,124.362,A,1,S1,1
54,111,9,105,57,29,"2,3",173565,52.069,A,1,S3,1
54,63,5,81,54,47,"1,2,3",205578,61.673,A,1,S3,1
54,73,6,86,34,25,"2,3",73100,21.93,A,1,S1,1
54,76,6,86,34,25,"2,3",73100,21.93,C,3,S6,0
54,91,8,95,65,34,"2,3",209950,62.985,A,1,S3,1
54,85,7,54,46,27,"2,3",67068,20.12,C,3,S6,1
54,45,4,57,56,22,3,70224,21.067,B,2,S5,1
54,41,4,57,56,22,3,70224,21.067,A,1,S3,1
54,148,13,98,94,45,3,414540,124.362,A,1,S1,1
54,162,15,113,81,51,"2,3",466803,140.041,A,1,S1,1
54,1,1,99,68,23,3,154836,46.451,B,2,S4,1
54,69,6,86,34,25,"2,3",73100,21.93,B,2,S4,1
54,10,1,99,68,23,3,154836,46.451,B,2,S5,1
54,39,3,101,66,61,"1,2,3",406626,121.988,B,2,S5,1
54,143,13,98,94,45,3,414540,124.362,C,3,S6,1
54,42,4,57,56,22,3,70224,21.067,C,3,S6,1
54,25,2,68,52,40,"1,2,3",141440,42.432,C,3,S6,0
54,19,2,68,52,40,"1,2,3",141440,42.432,B,2,S5,1
54,28,2,68,52,40,"1,2,3",141440,42.432,B,2,S5,1
54,117,10,120,63,28,3,211680,63.504,C,3,S6,1
54,106,9,105,57,29,"2,3",173565,52.069,C,3,S6,1
54,105,9,105,57,29,"2,3",173565,52.069,A,1,S3,1
54,51,4,57,56,22,3,70224,21.067,A,1,S1,1
54,93,8,95,65,34,"2,3",209950,62.985,A,1,S3,1
54,23,2,68,52,40,"1,2,3",141440,42.432,A,1,S1,1
54,53,4,57,56,22,3,70224,21.067,B,2,S4,1
54,132,11,64,62,42,"1,2,3",166656,49.997,B,2,S4,1
54,129,11,64,62,42,"1,2,3",166656,49.997,B,2,S4,1
54,60,5,81,54,47,"1,2,3",205578,61.673,B,2,S5,1
54,31,3,101,66,61,"1,2,3",406626,121.988,B,2,S5,1
54,50,4,57,56,22,3,70224,21.067,C,3,S6,1
54,35,3,101,66,61,"1,2,3",406626,121.988,C,3,S6,1
54,94,8,95,65,34,"2,3",209950,62.985,C,3,S6,1
54,92,8,95,65,34,"2,3",209950,62.985,C,3,S6,1
54,3,1,99,68,23,3,154836,46.451,C,3,S6,1
54,149,13,98,94,45,3,414540,124.362,B,2,S5,1
54,89,7,54,46,27,"2,3",67068,20.12,A,1,S1,1
54,13,1,99,68,23,3,154836,46.451,A,1,S2,1
54,74,6,86,34,25,"2,3",73100,21.93,A,1,S3,1
54,46,4,57,56,22,3,70224,21.067,B,2,S5,1
54,127,11,64,62,42,"1,2,3",166656,49.997,B,2,S4,1
54,136,12,78,65,21,3,106470,31.941,B,2,S5,0
54,140,12,78,65,21,3,106470,31.941,B,2,S4,1
54,79,7,54,46,27,"2,3",67068,20.12,B,2,S4,1
54,119,10,120,63,28,3,211680,63.504,B,2,S4,1
54,137,12,78,65,21,3,106470,31.941,B,2,S4,1
54,124,10,120,63,28,3,211680,63.504,B,2,S4,1
54,43,4,57,56,22,3,70224,21.067,B,2,S5,1
54,100,8,95,65,34,"2,3",209950,62.985,B,2,S5,0
54,15,1,99,68,23,3,154836,46.451,A,1,S2,1
54,90,7,54,46,27,"2,3",67068,20.12,B,2,S4,1
54,82,7,54,46,27,"2,3",67068,20.12,B,2,S5,1
54,86,7,54,46,27,"2,3",67068,20.12,B,2,S5,1
54,22,2,68,52,40,"1,2,3",141440,42.432,A,1,S3,1
54,123,10,120,63,28,3,211680,63.504,B,2,S5,1
54,128,11,64,62,42,"1,2,3",166656,49.997,B,2,S4,0
54,83,7,54,46,27,"2,3",67068,20.12,B,2,S4,1
54,142,12,78,65,21,3,106470,31.941,B,2,S5,1
54,163,15,113,81,51,"2,3",466803,140.041,B,2,S5,1
54,7,1,99,68,23,3,154836,46.451,B,2,S5,1
54,161,15,113,81,51,"2,3",466803,140.041,B,2,S5,1
54,155,14,94,58,26,3,141752,42.526,B,2,S5,1
54,12,1,99,68,23,3,154836,46.451,B,2,S4,1
54,147,13,98,94,45,3,414540,124.362,B,2,S4,0
54,57,5,81,54,47,"1,2,3",205578,61.673,A,1,S1,1
54,80,7,54,46,27,"2,3",67068,20.12,A,1,S1,1
54,20,2,68,52,40,"1,2,3",141440,42.432,A,1,S2,1
54,30,3,101,66,61,"1,2,3",406626,121.988,A,1,S1,1
54,29,2,68,52,40,"1,2,3",141440,42.432,A,1,S2,1
54,130,11,64,62,42,"1,2,3",166656,49.997,A,1,S2,1
54,112,9,105,57,29,"2,3",173565,52.069,A,1,S1,1
54,139,12,78,65,21,3,106470,31.941,A,1,S1,1
54,110,9,105,57,29,"2,3",173565,52.069,A,1,S2,0
54,64,5,81,54,47,"1,2,3",205578,61.673,A,1,S2,1
54,72,6,86,34,25,"2,3",73100,21.93,A,1,S2,1
54,134,12,78,65,21,3,106470,31.941,A,1,S2,0
54,78,7,54,46,27,"2,3",67068,20.12,A,1,S3,1
54,67,6,86,34,25,"2,3",73100,21.93,A,1,S2,1
54,66,6,86,34,25,"2,3",73100,21.93,A,1,S2,1
54,107,9,105,57,29,"2,3",173565,52.069,A,1,S2,1
54,158,14,94,58,26,3,141752,42.526,A,1,S1,1
54,48,4,57,56,22,3,70224,21.067,A,1,S1,1
54,81,7,54,46,27,"2,3",67068,20.12,A,1,S1,1
55,122,12,108,77,37,3,307692,92.308,C,3,S6,1
55,31,3,111,49,21,3,114219,34.266,A,1,S2,1
55,125,13,108,62,57,"1,2,3",381672,114.502,A,1,S1,1
55,134,14,73,61,31,"2,3",138043,41.413,C,3,S6,1
55,36,4,119,63,37,"2,3",277389,83.217,C,3,S6,1
55,38,4,119,63,37,"2,3",277389,83.217,C,3,S6,0
55,115,12,108,77,37,3,307692,92.308,B,2,S4,1
55,51,5,72,50,30,"2,3",108000,32.4,C,3,S6,1
55,143,15,92,46,43,"2,3",181976,54.593,C,3,S6,1
55,37,4,119,63,37,"2,3",277389,83.217,C,3,S6,1
55,74,8,54,49,38,"1,2,3",100548,30.164,B,2,S4,1
55,91,9,69,46,44,"1,2,3",139656,41.897,A,1,S3,1
55,11,1,100,94,28,3,263200,78.96,A,1,S2,1
55,30,3,111,49,21,3,114219,34.266,A,1,S3,1
55,24,3,111,49,21,3,114219,34.266,B,2,S5,1
55,9,1,100,94,28,3,263200,78.96,B,2,S4,1
55,6,1,100,94,28,3,263200,78.96,A,1,S3,1
55,4,1,100,94,28,3,263200,78.96,B,2,S5,1
55,79,8,54,49,38,"1,2,3",100548,30.164,B,2,S5,1
55,84,9,69,46,44,"1,2,3",139656,41.897,B,2,S4,1
55,68,7,108,55,29,"2,3",172260,51.678,B,2,S4,0
55,15,2,81,78,66,"1,2,3",416988,125.096,A,1,S2,1
55,129,13,108,62,57,"1,2,3",381672,114.502,B,2,S5,1
55,45,5,72,50,30,"2,3",108000,32.4,B,2,S4,1
55,137,15,92,46,43,"2,3",181976,54.593,A,1,S3,1
55,77,8,54,49,38,"1,2,3",100548,30.164,A,1,S3,0
55,27,3,111,49,21,3,114219,34.266,A,1,S1,1
55,93,10,88,71,61,"1,2,3",381128,114.338,A,1,S1,1
55,136,15,92,46,43,"2,3",181976,54.593,A,1,S1,1
55,144,15,92,46,43,"2,3",181976,54.593,A,1,S2,1
55,10,1,100,94,28,3,263200,78.96,A,1,S3,0
55,92,9,69,46,44,"1,2,3",139656,41.897,B,2,S5,1
55,141,15,92,46,43,"2,3",181976,54.593,A,1,S2,0
55,123,13,108,62,57,"1,2,3",381672,114.502,A,1,S2,1
55,48,5,72,50,30,"2,3",108000,32.4,A,1,S3,1
55,142,15,92,46,43,"2,3",181976,54.593,A,1,S1,1
55,126,13,108,62,57,"1,2,3",381672,114.502,B,2,S5,1
55,85,9,69,46,44,"1,2,3",139656,41.897,C,3,S6,1
55,82,8,54,49,38,"1,2,3",100548,30.164,B,2,S5,1
55,112,11,83,58,35,"2,3",168490,50.547,B,2,S4,1
55,86,9,69,46,44,"1,2,3",139656,41.897,A,1,S1,1
55,114,12,108,77,37,3,307692,92.308,A,1,S2,1
55,100,11,83,58,35,"2,3",168490,50.547,A,1,S2,1
55,90,9,69,46,44,"1,2,3",139656,41.897,C,3,S6,1
55,88,9,69,46,44,"1,2,3",139656,41.897,A,1,S1,0
55,119,12,108,77,37,3,307692,92.308,A,1,S3,0
55,32,3,111,49,21,3,114219,34.266,A,1,S1,1
55,13,2,81,78,66,"1,2,3",416988,125.096,B,2,S4,1
55,22,3,111,49,21,3,114219,34.266,B,2,S4,1
55,87,9,69,46,44,"1,2,3",139656,41.897,B,2,S5,1
55,96,10,88,71,61,"1,2,3",381128,114.338,B,2,S4,0
55,29,3,111,49,21,3,114219,34.266,A,1,S3,1
55,139,15,92,46,43,"2,3",181976,54.593,A,1,S2,1
55,17,2,81,78,66,"1,2,3",416988,125.096,A,1,S2,1
55,25,3,111,49,21,3,114219,34.266,C,3,S6,1
55,49,5,72,50,30,"2,3",108000,32.4,A,1,S3,1
55,42,5,72,50,30,"2,3",108000,32.4,A,1,S1,1
55,46,5,72,50,30,"2,3",108000,32.4,C,3,S6,0
55,5,1,100,94,28,3,263200,78.96,A,1,S1,1
55,102,11,83,58,35,"2,3",168490,50.547,B,2,S4,1
55,104,11,83,58,35,"2,3",168490,50.547,B,2,S5,1
55,26,3,111,49,21,3,114219,34.266,B,2,S4,1
55,99,11,83,58,35,"2,3",168490,50.547,B,2,S4,1
55,76,8,54,49,38,"1,2,3",100548,30.164,C,3,S6,1
55,127,13,108,62,57,"1,2,3",381672,114.502,A,1,S2,1
55,8,1,100,94,28,3,263200,78.96,A,1,S3,1
55,132,14,73,61,31,"2,3",138043,41.413,C,3,S6,1
55,52,5,72,50,30,"2,3",108000,32.4,B,2,S4,1
55,72,7,108,55,29,"2,3",172260,51.678,B,2,S4,1
55,40,4,119,63,37,"2,3",277389,83.217,B,2,S4,1
55,70,7,108,55,29,"2,3",172260,51.678,B,2,S4,1
55,130,13,108,62,57,"1,2,3",381672,114.502,B,2,S5,1
55,80,8,54,49,38,"1,2,3",100548,30.164,B,2,S4,1
55,65,7,108,55,29,"2,3",172260,51.678,B,2,S5,1
55,66,7,108,55,29,"2,3",172260,51.678,B,2,S4,0
55,19,2,81,78,66,"1,2,3",416988,125.096,B,2,S5,1
55,12,2,81,78,66,"1,2,3",416988,125.096,A,1,S3,1
55,56,6,58,58,40,"1,2,3",134560,40.368,A,1,S3,1
55,138,15,92,46,43,"2,3",181976,54.593,A,1,S1,1
55,59,6,58,58,40,"1,2,3",134560,40.368,A,1,S2,1
55,97,10,88,71,61,"1,2,3",381128,114.338,A,1,S2,1
55,62,6,58,58,40,"1,2,3",134560,40.368,A,1,S2,1
55,140,15,92,46,43,"2,3",181976,54.593,B,2,S5,1
55,118,12,108,77,37,3,307692,92.308,A,1,S2,1
55,124,13,108,62,57,"1,2,3",381672,114.502,A,1,S1,1
55,78,8,54,49,38,"1,2,3",100548,30.164,A,1,S1,1
55,1,1,100,94,28,3,263200,78.96,A,1,S1,1
55,120,12,108,77,37,3,307692,92.308,B,2,S4,1
55,121,12,108,77,37,3,307692,92.308,B,2,S4,1
55,110,11,83,58,35,"2,3",168490,50.547,B,2,S4,1
55,69,7,108,55,29,"2,3",172260,51.678,A,1,S3,1
55,98,11,83,58,35,"2,3",168490,50.547,A,1,S3,1
55,64,7,108,55,29,"2,3",172260,51.678,A,1,S1,1
55,61,6,58,58,40,"1,2,3",134560,40.368,B,2,S5,1
55,117,12,108,77,37,3,307692,92.308,B,2,S4,1
55,111,11,83,58,35,"2,3",168490,50.547,C,3,S6,1
55,101,11,83,58,35,"2,3",168490,50.547,C,3,S6,1
55,71,7,108,55,29,"2,3",172260,51.678,C,3,S6,1
55,58,6,58,58,40,"1,2,3",134560,40.368,C,3,S6,1
55,28,3,111,49,21,3,114219,34.266,C,3,S6,0
55,60,6,58,58,40,"1,2,3",134560,40.368,B,2,S5,1
55,47,5,72,50,30,"2,3",108000,32.4,A,1,S3,1
55,23,3,111,49,21,3,114219,34.266,B,2,S5,1
55,44,5,72,50,30,"2,3",108000,32.4,B,2,S5,1
55,33,4,119,63,37,"2,3",277389,83.217,C,3,S6,1
55,81,8,54,49,38,"1,2,3",100548,30.164,C,3,S6,1
55,116,12,108,77,37,3,307692,92.308,C,3,S6,1
55,20,2,81,78,66,"1,2,3",416988,125.096,C,3,S6,0
55,57,6,58,58,40,"1,2,3",134560,40.368,A,1,S2,1
55,34,4,119,63,37,"2,3",277389,83.217,A,1,S2,1
55,131,14,73,61,31,"2,3",138043,41.413,B,2,S5,1
55,55,6,58,58,40,"1,2,3",134560,40.368,A,1,S3,0
55,128,13,108,62,57,"1,2,3",381672,114.502,A,1,S2,1
55,3,1,100,94,28,3,263200,78.96,C,3,S6,1
55,106,11,83,58,35,"2,3",168490,50.547,C,3,S6,1
55,89,9,69,46,44,"1,2,3",139656,41.897,C,3,S6,1
55,105,11,83,58,35,"2,3",168490,50.547,B,2,S4,1
55,54,6,58,58,40,"1,2,3",134560,40.368,B,2,S5,1
55,73,8,54,49,38,"1,2,3",100548,30.164,B,2,S4,1
55,109,11,83,58,35,"2,3",168490,50.547,A,1,S1,1
55,2,1,100,94,28,3,263200,78.96,A,1,S1,1
55,53,5,72,50,30,"2,3",108000,32.4,A,1,S3,1
55,63,6,58,58,40,"1,2,3",134560,40.368,A,1,S3,1
55,35,4,119,63,37,"2,3",277389,83.217,A,1,S3,1
55,113,11,83,58,35,"2,3",168490,50.547,A,1,S3,1
55,95,10,88,71,61,"1,2,3",381128,114.338,A,1,S2,1
55,18,2,81,78,66,"1,2,3",416988,125.096,A,1,S2,1
55,83,9,69,46,44,"1,2,3",139656,41.897,C,3,S6,1
55,94,10,88,71,61,"1,2,3",381128,114.338,C,3,S6,1
55,135,14,73,61,31,"2,3",138043,41.413,C,3,S6,1
55,107,11,83,58,35,"2,3",168490,50.547,C,3,S6,1
55,67,7,108,55,29,"2,3",172260,51.678,B,2,S5,1
55,75,8,54,49,38,"1,2,3",100548,30.164,B,2,S4,1
55,14,2,81,78,66,"1,2,3",416988,125.096,B,2,S4,1
55,108,11,83,58,35,"2,3",168490,50.547,B,2,S5,1
55,43,5,72,50,30,"2,3",108000,32.4,B,2,S5,1
55,21,2,81,78,66,"1,2,3",416988,125.096,C,3,S6,0
55,7,1,100,94,28,3,263200,78.96,C,3,S6,1
55,133,14,73,61,31,"2,3",138043,41.413,C,3,S6,1
55,41,5,72,50,30,"2,3",108000,32.4,B,2,S4,1
55,39,4,119,63,37,"2,3",277389,83.217,C,3,S6,1
55,50,5,72,50,30,"2,3",108000,32.4,C,3,S6,1
55,103,11,83,58,35,"2,3",168490,50.547,C,3,S6,1
55,16,2,81,78,66,"1,2,3",416988,125.096,C,3,S6,1
56,1,1,90,41,34,"2,3",125460,37.638,A,1,S2,1
56,139,14,119,80,59,"2,3",561680,168.504,A,1,S1,1
56,128,14,119,80,59,"2,3",561680,168.504,A,1,S1,1
56,75,8,75,56,34,"2,3",142800,42.84,B,2,S4,0
56,116,12,89,54,48,"1,2,3",230688,69.206,A,1,S3,1
56,123,13,93,78,32,3,232128,69.638,A,1,S2,1
56,135,14,119,80,59,"2,3",561680,168.504,A,1,S1,0
56,84,9,62,34,31,"2,3",65348,19.604,C,3,S6,1
56,51,5,68,63,53,"1,2,3",227052,68.116,C,3,S6,1
56,18,1,90,41,34,"2,3",125460,37.638,A,1,S3,0
56,82,9,62,34,31,"2,3",65348,19.604,B,2,S4,1
56,151,15,80,72,42,"1,2,3",241920,72.576,B,2,S4,1
56,30,2,64,32,28,"2,3",57344,17.203,A,1,S2,1
56,14,1,90,41,34,"2,3",125460,37.638,A,1,S2,1
56,96,10,79,55,32,"2,3",139040,41.712,C,3,S6,1
56,67,7,72,64,31,3,142848,42.854,C,3,S6,1
56,13,1,90,41,34,"2,3",125460,37.638,A,1,S1,1
56,99,11,99,74,27,3,197802,59.341,A,1,S2,1
56,44,4,94,90,44,3,372240,111.672,A,1,S3,1
56,34,2,64,32,28,"2,3",57344,17.203,C,3,S6,1
56,103,11,99,74,27,3,197802,59.341,C,3,S6,1
56,79,9,62,34,31,"2,3",65348,19.604,C,3,S6,1
56,43,4,94,90,44,3,372240,111.672,C,3,S6,1
56,35,3,42,31,31,"1,2,3",40362,12.109,C,3,S6,1
56,69,7,72,64,31,3,142848,42.854,A,1,S2,1
56,145,15,80,72,42,"1,2,3",241920,72.576,A,1,S3,1
56,142,14,119,80,59,"2,3",561680,168.504,A,1,S1,1
56,101,11,99,74,27,3,197802,59.341,B,2,S5,1
56,88,9,62,34,31,"2,3",65348,19.604,B,2,S5,1
56,39,3,42,31,31,"1,2,3",40362,12.109,B,2,S5,1
56,112,12,89,54,48,"1,2,3",230688,69.206,B,2,S5,1
56,54,6,55,30,21,"2,3",34650,10.395,B,2,S5,0
56,126,13,93,78,32,3,232128,69.638,A,1,S2,1
56,23,2,64,32,28,"2,3",57344,17.203,A,1,S2,1
56,90,9,62,34,31,"2,3",65348,19.604,A,1,S2,1
56,149,15,80,72,42,"1,2,3",241920,72.576,A,1,S3,1
56,94,10,79,55,32,"2,3",139040,41.712,B,2,S5,1
56,131,14,119,80,59,"2,3",561680,168.504,C,3,S6,1
56,57,6,55,30,21,"2,3",34650,10.395,C,3,S6,1
56,33,2,64,32,28,"2,3",57344,17.203,C,3,S6,1
56,20,2,64,32,28,"2,3",57344,17.203,C,3,S6,1
56,127,14,119,80,59,"2,3",561680,168.504,C,3,S6,1
56,104,11,99,74,27,3,197802,59.341,A,1,S2,1
56,6,1,90,41,34,"2,3",125460,37.638,A,1,S1,1
56,50,5,68,63,53,"1,2,3",227052,68.116,A,1,S1,1
56,146,15,80,72,42,"1,2,3",241920,72.576,B,2,S4,1
56,118,13,93,78,32,3,232128,69.638,C,3,S6,1
56,133,14,119,80,59,"2,3",561680,168.504,B,2,S4,1
56,25,2,64,32,28,"2,3",57344,17.203,B,2,S4,1
56,147,15,80,72,42,"1,2,3",241920,72.576,B,2,S5,1
56,45,4,94,90,44,3,372240,111.672,A,1,S2,0
56,114,12,89,54,48,"1,2,3",230688,69.206,A,1,S2,1
56,129,14,119,80,59,"2,3",561680,168.504,A,1,S1,1
56,21,2,64,32,28,"2,3",57344,17.203,A,1,S3,1
56,61,7,72,64,31,3,142848,42.854,A,1,S2,1
56,2,1,90,41,34,"2,3",125460,37.638,A,1,S2,1
56,78,8,75,56,34,"2,3",142800,42.84,A,1,S2,1
56,24,2,64,32,28,"2,3",57344,17.203,A,1,S1,0
56,150,15,80,72,42,"1,2,3",241920,72.576,A,1,S1,1
56,40,3,42,31,31,"1,2,3",40362,12.109,A,1,S2,1
56,77,8,75,56,34,"2,3",142800,42.84,A,1,S2,1
56,37,3,42,31,31,"1,2,3",40362,12.109,C,3,S6,0
56,76,8,75,56,34,"2,3",142800,42.84,C,3,S6,1
56,110,12,89,54,48,"1,2,3",230688,69.206,B,2,S4,1
56,102,11,99,74,27,3,197802,59.341,B,2,S4,1
56,38,3,42,31,31,"1,2,3",40362,12.109,B,2,S5,1
56,60,6,55,30,21,"2,3",34650,10.395,C,3,S6,1
56,48,5,68,63,53,"1,2,3",227052,68.116,C,3,S6,1
56,56,6,55,30,21,"2,3",34650,10.395,C,3,S6,1
56,115,12,89,54,48,"1,2,3",230688,69.206,B,2,S5,1
56,107,12,89,54,48,"1,2,3",230688,69.206,A,1,S1,1
56,136,14,119,80,59,"2,3",561680,168.504,A,1,S3,1
56,95,10,79,55,32,"2,3",139040,41.712,A,1,S1,1
56,138,14,119,80,59,"2,3",561680,168.504,A,1,S3,1
56,117,12,89,54,48,"1,2,3",230688,69.206,C,3,S6,1
56,22,2,64,32,28,"2,3",57344,17.203,C,3,S6,1
56,63,7,72,64,31,3,142848,42.854,A,1,S3,1
56,58,6,55,30,21,"2,3",34650,10.395,C,3,S6,1
56,132,14,119,80,59,"2,3",561680,168.504,B,2,S4,1
56,148,15,80,72,42,"1,2,3",241920,72.576,C,3,S6,1
56,86,9,62,34,31,"2,3",65348,19.604,B,2,S5,1
56,52,5,68,63,53,"1,2,3",227052,68.116,B,2,S5,1
56,97,10,79,55,32,"2,3",139040,41.712,A,1,S1,1
56,26,2,64,32,28,"2,3",57344,17.203,B,2,S4,1
56,36,3,42,31,31,"1,2,3",40362,12.109,A,1,S2,1
56,59,6,55,30,21,"2,3",34650,10.395,A,1,S2,0
56,27,2,64,32,28,"2,3",57344,17.203,C,3,S6,0
56,28,2,64,32,28,"2,3",57344,17.203,C,3,S6,0
56,47,4,94,90,44,3,372240,111.672,C,3,S6,1
56,15,1,90,41,34,"2,3",125460,37.638,A,1,S1,1
56,143,15,80,72,42,"1,2,3",241920,72.576,C,3,S6,1
56,87,9,62,34,31,"2,3",65348,19.604,C,3,S6,1
56,105,11,99,74,27,3,197802,59.341,A,1,S2,1
56,5,1,90,41,34,"2,3",125460,37.638,A,1,S3,1
56,10,1,90,41,34,"2,3",125460,37.638,A,1,S3,1
56,100,11,99,74,27,3,197802,59.341,A,1,S1,1
56,141,14,119,80,59,"2,3",561680,168.504,A,1,S2,1
56,122,13,93,78,32,3,232128,69.638,C,3,S6,1
56,80,9,62,34,31,"2,3",65348,19.604,C,3,S6,1
56,134,14,119,80,59,"2,3",561680,168.504,B,2,S5,1
56,55,6,55,30,21,"2,3",34650,10.395,B,2,S5,1
56,46,4,94,90,44,3,372240,111.672,A,1,S2,0
56,119,13,93,78,32,3,232128,69.638,B,2,S5,1
56,124,13,93,78,32,3,232128,69.638,B,2,S4,1
56,70,7,72,64,31,3,142848,42.854,C,3,S6,1
56,153,15,80,72,42,"1,2,3",241920,72.576,C,3,S6,1
56,49,5,68,63,53,"1,2,3",227052,68.116,C,3,S6,1
56,98,10,79,55,32,"2,3",139040,41.712,B,2,S5,1
56,12,1,90,41,34,"2,3",125460,37.638,B,2,S4,1
56,64,7,72,64,31,3,142848,42.854,B,2,S5,1
56,65,7,72,64,31,3,142848,42.854,C,3,S6,1
56,93,10,79,55,32,"2,3",139040,41.712,C,3,S6,1
56,31,2,64,32,28,"2,3",57344,17.203,C,3,S6,1
56,16,1,90,41,34,"2,3",125460,37.638,C,3,S6,1
56,89,9,62,34,31,"2,3",65348,19.604,B,2,S4,1
56,4,1,90,41,34,"2,3",125460,37.638,B,2,S5,1
56,66,7,72,64,31,3,142848,42.854,B,2,S5,1
56,74,8,75,56,34,"2,3",142800,42.84,B,2,S5,1
56,32,2,64,32,28,"2,3",57344,17.203,A,1,S2,1
56,111,12,89,54,48,"1,2,3",230688,69.206,A,1,S2,1
56,29,2,64,32,28,"2,3",57344,17.203,A,1,S3,1
56,130,14,119,80,59,"2,3",561680,168.504,A,1,S2,1
56,92,10,79,55,32,"2,3",139040,41.712,B,2,S5,1
56,121,13,93,78,32,3,232128,69.638,A,1,S2,1
56,17,1,90,41,34,"2,3",125460,37.638,B,2,S4,1
56,11,1,90,41,34,"2,3",125460,37.638,B,2,S4,1
56,144,15,80,72,42,"1,2,3",241920,72.576,A,1,S1,1
56,53,5,68,63,53,"1,2,3",227052,68.116,A,1,S1,1
56,83,9,62,34,31,"2,3",65348,19.604,A,1,S1,1
56,7,1,90,41,34,"2,3",125460,37.638,A,1,S1,1
56,106,11,99,74,27,3,197802,59.341,A,1,S3,0
56,125,13,93,78,32,3,232128,69.638,A,1,S2,1
56,9,1,90,41,34,"2,3",125460,37.638,B,2,S4,1
56,71,8,75,56,34,"2,3",142800,42.84,B,2,S4,1
56,108,12,89,54,48,"1,2,3",230688,69.206,B,2,S5,1
56,41,4,94,90,44,3,372240,111.672,A,1,S1,1
56,72,8,75,56,34,"2,3",142800,42.84,A,1,S1,1
56,81,9,62,34,31,"2,3",65348,19.604,B,2,S5,1
56,68,7,72,64,31,3,142848,42.854,B,2,S5,1
56,62,7,72,64,31,3,142848,42.854,B,2,S5,1
56,152,15,80,72,42,"1,2,3",241920,72.576,B,2,S4,0
56,109,12,89,54,48,"1,2,3",230688,69.206,B,2,S4,1
56,3,1,90,41,34,"2,3",125460,37.638,B,2,S5,1
56,8,1,90,41,34,"2,3",125460,37.638,B,2,S4,1
56,113,12,89,54,48,"1,2,3",230688,69.206,B,2,S5,1
56,120,13,93,78,32,3,232128,69.638,B,2,S4,1
56,137,14,119,80,59,"2,3",561680,168.504,B,2,S5,1
56,91,10,79,55,32,"2,3",139040,41.712,B,2,S4,0
56,85,9,62,34,31,"2,3",65348,19.604,B,2,S5,1
56,140,14,119,80,59,"2,3",561680,168.504,B,2,S5,1
56,73,8,75,56,34,"2,3",142800,42.84,B,2,S4,1
56,42,4,94,90,44,3,372240,111.672,B,2,S4,1
56,19,2,64,32,28,"2,3",57344,17.203,B,2,S5,0
57,84,12,100,78,70,"1,2,3",546000,163.8,B,2,S4,1
57,29,5,57,53,44,"1,2,3",132924,39.877,B,2,S4,1
57,37,6,93,70,45,"2,3",292950,87.885,B,2,S5,1
57,98,14,87,54,46,"1,2,3",216108,64.832,C,3,S6,1
57,100,14,87,54,46,"1,2,3",216108,64.832,C,3,S6,1
57,45,7,73,36,33,"2,3",86724,26.017,C,3,S6,1
57,97,14,87,54,46,"1,2,3",216108,64.832,B,2,S4,1
57,26,5,57,53,44,"1,2,3",132924,39.877,B,2,S5,1
57,27,5,57,53,44,"1,2,3",132924,39.877,B,2,S5,1
57,58,9,93,89,78,"1,2,3",645606,193.682,B,2,S4,0
57,48,7,73,36,33,"2,3",86724,26.017,B,2,S5,1
57,86,13,53,47,34,"1,2,3",84694,25.408,B,2,S4,1
57,66,10,113,87,65,"1,2,3",639015,191.704,B,2,S4,1
57,7,2,73,62,54,"1,2,3",244404,73.321,B,2,S5,1
57,57,9,93,89,78,"1,2,3",645606,193.682,C,3,S6,1
57,2,1,85,73,40,"2,3",248200,74.46,A,1,S3,1
57,91,13,53,47,34,"1,2,3",84694,25.408,C,3,S6,1
57,105,15,52,41,37,"1,2,3",78884,23.665,A,1,S3,1
57,20,4,75,61,24,3,109800,32.94,C,3,S6,1
57,64,10,113,87,65,"1,2,3",639015,191.704,C,3,S6,1
57,107,15,52,41,37,"1,2,3",78884,23.665,B,2,S5,1
57,41,6,93,70,45,"2,3",292950,87.885,B,2,S4,1
57,18,4,75,61,24,3,109800,32.94,A,1,S3,1
57,24,5,57,53,44,"1,2,3",132924,39.877,B,2,S4,1
57,21,4,75,61,24,3,109800,32.94,B,2,S4,1
57,25,5,57,53,44,"1,2,3",132924,39.877,B,2,S4,1
57,3,1,85,73,40,"2,3",248200,74.46,C,3,S6,1
57,6,2,73,62,54,"1,2,3",244404,73.321,A,1,S3,1
57,40,6,93,70,45,"2,3",292950,87.885,A,1,S3,1
57,56,8,95,80,75,"1,2,3",570000,171.0,A,1,S2,1
57,75,11,72,46,30,"2,3",99360,29.808,A,1,S3,1
57,51,8,95,80,75,"1,2,3",570000,171.0,A,1,S3,1
57,95,14,87,54,46,"1,2,3",216108,64.832,A,1,S3,1
57,106,15,52,41,37,"1,2,3",78884,23.665,B,2,S4,0
57,81,12,100,78,70,"1,2,3",546000,163.8,B,2,S4,1
57,71,11,72,46,30,"2,3",99360,29.808,B,2,S4,1
57,38,6,93,70,45,"2,3",292950,87.885,A,1,S3,0
57,103,14,87,54,46,"1,2,3",216108,64.832,A,1,S2,1
57,79,12,100,78,70,"1,2,3",546000,163.8,A,1,S1,1
57,4,1,85,73,40,"2,3",248200,74.46,C,3,S6,1
57,88,13,53,47,34,"1,2,3",84694,25.408,C,3,S6,1
57,30,5,57,53,44,"1,2,3",132924,39.877,A,1,S1,1
57,83,12,100,78,70,"1,2,3",546000,163.8,C,3,S6,1
57,90,13,53,47,34,"1,2,3",84694,25.408,C,3,S6,1
57,19,4,75,61,24,3,109800,32.94,C,3,S6,1
57,101,14,87,54,46,"1,2,3",216108,64.832,B,2,S5,1
57,70,11,72,46,30,"2,3",99360,29.808,A,1,S1,1
57,73,11,72,46,30,"2,3",99360,29.808,A,1,S3,1
57,32,5,57,53,44,"1,2,3",132924,39.877,A,1,S3,1
57,109,15,52,41,37,"1,2,3",78884,23.665,B,2,S4,1
57,12,2,73,62,54,"1,2,3",244404,73.321,B,2,S4,1
57,46,7,73,36,33,"2,3",86724,26.017,C,3,S6,1
57,22,4,75,61,24,3,109800,32.94,C,3,S6,1
57,76,11,72,46,30,"2,3",99360,29.808,C,3,S6,1
57,42,6,93,70,45,"2,3",292950,87.885,C,3,S6,1
57,55,8,95,80,75,"1,2,3",570000,171.0,C,3,S6,1
57,35,6,93,70,45,"2,3",292950,87.885,A,1,S3,1
57,34,5,57,53,44,"1,2,3",132924,39.877,A,1,S3,1
57,43,7,73,36,33,"2,3",86724,26.017,A,1,S3,1
57,50,8,95,80,75,"1,2,3",570000,171.0,A,1,S2,1
57,53,8,95,80,75,"1,2,3",570000,171.0,A,1,S3,1
57,69,10,113,87,65,"1,2,3",639015,191.704,B,2,S4,1
57,62,9,93,89,78,"1,2,3",645606,193.682,B,2,S5,1
57,28,5,57,53,44,"1,2,3",132924,39.877,B,2,S5,0
57,93,13,53,47,34,"1,2,3",84694,25.408,A,1,S1,1
57,96,14,87,54,46,"1,2,3",216108,64.832,A,1,S2,1
57,23,4,75,61,24,3,109800,32.94,C,3,S6,1
57,80,12,100,78,70,"1,2,3",546000,163.8,A,1,S2,0
57,47,7,73,36,33,"2,3",86724,26.017,A,1,S2,1
57,108,15,52,41,37,"1,2,3",78884,23.665,A,1,S1,1
57,8,2,73,62,54,"1,2,3",244404,73.321,A,1,S2,0
57,31,5,57,53,44,"1,2,3",132924,39.877,A,1,S3,1
57,65,10,113,87,65,"1,2,3",639015,191.704,B,2,S5,1
57,14,3,90,63,41,"2,3",232470,69.741,B,2,S4,1
57,104,15,52,41,37,"1,2,3",78884,23.665,B,2,S4,1
57,111,15,52,41,37,"1,2,3",78884,23.665,C,3,S6,1
57,78,11,72,46,30,"2,3",99360,29.808,C,3,S6,1
57,33,5,57,53,44,"1,2,3",132924,39.877,A,1,S3,1
57,52,8,95,80,75,"1,2,3",570000,171.0,A,1,S1,1
57,39,6,93,70,45,"2,3",292950,87.885,A,1,S1,1
57,89,13,53,47,34,"1,2,3",84694,25.408,A,1,S3,1
57,85,12,100,78,70,"1,2,3",546000,163.8,A,1,S2,1
57,54,8,95,80,75,"1,2,3",570000,171.0,C,3,S6,1
57,15,3,90,63,41,"2,3",232470,69.741,C,3,S6,1
57,16,3,90,63,41,"2,3",232470,69.741,C,3,S6,1
57,74,11,72,46,30,"2,3",99360,29.808,A,1,S2,1
57,63,10,113,87,65,"1,2,3",639015,191.704,A,1,S2,1
57,1,1,85,73,40,"2,3",248200,74.46,A,1,S1,1
57,10,2,73,62,54,"1,2,3",244404,73.321,A,1,S1,1
57,110,15,52,41,37,"1,2,3",78884,23.665,A,1,S1,1
57,77,11,72,46,30,"2,3",99360,29.808,A,1,S2,1
57,102,14,87,54,46,"1,2,3",216108,64.832,A,1,S2,1
57,87,13,53,47,34,"1,2,3",84694,25.408,C,3,S6,1
57,5,2,73,62,54,"1,2,3",244404,73.321,B,2,S4,0
57,60,9,93,89,78,"1,2,3",645606,193.682,B,2,S5,1
57,68,10,113,87,65,"1,2,3",639015,191.704,C,3,S6,1
57,9,2,73,62,54,"1,2,3",244404,73.321,C,3,S6,1
57,99,14,87,54,46,"1,2,3",216108,64.832,C,3,S6,0
57,94,14,87,54,46,"1,2,3",216108,64.832,B,2,S4,0
57,17,4,75,61,24,3,109800,32.94,B,2,S5,1
57,72,11,72,46,30,"2,3",99360,29.808,A,1,S3,1
57,67,10,113,87,65,"1,2,3",639015,191.704,B,2,S5,1
57,44,7,73,36,33,"2,3",86724,26.017,A,1,S3,0
57,11,2,73,62,54,"1,2,3",244404,73.321,B,2,S5,1
57,13,2,73,62,54,"1,2,3",244404,73.321,A,1,S1,0
57,61,9,93,89,78,"1,2,3",645606,193.682,B,2,S4,1
57,92,13,53,47,34,"1,2,3",84694,25.408,B,2,S5,1
57,59,9,93,89,78,"1,2,3",645606,193.682,B,2,S5,1
57,82,12,100,78,70,"1,2,3",546000,163.8,B,2,S5,1
57,36,6,93,70,45,"2,3",292950,87.885,A,1,S2,1
57,49,8,95,80,75,"1,2,3",570000,171.0,B,2,S5,1
58,35,4,65,56,33,"1,2,3",120120,36.036,C,3,S6,1
58,108,15,79,33,32,"2,3",83424,25.027,C,3,S6,1
58,107,15,79,33,32,"2,3",83424,25.027,B,2,S5,1
58,72,10,95,81,37,3,284715,85.414,C,3,S6,1
58,91,12,109,36,25,"2,3",98100,29.43,B,2,S4,1
58,63,8,115,94,64,"1,2,3",691840,207.552,C,3,S6,1
58,24,2,115,81,61,"1,2,3",568215,170.464,C,3,S6,1
58,18,1,105,81,46,"2,3",391230,117.369,B,2,S4,1
58,59,7,90,82,35,3,258300,77.49,B,2,S5,1
58,73,10,95,81,37,3,284715,85.414,A,1,S1,1
58,106,14,54,32,27,"2,3",46656,13.997,A,1,S3,1
58,103,14,54,32,27,"2,3",46656,13.997,A,1,S1,1
58,69,9,80,53,33,"2,3",139920,41.976,A,1,S2,1
58,83,11,66,46,45,"1,2,3",136620,40.986,B,2,S5,1
58,37,4,65,56,33,"1,2,3",120120,36.036,A,1,S3,0
58,54,7,90,82,35,3,258300,77.49,B,2,S5,1
58,9,1,105,81,46,"2,3",391230,117.369,B,2,S5,1
58,55,7,90,82,35,3,258300,77.49,B,2,S5,1
58,40,5,60,44,21,3,55440,16.632,A,1,S3,1
58,44,5,60,44,21,3,55440,16.632,A,1,S2,1
58,2,1,105,81,46,"2,3",391230,117.369,A,1,S1,1
58,19,2,115,81,61,"1,2,3",568215,170.464,A,1,S2,1
58,27,3,72,51,23,3,84456,25.337,A,1,S1,1
58,113,15,79,33,32,"2,3",83424,25.027,A,1,S3,1
58,38,4,65,56,33,"1,2,3",120120,36.036,A,1,S3,1
58,13,1,105,81,46,"2,3",391230,117.369,A,1,S3,1
58,30,3,72,51,23,3,84456,25.337,C,3,S6,1
58,104,14,54,32,27,"2,3",46656,13.997,C,3,S6,1
58,49,6,85,69,65,"1,2,3",381225,114.367,C,3,S6,0
58,10,1,105,81,46,"2,3",391230,117.369,C,3,S6,1
58,77,10,95,81,37,3,284715,85.414,B,2,S5,1
58,48,6,85,69,65,"1,2,3",381225,114.367,B,2,S5,1
58,14,1,105,81,46,"2,3",391230,117.369,B,2,S5,1
58,60,7,90,82,35,3,258300,77.49,B,2,S5,1
58,64,8,115,94,64,"1,2,3",691840,207.552,B,2,S5,1
58,1,1,105,81,46,"2,3",391230,117.369,C,3,S6,1
58,5,1,105,81,46,"2,3",391230,117.369,C,3,S6,1
58,29,3,72,51,23,3,84456,25.337,A,1,S3,1
58,33,4,65,56,33,"1,2,3",120120,36.036,B,2,S4,1
58,16,1,105,81,46,"2,3",391230,117.369,B,2,S5,1
58,3,1,105,81,46,"2,3",391230,117.369,B,2,S5,1
58,100,13,89,62,50,"1,2,3",275900,82.77,A,1,S1,1
58,53,7,90,82,35,3,258300,77.49,B,2,S5,1
58,7,1,105,81,46,"2,3",391230,117.369,B,2,S4,1
58,47,6,85,69,65,"1,2,3",381225,114.367,B,2,S5,1
58,114,15,79,33,32,"2,3",83424,25.027,B,2,S4,1
58,93,12,109,36,25,"2,3",98100,29.43,B,2,S4,1
58,22,2,115,81,61,"1,2,3",568215,170.464,B,2,S5,1
58,62,8,115,94,64,"1,2,3",691840,207.552,B,2,S5,0
58,26,3,72,51,23,3,84456,25.337,B,2,S5,1
58,84,11,66,46,45,"1,2,3",136620,40.986,C,3,S6,1
58,116,15,79,33,32,"2,3",83424,25.027,B,2,S5,1
58,23,2,115,81,61,"1,2,3",568215,170.464,C,3,S6,1
58,87,11,66,46,45,"1,2,3",136620,40.986,C,3,S6,1
58,67,8,115,94,64,"1,2,3",691840,207.552,C,3,S6,1
58,90,11,66,46,45,"1,2,3",136620,40.986,C,3,S6,0
58,15,1,105,81,46,"2,3",391230,117.369,A,1,S2,0
58,111,15,79,33,32,"2,3",83424,25.027,A,1,S2,1
58,11,1,105,81,46,"2,3",391230,117.369,A,1,S2,1
58,81,10,95,81,37,3,284715,85.414,A,1,S3,1
58,61,8,115,94,64,"1,2,3",691840,207.552,A,1,S1,1
58,97,12,109,36,25,"2,3",98100,29.43,A,1,S3,1
58,80,10,95,81,37,3,284715,85.414,C,3,S6,1
58,109,15,79,33,32,"2,3",83424,25.027,A,1,S1,1
58,86,11,66,46,45,"1,2,3",136620,40.986,A,1,S1,1
58,105,14,54,32,27,"2,3",46656,13.997,A,1,S1,1
58,79,10,95,81,37,3,284715,85.414,A,1,S2,1
58,75,10,95,81,37,3,284715,85.414,B,2,S5,1
58,88,11,66,46,45,"1,2,3",136620,40.986,A,1,S2,1
58,20,2,115,81,61,"1,2,3",568215,170.464,A,1,S1,1
58,8,1,105,81,46,"2,3",391230,117.369,B,2,S5,0
58,112,15,79,33,32,"2,3",83424,25.027,B,2,S4,1
58,21,2,115,81,61,"1,2,3",568215,170.464,B,2,S5,1
58,51,7,90,82,35,3,258300,77.49,C,3,S6,1
58,82,11,66,46,45,"1,2,3",136620,40.986,C,3,S6,1
58,89,11,66,46,45,"1,2,3",136620,40.986,B,2,S5,1
58,28,3,72,51,23,3,84456,25.337,B,2,S4,1
58,41,5,60,44,21,3,55440,16.632,C,3,S6,1
58,66,8,115,94,64,"1,2,3",691840,207.552,C,3,S6,1
58,52,7,90,82,35,3,258300,77.49,B,2,S4,1
58,78,10,95,81,37,3,284715,85.414,A,1,S3,1
58,6,1,105,81,46,"2,3",391230,117.369,A,1,S2,1
58,46,6,85,69,65,"1,2,3",381225,114.367,A,1,S2,1
58,34,4,65,56,33,"1,2,3",120120,36.036,B,2,S4,0
58,32,4,65,56,33,"1,2,3",120120,36.036,B,2,S4,1
58,36,4,65,56,33,"1,2,3",120120,36.036,B,2,S5,1
58,94,12,109,36,25,"2,3",98100,29.43,B,2,S5,0
58,31,4,65,56,33,"1,2,3",120120,36.036,B,2,S4,1
58,110,15,79,33,32,"2,3",83424,25.027,C,3,S6,1
58,98,13,89,62,50,"1,2,3",275900,82.77,A,1,S2,1
58,68,8,115,94,64,"1,2,3",691840,207.552,A,1,S1,1
58,76,10,95,81,37,3,284715,85.414,A,1,S1,0
58,102,14,54,32,27,"2,3",46656,13.997,B,2,S5,1
58,115,15,79,33,32,"2,3",83424,25.027,B,2,S4,1
58,58,7,90,82,35,3,258300,77.49,B,2,S5,1
58,95,12,109,36,25,"2,3",98100,29.43,A,1,S2,1
58,39,5,60,44,21,3,55440,16.632,A,1,S3,1
58,70,9,80,53,33,"2,3",139920,41.976,A,1,S3,1
58,57,7,90,82,35,3,258300,77.49,B,2,S5,1
58,25,3,72,51,23,3,84456,25.337,A,1,S2,1
58,71,9,80,53,33,"2,3",139920,41.976,C,3,S6,0
58,12,1,105,81,46,"2,3",391230,117.369,C,3,S6,0
58,45,6,85,69,65,"1,2,3",381225,114.367,C,3,S6,1
58,56,7,90,82,35,3,258300,77.49,C,3,S6,1
58,50,6,85,69,65,"1,2,3",381225,114.367,A,1,S2,1
58,43,5,60,44,21,3,55440,16.632,C,3,S6,1
58,85,11,66,46,45,"1,2,3",136620,40.986,C,3,S6,1
58,4,1,105,81,46,"2,3",391230,117.369,C,3,S6,1
58,74,10,95,81,37,3,284715,85.414,A,1,S3,1
58,65,8,115,94,64,"1,2,3",691840,207.552,A,1,S2,1
58,17,1,105,81,46,"2,3",391230,117.369,A,1,S1,1
58,42,5,60,44,21,3,55440,16.632,A,1,S1,1
58,92,12,109,36,25,"2,3",98100,29.43,A,1,S1,1
58,101,13,89,62,50,"1,2,3",275900,82.77,A,1,S2,1
58,99,13,89,62,50,"1,2,3",275900,82.77,A,1,S2,0
58,96,12,109,36,25,"2,3",98100,29.43,A,1,S1,1
59,109,14,112,79,76,"1,2,3",672448,201.734,B,2,S4,1
59,48,6,100,37,32,"2,3",118400,35.52,B,2,S5,1
59,8,1,76,52,46,"1,2,3",181792,54.538,A,1,S2,0
59,88,11,109,85,62,"1,2,3",574430,172.329,B,2,S4,1
59,117,14,112,79,76,"1,2,3",672448,201.734,C,3,S6,1
59,126,15,102,40,28,"2,3",114240,34.272,A,1,S1,1
59,18,3,62,55,44,"1,2,3",150040,45.012,A,1,S1,1
59,49,6,100,37,32,"2,3",118400,35.52,A,1,S1,1
59,102,13,77,67,48,"1,2,3",247632,74.29,A,1,S1,1
59,52,6,100,37,32,"2,3",118400,35.52,B,2,S4,1
59,36,4,95,46,36,"2,3",157320,47.196,C,3,S6,1
59,62,8,49,44,36,"1,2,3",77616,23.285,A,1,S3,1
59,11,2,66,59,31,"2,3",120714,36.214,B,2,S4,1
59,106,13,77,67,48,"1,2,3",247632,74.29,A,1,S2,1
59,70,9,109,66,49,"2,3",352506,105.752,A,1,S2,1
59,93,12,48,47,42,"1,2,3",94752,28.426,B,2,S4,1
59,76,10,69,48,27,"2,3",89424,26.827,B,2,S5,0
59,107,13,77,67,48,"1,2,3",247632,74.29,B,2,S5,1
59,10,2,66,59,31,"2,3",120714,36.214,B,2,S4,1
59,16,2,66,59,31,"2,3",120714,36.214,B,2,S4,1
59,2,1,76,52,46,"1,2,3",181792,54.538,B,2,S5,1
59,108,14,112,79,76,"1,2,3",672448,201.734,B,2,S5,1
59,22,3,62,55,44,"1,2,3",150040,45.012,C,3,S6,0
59,89,12,48,47,42,"1,2,3",94752,28.426,C,3,S6,0
59,27,3,62,55,44,"1,2,3",150040,45.012,C,3,S6,0
59,75,10,69,48,27,"2,3",89424,26.827,C,3,S6,1
59,118,14,112,79,76,"1,2,3",672448,201.734,B,2,S4,1
59,23,3,62,55,44,"1,2,3",150040,45.012,B,2,S4,1
59,74,10,69,48,27,"2,3",89424,26.827,C,3,S6,1
59,53,6,100,37,32,"2,3",118400,35.52,C,3,S6,1
59,12,2,66,59,31,"2,3",120714,36.214,C,3,S6,1
59,7,1,76,52,46,"1,2,3",181792,54.538,B,2,S5,1
59,13,2,66,59,31,"2,3",120714,36.214,B,2,S5,1
59,73,10,69,48,27,"2,3",89424,26.827,A,1,S2,1
59,86,11,109,85,62,"1,2,3",574430,172.329,A,1,S3,1
59,95,12,48,47,42,"1,2,3",94752,28.426,A,1,S3,1
59,5,1,76,52,46,"1,2,3",181792,54.538,A,1,S1,1
59,14,2,66,59,31,"2,3",120714,36.214,C,3,S6,0
59,50,6,100,37,32,"2,3",118400,35.52,A,1,S3,1
59,63,9,109,66,49,"2,3",352506,105.752,A,1,S3,0
59,101,13,77,67,48,"1,2,3",247632,74.29,A,1,S3,1
59,110,14,112,79,76,"1,2,3",672448,201.734,A,1,S3,1
59,55,7,91,54,37,"2,3",181818,54.545,B,2,S4,1
59,80,11,109,85,62,"1,2,3",574430,172.329,A,1,S2,1
59,79,10,69,48,27,"2,3",89424,26.827,A,1,S2,1
59,29,3,62,55,44,"1,2,3",150040,45.012,B,2,S4,0
59,77,10,69,48,27,"2,3",89424,26.827,B,2,S4,1
59,115,14,112,79,76,"1,2,3",672448,201.734,B,2,S5,1
59,119,14,112,79,76,"1,2,3",672448,201.734,B,2,S5,1
59,84,11,109,85,62,"1,2,3",574430,172.329,B,2,S5,1
59,98,12,48,47,42,"1,2,3",94752,28.426,C,3,S6,1
59,78,10,69,48,27,"2,3",89424,26.827,A,1,S3,1
59,116,14,112,79,76,"1,2,3",672448,201.734,A,1,S1,1
59,56,7,91,54,37,"2,3",181818,54.545,A,1,S2,1
59,124,15,102,40,28,"2,3",114240,34.272,C,3,S6,0
59,35,4,95,46,36,"2,3",157320,47.196,C,3,S6,1
59,3,1,76,52,46,"1,2,3",181792,54.538,C,3,S6,1
59,46,5,63,59,35,"1,2,3",130095,39.028,A,1,S3,1
59,105,13,77,67,48,"1,2,3",247632,74.29,C,3,S6,1
59,59,8,49,44,36,"1,2,3",77616,23.285,B,2,S4,1
59,25,3,62,55,44,"1,2,3",150040,45.012,B,2,S4,1
59,114,14,112,79,76,"1,2,3",672448,201.734,C,3,S6,1
59,31,3,62,55,44,"1,2,3",150040,45.012,A,1,S1,1
59,51,6,100,37,32,"2,3",118400,35.52,A,1,S2,1
59,57,8,49,44,36,"1,2,3",77616,23.285,B,2,S4,1
59,34,4,95,46,36,"2,3",157320,47.196,B,2,S5,1
59,1,1,76,52,46,"1,2,3",181792,54.538,B,2,S5,1
59,21,3,62,55,44,"1,2,3",150040,45.012,B,2,S4,1
59,120,15,102,40,28,"2,3",114240,34.272,B,2,S4,1
59,66,9,109,66,49,"2,3",352506,105.752,B,2,S4,1
59,83,11,109,85,62,"1,2,3",574430,172.329,B,2,S5,1
59,85,11,109,85,62,"1,2,3",574430,172.329,C,3,S6,1
59,92,12,48,47,42,"1,2,3",94752,28.426,C,3,S6,0
59,30,3,62,55,44,"1,2,3",150040,45.012,C,3,S6,1
59,122,15,102,40,28,"2,3",114240,34.272,C,3,S6,1
59,44,5,63,59,35,"1,2,3",130095,39.028,C,3,S6,1
59,33,4,95,46,36,"2,3",157320,47.196,C,3,S6,1
59,32,4,95,46,36,"2,3",157320,47.196,C,3,S6,1
59,6,1,76,52,46,"1,2,3",181792,54.538,C,3,S6,0
59,123,15,102,40,28,"2,3",114240,34.272,A,1,S2,1
59,4,1,76,52,46,"1,2,3",181792,54.538,A,1,S3,1
59,71,9,109,66,49,"2,3",352506,105.752,A,1,S2,0
59,94,12,48,47,42,"1,2,3",94752,28.426,B,2,S4,1
59,72,10,69,48,27,"2,3",89424,26.827,B,2,S4,1
59,68,9,109,66,49,"2,3",352506,105.752,A,1,S2,1
59,60,8,49,44,36,"1,2,3",77616,23.285,B,2,S5,1
59,9,1,76,52,46,"1,2,3",181792,54.538,B,2,S4,1
59,15,2,66,59,31,"2,3",120714,36.214,A,1,S1,1
59,91,12,48,47,42,"1,2,3",94752,28.426,A,1,S1,1
59,103,13,77,67,48,"1,2,3",247632,74.29,A,1,S3,1
59,42,5,63,59,35,"1,2,3",130095,39.028,A,1,S2,1
59,82,11,109,85,62,"1,2,3",574430,172.329,A,1,S2,0
59,113,14,112,79,76,"1,2,3",672448,201.734,A,1,S3,1
59,24,3,62,55,44,"1,2,3",150040,45.012,B,2,S4,1
59,38,4,95,46,36,"2,3",157320,47.196,B,2,S5,1
59,40,5,63,59,35,"1,2,3",130095,39.028,B,2,S5,1
59,41,5,63,59,35,"1,2,3",130095,39.028,B,2,S4,1
59,20,3,62,55,44,"1,2,3",150040,45.012,B,2,S4,1
59,81,11,109,85,62,"1,2,3",574430,172.329,A,1,S3,1
59,64,9,109,66,49,"2,3",352506,105.752,A,1,S2,1
59,97,12,48,47,42,"1,2,3",94752,28.426,A,1,S1,1
59,96,12,48,47,42,"1,2,3",94752,28.426,B,2,S5,1
59,26,3,62,55,44,"1,2,3",150040,45.012,A,1,S3,1
59,19,3,62,55,44,"1,2,3",150040,45.012,A,1,S2,1
59,69,9,109,66,49,"2,3",352506,105.752,B,2,S5,1
59,67,9,109,66,49,"2,3",352506,105.752,C,3,S6,1
59,121,15,102,40,28,"2,3",114240,34.272,C,3,S6,1
59,39,5,63,59,35,"1,2,3",130095,39.028,A,1,S1,1
59,90,12,48,47,42,"1,2,3",94752,28.426,A,1,S3,1
59,99,13,77,67,48,"1,2,3",247632,74.29,B,2,S5,1
59,125,15,102,40,28,"2,3",114240,34.272,B,2,S5,1
59,54,7,91,54,37,"2,3",181818,54.545,A,1,S1,1
59,17,2,66,59,31,"2,3",120714,36.214,A,1,S2,1
59,111,14,112,79,76,"1,2,3",672448,201.734,A,1,S3,1
59,45,5,63,59,35,"1,2,3",130095,39.028,A,1,S2,1
59,112,14,112,79,76,"1,2,3",672448,201.734,A,1,S2,1
59,100,13,77,67,48,"1,2,3",247632,74.29,A,1,S3,1
59,37,4,95,46,36,"2,3",157320,47.196,A,1,S2,1
59,58,8,49,44,36,"1,2,3",77616,23.285,A,1,S1,1
59,61,8,49,44,36,"1,2,3",77616,23.285,A,1,S3,1
59,65,9,109,66,49,"2,3",352506,105.752,C,3,S6,1
59,47,5,63,59,35,"1,2,3",130095,39.028,C,3,S6,1
59,43,5,63,59,35,"1,2,3",130095,39.028,C,3,S6,1
59,87,11,109,85,62,"1,2,3",574430,172.329,C,3,S6,1
59,28,3,62,55,44,"1,2,3",150040,45.012,C,3,S6,1
59,104,13,77,67,48,"1,2,3",247632,74.29,C,3,S6,1
60,88,10,106,41,35,"2,3",152110,45.633,C,3,S6,1
60,105,12,79,59,58,"1,2,3",270338,81.101,A,1,S3,1
60,50,5,116,67,35,"2,3",272020,81.606,C,3,S6,1
60,40,5,116,67,35,"2,3",272020,81.606,C,3,S6,1
60,115,13,92,84,22,3,170016,51.005,C,3,S6,1
60,1,1,78,72,58,"1,2,3",325728,97.718,C,3,S6,0
60,10,2,107,57,57,"1,2,3",347643,104.293,A,1,S2,1
60,11,2,107,57,57,"1,2,3",347643,104.293,C,3,S6,1
60,94,10,106,41,35,"2,3",152110,45.633,C,3,S6,1
60,33,4,93,66,26,3,159588,47.876,C,3,S6,0
60,121,14,80,65,50,"1,2,3",260000,78.0,C,3,S6,1
60,99,11,82,78,28,3,179088,53.726,A,1,S2,1
60,25,3,72,64,37,"1,2,3",170496,51.149,A,1,S2,1
60,78,8,64,55,33,"1,2,3",116160,34.848,C,3,S6,0
60,59,6,101,56,39,"2,3",220584,66.175,C,3,S6,1
60,95,10,106,41,35,"2,3",152110,45.633,C,3,S6,1
60,93,10,106,41,35,"2,3",152110,45.633,B,2,S5,0
60,58,6,101,56,39,"2,3",220584,66.175,B,2,S4,1
60,13,2,107,57,57,"1,2,3",347643,104.293,A,1,S1,1
60,8,1,78,72,58,"1,2,3",325728,97.718,A,1,S1,1
60,45,5,116,67,35,"2,3",272020,81.606,A,1,S3,1
60,20,3,72,64,37,"1,2,3",170496,51.149,A,1,S2,1
60,86,9,73,65,53,"1,2,3",251485,75.445,A,1,S1,1
60,4,1,78,72,58,"1,2,3",325728,97.718,A,1,S2,1
60,127,15,82,77,24,3,151536,45.461,A,1,S3,1
60,66,7,108,100,39,3,421200,126.36,A,1,S3,1
60,47,5,116,67,35,"2,3",272020,81.606,C,3,S6,1
60,130,15,82,77,24,3,151536,45.461,C,3,S6,1
60,41,5,116,67,35,"2,3",272020,81.606,C,3,S6,1
60,16,3,72,64,37,"1,2,3",170496,51.149,C,3,S6,1
60,79,8,64,55,33,"1,2,3",116160,34.848,A,1,S1,1
60,124,15,82,77,24,3,151536,45.461,B,2,S5,1
60,114,13,92,84,22,3,170016,51.005,B,2,S4,0
60,49,5,116,67,35,"2,3",272020,81.606,B,2,S5,1
60,132,15,82,77,24,3,151536,45.461,B,2,S5,1
60,131,15,82,77,24,3,151536,45.461,B,2,S5,1
60,84,9,73,65,53,"1,2,3",251485,75.445,B,2,S5,1
60,48,5,116,67,35,"2,3",272020,81.606,B,2,S5,1
60,30,4,93,66,26,3,159588,47.876,B,2,S5,1
60,54,6,101,56,39,"2,3",220584,66.175,A,1,S2,1
60,70,7,108,100,39,3,421200,126.36,A,1,S2,1
60,27,4,93,66,26,3,159588,47.876,A,1,S3,1
60,65,7,108,100,39,3,421200,126.36,B,2,S4,1
60,44,5,116,67,35,"2,3",272020,81.606,B,2,S5,1
60,72,7,108,100,39,3,421200,126.36,C,3,S6,1
60,107,13,92,84,22,3,170016,51.005,C,3,S6,1
60,90,10,106,41,35,"2,3",152110,45.633,C,3,S6,1
60,2,1,78,72,58,"1,2,3",325728,97.718,C,3,S6,1
60,22,3,72,64,37,"1,2,3",170496,51.149,C,3,S6,1
60,85,9,73,65,53,"1,2,3",251485,75.445,C,3,S6,1
60,38,4,93,66,26,3,159588,47.876,A,1,S1,1
60,64,7,108,100,39,3,421200,126.36,A,1,S1,1
60,68,7,108,100,39,3,421200,126.36,B,2,S5,1
60,46,5,116,67,35,"2,3",272020,81.606,A,1,S2,1
60,119,14,80,65,50,"1,2,3",260000,78.0,A,1,S3,1
60,24,3,72,64,37,"1,2,3",170496,51.149,C,3,S6,1
60,123,14,80,65,50,"1,2,3",260000,78.0,A,1,S2,1
60,87,9,73,65,53,"1,2,3",251485,75.445,A,1,S1,1
60,29,4,93,66,26,3,159588,47.876,C,3,S6,1
60,21,3,72,64,37,"1,2,3",170496,51.149,C,3,S6,1
60,57,6,101,56,39,"2,3",220584,66.175,B,2,S5,1
60,14,2,107,57,57,"1,2,3",347643,104.293,A,1,S2,1
60,17,3,72,64,37,"1,2,3",170496,51.149,A,1,S2,1
60,76,8,64,55,33,"1,2,3",116160,34.848,A,1,S3,1
60,92,10,106,41,35,"2,3",152110,45.633,C,3,S6,1
60,125,15,82,77,24,3,151536,45.461,C,3,S6,1
60,97,11,82,78,28,3,179088,53.726,C,3,S6,1
60,31,4,93,66,26,3,159588,47.876,B,2,S4,1
60,71,7,108,100,39,3,421200,126.36,B,2,S4,1
60,82,9,73,65,53,"1,2,3",251485,75.445,C,3,S6,1
60,113,13,92,84,22,3,170016,51.005,C,3,S6,1
60,117,14,80,65,50,"1,2,3",260000,78.0,C,3,S6,1
60,73,8,64,55,33,"1,2,3",116160,34.848,C,3,S6,0
60,104,12,79,59,58,"1,2,3",270338,81.101,B,2,S5,1
60,60,6,101,56,39,"2,3",220584,66.175,C,3,S6,1
60,103,12,79,59,58,"1,2,3",270338,81.101,B,2,S4,1
60,67,7,108,100,39,3,421200,126.36,B,2,S4,1
60,39,4,93,66,26,3,159588,47.876,B,2,S5,1
60,128,15,82,77,24,3,151536,45.461,B,2,S5,1
60,126,15,82,77,24,3,151536,45.461,A,1,S1,1
60,42,5,116,67,35,"2,3",272020,81.606,B,2,S4,1
60,100,12,79,59,58,"1,2,3",270338,81.101,A,1,S2,1
60,129,15,82,77,24,3,151536,45.461,A,1,S1,1
60,69,7,108,100,39,3,421200,126.36,A,1,S2,1
60,62,6,101,56,39,"2,3",220584,66.175,B,2,S4,0
60,6,1,78,72,58,"1,2,3",325728,97.718,B,2,S4,1
60,118,14,80,65,50,"1,2,3",260000,78.0,A,1,S2,1
60,112,13,92,84,22,3,170016,51.005,A,1,S2,1
60,81,8,64,55,33,"1,2,3",116160,34.848,B,2,S5,1
60,23,3,72,64,37,"1,2,3",170496,51.149,B,2,S5,1
60,3,1,78,72,58,"1,2,3",325728,97.718,A,1,S3,1
60,12,2,107,57,57,"1,2,3",347643,104.293,A,1,S1,1
60,98,11,82,78,28,3,179088,53.726,A,1,S2,1
60,9,2,107,57,57,"1,2,3",347643,104.293,A,1,S2,1
60,37,4,93,66,26,3,159588,47.876,A,1,S2,0
60,108,13,92,84,22,3,170016,51.005,A,1,S3,1
60,91,10,106,41,35,"2,3",152110,45.633,B,2,S5,1
60,7,1,78,72,58,"1,2,3",325728,97.718,A,1,S2,1
60,19,3,72,64,37,"1,2,3",170496,51.149,A,1,S2,1
60,77,8,64,55,33,"1,2,3",116160,34.848,A,1,S1,1
60,43,5,116,67,35,"2,3",272020,81.606,A,1,S1,1
60,15,3,72,64,37,"1,2,3",170496,51.149,A,1,S2,1
60,34,4,93,66,26,3,159588,47.876,A,1,S3,0
60,61,6,101,56,39,"2,3",220584,66.175,A,1,S3,0
60,80,8,64,55,33,"1,2,3",116160,34.848,B,2,S4,1
60,74,8,64,55,33,"1,2,3",116160,34.848,B,2,S4,1
60,122,14,80,65,50,"1,2,3",260000,78.0,A,1,S2,1
60,106,13,92,84,22,3,170016,51.005,B,2,S5,1
60,26,4,93,66,26,3,159588,47.876,B,2,S5,1
60,63,7,108,100,39,3,421200,126.36,A,1,S2,1
60,18,3,72,64,37,"1,2,3",170496,51.149,B,2,S4,1
60,110,13,92,84,22,3,170016,51.005,A,1,S3,1
60,109,13,92,84,22,3,170016,51.005,A,1,S3,0
60,28,4,93,66,26,3,159588,47.876,A,1,S2,1
60,32,4,93,66,26,3,159588,47.876,A,1,S1,1
60,5,1,78,72,58,"1,2,3",325728,97.718,A,1,S2,1
60,96,11,82,78,28,3,179088,53.726,A,1,S3,0
60,56,6,101,56,39,"2,3",220584,66.175,B,2,S4,1
60,111,13,92,84,22,3,170016,51.005,B,2,S4,1
60,51,5,116,67,35,"2,3",272020,81.606,A,1,S3,1
60,116,14,80,65,50,"1,2,3",260000,78.0,B,2,S5,1
60,101,12,79,59,58,"1,2,3",270338,81.101,B,2,S4,1
60,89,10,106,41,35,"2,3",152110,45.633,B,2,S5,1
60,35,4,93,66,26,3,159588,47.876,B,2,S4,0
60,55,6,101,56,39,"2,3",220584,66.175,B,2,S4,1
60,83,9,73,65,53,"1,2,3",251485,75.445,B,2,S5,1
60,36,4,93,66,26,3,159588,47.876,B,2,S4,1
60,120,14,80,65,50,"1,2,3",260000,78.0,B,2,S5,1
60,102,12,79,59,58,"1,2,3",270338,81.101,B,2,S5,1
60,75,8,64,55,33,"1,2,3",116160,34.848,B,2,S5,1
60,52,5,116,67,35,"2,3",272020,81.606,B,2,S5,1
60,53,6,101,56,39,"2,3",220584,66.175,B,2,S4,1
61,39,7,72,41,33,"2,3",97416,29.225,C,3,S6,1
61,99,14,99,51,47,"2,3",237303,71.191,C,3,S6,1
61,55,9,40,37,20,"2,3",29600,8.88,C,3,S6,1
61,45,8,84,79,74,"1,2,3",491064,147.319,A,1,S1,0
61,59,10,74,73,42,"1,2,3",226884,68.065,A,1,S2,1
61,77,12,109,74,70,"1,2,3",564620,169.386,A,1,S1,1
61,95,14,99,51,47,"2,3",237303,71.191,A,1,S2,1
61,10,3,96,83,24,3,191232,57.37,A,1,S3,1
61,8,2,84,58,55,"1,2,3",267960,80.388,A,1,S2,1
61,7,2,84,58,55,"1,2,3",267960,80.388,A,1,S2,1
61,3,1,109,68,64,"1,2,3",474368,142.31,B,2,S5,1
61,80,12,109,74,70,"1,2,3",564620,169.386,B,2,S5,0
61,51,8,84,79,74,"1,2,3",491064,147.319,C,3,S6,1
61,6,2,84,58,55,"1,2,3",267960,80.388,C,3,S6,0
61,76,11,55,48,33,"1,2,3",87120,26.136,C,3,S6,1
61,1,1,109,68,64,"1,2,3",474368,142.31,C,3,S6,1
61,23,5,107,73,70,"1,2,3",546770,164.031,B,2,S5,1
61,74,11,55,48,33,"1,2,3",87120,26.136,B,2,S4,1
61,110,15,80,62,38,"2,3",188480,56.544,C,3,S6,1
61,109,15,80,62,38,"2,3",188480,56.544,B,2,S5,1
61,38,6,80,73,54,"1,2,3",315360,94.608,B,2,S5,1
61,29,5,107,73,70,"1,2,3",546770,164.031,B,2,S4,1
61,47,8,84,79,74,"1,2,3",491064,147.319,A,1,S2,1
61,53,8,84,79,74,"1,2,3",491064,147.319,B,2,S4,1
61,102,15,80,62,38,"2,3",188480,56.544,C,3,S6,1
61,31,6,80,73,54,"1,2,3",315360,94.608,B,2,S4,1
61,88,13,107,44,39,"2,3",183612,55.084,C,3,S6,1
61,37,6,80,73,54,"1,2,3",315360,94.608,B,2,S5,1
61,13,3,96,83,24,3,191232,57.37,A,1,S2,1
61,66,11,55,48,33,"1,2,3",87120,26.136,B,2,S5,1
61,11,3,96,83,24,3,191232,57.37,C,3,S6,1
61,22,5,107,73,70,"1,2,3",546770,164.031,C,3,S6,1
61,17,4,74,67,37,"2,3",183446,55.034,C,3,S6,1
61,48,8,84,79,74,"1,2,3",491064,147.319,C,3,S6,1
61,70,11,55,48,33,"1,2,3",87120,26.136,C,3,S6,1
61,94,14,99,51,47,"2,3",237303,71.191,B,2,S4,1
61,41,7,72,41,33,"2,3",97416,29.225,B,2,S5,1
61,21,5,107,73,70,"1,2,3",546770,164.031,A,1,S2,0
61,34,6,80,73,54,"1,2,3",315360,94.608,A,1,S3,1
61,90,13,107,44,39,"2,3",183612,55.084,B,2,S5,1
61,92,14,99,51,47,"2,3",237303,71.191,B,2,S5,1
61,27,5,107,73,70,"1,2,3",546770,164.031,B,2,S4,1
61,105,15,80,62,38,"2,3",188480,56.544,A,1,S2,1
61,78,12,109,74,70,"1,2,3",564620,169.386,B,2,S4,1
61,5,2,84,58,55,"1,2,3",267960,80.388,A,1,S1,1
61,44,8,84,79,74,"1,2,3",491064,147.319,B,2,S5,1
61,62,10,74,73,42,"1,2,3",226884,68.065,A,1,S1,1
61,57,9,40,37,20,"2,3",29600,8.88,A,1,S2,1
61,63,10,74,73,42,"1,2,3",226884,68.065,A,1,S2,1
61,61,10,74,73,42,"1,2,3",226884,68.065,A,1,S1,1
61,46,8,84,79,74,"1,2,3",491064,147.319,A,1,S2,1
61,60,10,74,73,42,"1,2,3",226884,68.065,C,3,S6,1
61,93,14,99,51,47,"2,3",237303,71.191,C,3,S6,0
61,14,4,74,67,37,"2,3",183446,55.034,A,1,S3,1
61,30,6,80,73,54,"1,2,3",315360,94.608,B,2,S4,1
61,15,4,74,67,37,"2,3",183446,55.034,A,1,S1,1
61,4,2,84,58,55,"1,2,3",267960,80.388,A,1,S2,1
61,96,14,99,51,47,"2,3",237303,71.191,A,1,S1,1
61,71,11,55,48,33,"1,2,3",87120,26.136,C,3,S6,1
61,65,10,74,73,42,"1,2,3",226884,68.065,A,1,S2,1
61,86,13,107,44,39,"2,3",183612,55.084,B,2,S4,1
61,25,5,107,73,70,"1,2,3",546770,164.031,B,2,S4,1
61,64,10,74,73,42,"1,2,3",226884,68.065,C,3,S6,1
61,87,13,107,44,39,"2,3",183612,55.084,C,3,S6,1
61,97,14,99,51,47,"2,3",237303,71.191,A,1,S3,1
61,89,13,107,44,39,"2,3",183612,55.084,A,1,S3,1
61,18,4,74,67,37,"2,3",183446,55.034,A,1,S3,1
61,24,5,107,73,70,"1,2,3",546770,164.031,B,2,S4,1
61,69,11,55,48,33,"1,2,3",87120,26.136,B,2,S4,0
61,16,4,74,67,37,"2,3",183446,55.034,B,2,S4,1
61,9,2,84,58,55,"1,2,3",267960,80.388,B,2,S5,1
61,67,11,55,48,33,"1,2,3",87120,26.136,B,2,S4,0
61,54,9,40,37,20,"2,3",29600,8.88,B,2,S5,1
61,83,13,107,44,39,"2,3",183612,55.084,B,2,S5,1
61,104,15,80,62,38,"2,3",188480,56.544,C,3,S6,1
61,35,6,80,73,54,"1,2,3",315360,94.608,A,1,S3,1
61,82,13,107,44,39,"2,3",183612,55.084,A,1,S1,1
61,101,15,80,62,38,"2,3",188480,56.544,A,1,S2,1
61,72,11,55,48,33,"1,2,3",87120,26.136,A,1,S2,1
61,108,15,80,62,38,"2,3",188480,56.544,A,1,S3,1
61,75,11,55,48,33,"1,2,3",87120,26.136,C,3,S6,1
61,49,8,84,79,74,"1,2,3",491064,147.319,B,2,S5,1
61,81,12,109,74,70,"1,2,3",564620,169.386,C,3,S6,1
61,20,4,74,67,37,"2,3",183446,55.034,A,1,S2,0
61,2,1,109,68,64,"1,2,3",474368,142.31,A,1,S3,1
61,36,6,80,73,54,"1,2,3",315360,94.608,A,1,S1,1
61,100,15,80,62,38,"2,3",188480,56.544,C,3,S6,1
61,26,5,107,73,70,"1,2,3",546770,164.031,C,3,S6,1
61,19,4,74,67,37,"2,3",183446,55.034,B,2,S4,0
61,84,13,107,44,39,"2,3",183612,55.084,B,2,S4,1
61,106,15,80,62,38,"2,3",188480,56.544,A,1,S3,1
61,52,8,84,79,74,"1,2,3",491064,147.319,C,3,S6,1
61,56,9,40,37,20,"2,3",29600,8.88,A,1,S1,1
61,98,14,99,51,47,"2,3",237303,71.191,C,3,S6,0
61,42,7,72,41,33,"2,3",97416,29.225,B,2,S5,1
61,107,15,80,62,38,"2,3",188480,56.544,B,2,S4,1
61,32,6,80,73,54,"1,2,3",315360,94.608,B,2,S5,1
61,43,8,84,79,74,"1,2,3",491064,147.319,B,2,S4,1
61,91,14,99,51,47,"2,3",237303,71.191,A,1,S1,1
61,103,15,80,62,38,"2,3",188480,56.544,C,3,S6,1
61,73,11,55,48,33,"1,2,3",87120,26.136,B,2,S5,1
61,28,5,107,73,70,"1,2,3",546770,164.031,B,2,S4,1
61,79,12,109,74,70,"1,2,3",564620,169.386,A,1,S2,1
61,50,8,84,79,74,"1,2,3",491064,147.319,A,1,S2,1
61,33,6,80,73,54,"1,2,3",315360,94.608,A,1,S3,1
61,40,7,72,41,33,"2,3",97416,29.225,A,1,S2,1
61,12,3,96,83,24,3,191232,57.37,A,1,S1,1
61,85,13,107,44,39,"2,3",183612,55.084,B,2,S5,1
61,58,9,40,37,20,"2,3",29600,8.88,A,1,S3,1
61,68,11,55,48,33,"1,2,3",87120,26.136,A,1,S2,0
62,74,10,50,45,41,"1,2,3",92250,27.675,A,1,S3,1
62,111,14,105,73,37,"2,3",283605,85.081,A,1,S3,1
62,29,5,98,73,50,"1,2,3",357700,107.31,A,1,S2,1
62,121,15,76,76,42,"1,2,3",242592,72.778,A,1,S2,0
62,32,5,98,73,50,"1,2,3",357700,107.31,A,1,S1,1
62,67,10,50,45,41,"1,2,3",92250,27.675,B,2,S4,1
62,30,5,98,73,50,"1,2,3",357700,107.31,A,1,S1,1
62,1,1,70,63,50,"1,2,3",220500,66.15,A,1,S3,1
62,45,6,69,45,43,"1,2,3",133515,40.054,A,1,S1,1
62,57,8,104,92,63,"1,2,3",602784,180.835,B,2,S5,1
62,18,3,93,78,45,"2,3",326430,97.929,B,2,S5,1
62,9,1,70,63,50,"1,2,3",220500,66.15,A,1,S2,1
62,115,15,76,76,42,"1,2,3",242592,72.778,A,1,S3,1
62,109,14,105,73,37,"2,3",283605,85.081,C,3,S6,1
62,11,2,100,53,34,"2,3",180200,54.06,C,3,S6,1
62,82,11,119,67,50,"2,3",398650,119.595,C,3,S6,1
62,2,1,70,63,50,"1,2,3",220500,66.15,B,2,S4,1
62,33,5,98,73,50,"1,2,3",357700,107.31,C,3,S6,1
62,99,13,80,55,31,"2,3",136400,40.92,C,3,S6,1
62,21,3,93,78,45,"2,3",326430,97.929,C,3,S6,1
62,120,15,76,76,42,"1,2,3",242592,72.778,B,2,S4,1
62,102,13,80,55,31,"2,3",136400,40.92,B,2,S5,1
62,101,13,80,55,31,"2,3",136400,40.92,B,2,S4,0
62,53,8,104,92,63,"1,2,3",602784,180.835,B,2,S5,1
62,107,14,105,73,37,"2,3",283605,85.081,B,2,S5,1
62,81,11,119,67,50,"2,3",398650,119.595,B,2,S4,1
62,19,3,93,78,45,"2,3",326430,97.929,C,3,S6,1
62,83,11,119,67,50,"2,3",398650,119.595,B,2,S5,1
62,51,7,43,42,36,"1,2,3",65016,19.505,B,2,S4,1
62,26,4,100,55,48,"2,3",264000,79.2,B,2,S5,1
62,117,15,76,76,42,"1,2,3",242592,72.778,B,2,S4,1
62,41,6,69,45,43,"1,2,3",133515,40.054,A,1,S1,1
62,78,11,119,67,50,"2,3",398650,119.595,A,1,S1,1
62,28,4,100,55,48,"2,3",264000,79.2,A,1,S3,1
62,75,10,50,45,41,"1,2,3",92250,27.675,B,2,S4,1
62,49,7,43,42,36,"1,2,3",65016,19.505,B,2,S4,1
62,4,1,70,63,50,"1,2,3",220500,66.15,C,3,S6,1
62,13,2,100,53,34,"2,3",180200,54.06,A,1,S1,1
62,91,12,82,49,30,"2,3",120540,36.162,A,1,S3,0
62,3,1,70,63,50,"1,2,3",220500,66.15,A,1,S3,1
62,10,1,70,63,50,"1,2,3",220500,66.15,A,1,S3,1
62,93,12,82,49,30,"2,3",120540,36.162,A,1,S2,0
62,12,2,100,53,34,"2,3",180200,54.06,C,3,S6,1
62,8,1,70,63,50,"1,2,3",220500,66.15,C,3,S6,1
62,65,9,93,36,26,"2,3",87048,26.114,A,1,S1,1
62,97,13,80,55,31,"2,3",136400,40.92,B,2,S5,1
62,38,5,98,73,50,"1,2,3",357700,107.31,B,2,S4,1
62,39,6,69,45,43,"1,2,3",133515,40.054,B,2,S4,1
62,80,11,119,67,50,"2,3",398650,119.595,B,2,S4,1
62,24,4,100,55,48,"2,3",264000,79.2,A,1,S3,1
62,123,15,76,76,42,"1,2,3",242592,72.778,A,1,S2,1
62,84,12,82,49,30,"2,3",120540,36.162,A,1,S3,0
62,87,12,82,49,30,"2,3",120540,36.162,B,2,S5,1
62,112,15,76,76,42,"1,2,3",242592,72.778,A,1,S3,1
62,36,5,98,73,50,"1,2,3",357700,107.31,A,1,S3,0
62,42,6,69,45,43,"1,2,3",133515,40.054,A,1,S1,1
62,113,15,76,76,42,"1,2,3",242592,72.778,A,1,S3,1
62,44,6,69,45,43,"1,2,3",133515,40.054,C,3,S6,1
62,43,6,69,45,43,"1,2,3",133515,40.054,A,1,S2,1
62,62,8,104,92,63,"1,2,3",602784,180.835,A,1,S1,1
62,100,13,80,55,31,"2,3",136400,40.92,A,1,S2,1
62,40,6,69,45,43,"1,2,3",133515,40.054,A,1,S2,1
62,56,8,104,92,63,"1,2,3",602784,180.835,A,1,S1,1
62,106,14,105,73,37,"2,3",283605,85.081,A,1,S1,1
62,104,13,80,55,31,"2,3",136400,40.92,B,2,S4,1
62,69,10,50,45,41,"1,2,3",92250,27.675,C,3,S6,1
62,72,10,50,45,41,"1,2,3",92250,27.675,A,1,S3,1
62,98,13,80,55,31,"2,3",136400,40.92,C,3,S6,1
62,58,8,104,92,63,"1,2,3",602784,180.835,B,2,S4,0
62,66,9,93,36,26,"2,3",87048,26.114,B,2,S5,1
62,34,5,98,73,50,"1,2,3",357700,107.31,A,1,S2,1
62,89,12,82,49,30,"2,3",120540,36.162,C,3,S6,1
62,63,9,93,36,26,"2,3",87048,26.114,A,1,S1,1
62,116,15,76,76,42,"1,2,3",242592,72.778,A,1,S1,0
62,17,2,100,53,34,"2,3",180200,54.06,A,1,S3,1
62,71,10,50,45,41,"1,2,3",92250,27.675,A,1,S3,1
62,108,14,105,73,37,"2,3",283605,85.081,A,1,S3,1
62,70,10,50,45,41,"1,2,3",92250,27.675,C,3,S6,1
62,122,15,76,76,42,"1,2,3",242592,72.778,A,1,S3,1
62,25,4,100,55,48,"2,3",264000,79.2,B,2,S5,1
62,61,8,104,92,63,"1,2,3",602784,180.835,B,2,S5,1
62,54,8,104,92,63,"1,2,3",602784,180.835,B,2,S5,1
62,96,12,82,49,30,"2,3",120540,36.162,C,3,S6,1
62,35,5,98,73,50,"1,2,3",357700,107.31,C,3,S6,1
62,60,8,104,92,63,"1,2,3",602784,180.835,A,1,S3,1
62,55,8,104,92,63,"1,2,3",602784,180.835,A,1,S2,1
62,14,2,100,53,34,"2,3",180200,54.06,A,1,S3,0
62,92,12,82,49,30,"2,3",120540,36.162,A,1,S1,1
62,64,9,93,36,26,"2,3",87048,26.114,C,3,S6,1
62,7,1,70,63,50,"1,2,3",220500,66.15,B,2,S5,1
62,6,1,70,63,50,"1,2,3",220500,66.15,B,2,S4,0
62,110,14,105,73,37,"2,3",283605,85.081,B,2,S4,1
62,23,4,100,55,48,"2,3",264000,79.2,B,2,S4,1
62,79,11,119,67,50,"2,3",398650,119.595,C,3,S6,1
62,86,12,82,49,30,"2,3",120540,36.162,A,1,S2,1
62,68,10,50,45,41,"1,2,3",92250,27.675,A,1,S3,1
62,119,15,76,76,42,"1,2,3",242592,72.778,A,1,S2,1
62,37,5,98,73,50,"1,2,3",357700,107.31,A,1,S3,1
62,59,8,104,92,63,"1,2,3",602784,180.835,A,1,S1,1
62,85,12,82,49,30,"2,3",120540,36.162,C,3,S6,1
62,95,12,82,49,30,"2,3",120540,36.162,B,2,S5,1
62,118,15,76,76,42,"1,2,3",242592,72.778,B,2,S5,1
62,94,12,82,49,30,"2,3",120540,36.162,B,2,S4,1
62,31,5,98,73,50,"1,2,3",357700,107.31,B,2,S5,1
62,52,8,104,92,63,"1,2,3",602784,180.835,B,2,S4,1
62,48,7,43,42,36,"1,2,3",65016,19.505,C,3,S6,1
62,27,4,100,55,48,"2,3",264000,79.2,C,3,S6,0
62,16,2,100,53,34,"2,3",180200,54.06,C,3,S6,1
62,114,15,76,76,42,"1,2,3",242592,72.778,C,3,S6,1
62,46,7,43,42,36,"1,2,3",65016,19.505,C,3,S6,1
62,5,1,70,63,50,"1,2,3",220500,66.15,C,3,S6,1
62,20,3,93,78,45,"2,3",326430,97.929,C,3,S6,1
62,22,3,93,78,45,"2,3",326430,97.929,C,3,S6,1
62,105,13,80,55,31,"2,3",136400,40.92,B,2,S4,1
62,76,11,119,67,50,"2,3",398650,119.595,B,2,S4,1
62,15,2,100,53,34,"2,3",180200,54.06,B,2,S4,1
62,88,12,82,49,30,"2,3",120540,36.162,B,2,S5,1
62,73,10,50,45,41,"1,2,3",92250,27.675,B,2,S5,1
62,103,13,80,55,31,"2,3",136400,40.92,B,2,S4,1
62,90,12,82,49,30,"2,3",120540,36.162,C,3,S6,1
62,50,7,43,42,36,"1,2,3",65016,19.505,C,3,S6,0
62,47,7,43,42,36,"1,2,3",65016,19.505,C,3,S6,1
62,77,11,119,67,50,"2,3",398650,119.595,B,2,S5,1
63,28,4,71,36,28,"2,3",71568,21.47,A,1,S2,1
63,15,2,60,51,50,"1,2,3",153000,45.9,C,3,S6,1
63,85,12,93,80,46,"2,3",342240,102.672,C,3,S6,1
63,83,12,93,80,46,"2,3",342240,102.672,C,3,S6,1
63,82,11,92,86,66,"1,2,3",522192,156.658,B,2,S4,1
63,34,5,89,77,26,3,178178,53.453,C,3,S6,1
63,96,14,73,46,24,"2,3",80592,24.178,C,3,S6,1
63,20,3,104,66,61,"1,2,3",418704,125.611,C,3,S6,1
63,6,1,82,76,59,"1,2,3",367688,110.306,C,3,S6,1
63,86,12,93,80,46,"2,3",342240,102.672,A,1,S2,1
63,56,9,89,57,52,"1,2,3",263796,79.139,B,2,S5,1
63,68,10,99,77,58,"1,2,3",442134,132.64,B,2,S4,1
63,33,5,89,77,26,3,178178,53.453,B,2,S4,1
63,44,7,90,51,45,"2,3",206550,61.965,B,2,S4,1
63,2,1,82,76,59,"1,2,3",367688,110.306,B,2,S5,1
63,42,7,90,51,45,"2,3",206550,61.965,B,2,S4,1
63,106,15,112,71,37,"2,3",294224,88.267,A,1,S3,1
63,57,9,89,57,52,"1,2,3",263796,79.139,B,2,S5,1
63,103,14,73,46,24,"2,3",80592,24.178,C,3,S6,1
63,95,14,73,46,24,"2,3",80592,24.178,C,3,S6,1
63,90,13,72,45,39,"1,2,3",126360,37.908,C,3,S6,1
63,29,5,89,77,26,3,178178,53.453,A,1,S1,0
63,108,15,112,71,37,"2,3",294224,88.267,A,1,S3,0
63,104,15,112,71,37,"2,3",294224,88.267,C,3,S6,1
63,65,9,89,57,52,"1,2,3",263796,79.139,C,3,S6,1
63,70,10,99,77,58,"1,2,3",442134,132.64,C,3,S6,1
63,14,2,60,51,50,"1,2,3",153000,45.9,C,3,S6,1
63,19,3,104,66,61,"1,2,3",418704,125.611,C,3,S6,1
63,4,1,82,76,59,"1,2,3",367688,110.306,A,1,S1,0
63,98,14,73,46,24,"2,3",80592,24.178,A,1,S3,1
63,12,2,60,51,50,"1,2,3",153000,45.9,A,1,S2,1
63,66,9,89,57,52,"1,2,3",263796,79.139,B,2,S4,1
63,53,8,48,35,33,"1,2,3",55440,16.632,A,1,S2,1
63,3,1,82,76,59,"1,2,3",367688,110.306,C,3,S6,1
63,47,8,48,35,33,"1,2,3",55440,16.632,B,2,S5,1
63,13,2,60,51,50,"1,2,3",153000,45.9,B,2,S5,1
63,7,2,60,51,50,"1,2,3",153000,45.9,A,1,S1,1
63,73,10,99,77,58,"1,2,3",442134,132.64,B,2,S4,0
63,22,3,104,66,61,"1,2,3",418704,125.611,A,1,S3,1
63,77,11,92,86,66,"1,2,3",522192,156.658,A,1,S2,1
63,91,13,72,45,39,"1,2,3",126360,37.908,B,2,S5,1
63,43,7,90,51,45,"2,3",206550,61.965,C,3,S6,1
63,89,12,93,80,46,"2,3",342240,102.672,C,3,S6,1
63,63,9,89,57,52,"1,2,3",263796,79.139,A,1,S1,1
63,51,8,48,35,33,"1,2,3",55440,16.632,A,1,S3,0
63,18,2,60,51,50,"1,2,3",153000,45.9,A,1,S2,1
63,114,15,112,71,37,"2,3",294224,88.267,A,1,S2,1
63,17,2,60,51,50,"1,2,3",153000,45.9,C,3,S6,1
63,94,14,73,46,24,"2,3",80592,24.178,C,3,S6,1
63,58,9,89,57,52,"1,2,3",263796,79.139,B,2,S5,1
63,23,3,104,66,61,"1,2,3",418704,125.611,C,3,S6,1
63,38,6,108,84,66,"1,2,3",598752,179.626,C,3,S6,1
63,21,3,104,66,61,"1,2,3",418704,125.611,A,1,S2,1
63,69,10,99,77,58,"1,2,3",442134,132.64,B,2,S4,1
63,74,10,99,77,58,"1,2,3",442134,132.64,A,1,S3,1
63,35,5,89,77,26,3,178178,53.453,C,3,S6,1
63,16,2,60,51,50,"1,2,3",153000,45.9,C,3,S6,0
63,5,1,82,76,59,"1,2,3",367688,110.306,B,2,S4,1
63,50,8,48,35,33,"1,2,3",55440,16.632,B,2,S4,1
63,9,2,60,51,50,"1,2,3",153000,45.9,A,1,S2,1
63,27,4,71,36,28,"2,3",71568,21.47,A,1,S1,1
63,92,13,72,45,39,"1,2,3",126360,37.908,A,1,S3,1
63,110,15,112,71,37,"2,3",294224,88.267,A,1,S3,0
63,54,9,89,57,52,"1,2,3",263796,79.139,C,3,S6,1
63,49,8,48,35,33,"1,2,3",55440,16.632,C,3,S6,1
63,109,15,112,71,37,"2,3",294224,88.267,C,3,S6,1
63,81,11,92,86,66,"1,2,3",522192,156.658,C,3,S6,1
63,26,4,71,36,28,"2,3",71568,21.47,B,2,S5,1
63,52,8,48,35,33,"1,2,3",55440,16.632,B,2,S4,0
63,37,6,108,84,66,"1,2,3",598752,179.626,B,2,S4,1
63,39,6,108,84,66,"1,2,3",598752,179.626,B,2,S4,1
63,71,10,99,77,58,"1,2,3",442134,132.64,B,2,S5,1
63,72,10,99,77,58,"1,2,3",442134,132.64,B,2,S5,1
63,102,14,73,46,24,"2,3",80592,24.178,B,2,S4,1
63,101,14,73,46,24,"2,3",80592,24.178,B,2,S5,1
63,62,9,89,57,52,"1,2,3",263796,79.139,B,2,S5,1
63,64,9,89,57,52,"1,2,3",263796,79.139,B,2,S5,1
63,80,11,92,86,66,"1,2,3",522192,156.658,B,2,S4,1
63,61,9,89,57,52,"1,2,3",263796,79.139,A,1,S2,1
63,1,1,82,76,59,"1,2,3",367688,110.306,B,2,S4,1
63,45,7,90,51,45,"2,3",206550,61.965,B,2,S4,1
63,8,2,60,51,50,"1,2,3",153000,45.9,B,2,S5,1
63,60,9,89,57,52,"1,2,3",263796,79.139,B,2,S5,1
63,40,6,108,84,66,"1,2,3",598752,179.626,B,2,S5,1
63,32,5,89,77,26,3,178178,53.453,B,2,S5,1
63,41,7,90,51,45,"2,3",206550,61.965,B,2,S4,1
63,25,4,71,36,28,"2,3",71568,21.47,B,2,S5,1
63,107,15,112,71,37,"2,3",294224,88.267,B,2,S5,1
63,97,14,73,46,24,"2,3",80592,24.178,A,1,S2,0
63,87,12,93,80,46,"2,3",342240,102.672,A,1,S1,1
63,113,15,112,71,37,"2,3",294224,88.267,A,1,S2,1
63,76,11,92,86,66,"1,2,3",522192,156.658,A,1,S1,1
63,100,14,73,46,24,"2,3",80592,24.178,A,1,S2,1
63,88,12,93,80,46,"2,3",342240,102.672,B,2,S5,1
63,55,9,89,57,52,"1,2,3",263796,79.139,B,2,S5,1
63,93,14,73,46,24,"2,3",80592,24.178,A,1,S1,1
63,105,15,112,71,37,"2,3",294224,88.267,B,2,S5,1
63,10,2,60,51,50,"1,2,3",153000,45.9,A,1,S3,1
63,31,5,89,77,26,3,178178,53.453,A,1,S3,1
63,75,10,99,77,58,"1,2,3",442134,132.64,A,1,S2,1
63,48,8,48,35,33,"1,2,3",55440,16.632,A,1,S2,1
63,78,11,92,86,66,"1,2,3",522192,156.658,A,1,S1,1
63,79,11,92,86,66,"1,2,3",522192,156.658,A,1,S1,1
63,67,9,89,57,52,"1,2,3",263796,79.139,A,1,S1,1
63,11,2,60,51,50,"1,2,3",153000,45.9,A,1,S1,0
63,111,15,112,71,37,"2,3",294224,88.267,A,1,S3,1
63,112,15,112,71,37,"2,3",294224,88.267,A,1,S2,1
63,99,14,73,46,24,"2,3",80592,24.178,A,1,S2,1
63,59,9,89,57,52,"1,2,3",263796,79.139,A,1,S1,1
63,46,7,90,51,45,"2,3",206550,61.965,A,1,S1,1
63,30,5,89,77,26,3,178178,53.453,A,1,S1,1
63,84,12,93,80,46,"2,3",342240,102.672,A,1,S1,1
63,24,3,104,66,61,"1,2,3",418704,125.611,A,1,S2,0
63,36,5,89,77,26,3,178178,53.453,A,1,S2,1
64,1,1,114,54,20,3,123120,36.936,A,1,S3,1
64,70,9,113,75,68,"1,2,3",576300,172.89,A,1,S2,1
64,102,12,110,63,29,3,200970,60.291,C,3,S6,1
64,28,4,93,69,42,"2,3",269514,80.854,C,3,S6,1
64,64,8,54,53,32,"1,2,3",91584,27.475,C,3,S6,1
64,60,7,60,54,47,"1,2,3",152280,45.684,C,3,S6,1
64,58,7,60,54,47,"1,2,3",152280,45.684,A,1,S3,1
64,25,3,114,43,26,"2,3",127452,38.236,A,1,S2,1
64,31,4,93,69,42,"2,3",269514,80.854,B,2,S4,1
64,8,1,114,54,20,3,123120,36.936,C,3,S6,1
64,110,13,75,60,27,3,121500,36.45,B,2,S5,1
64,39,6,99,80,29,3,229680,68.904,C,3,S6,1
64,6,1,114,54,20,3,123120,36.936,C,3,S6,0
64,45,7,60,54,47,"1,2,3",152280,45.684,B,2,S4,1
64,56,7,60,54,47,"1,2,3",152280,45.684,B,2,S5,1
64,106,13,75,60,27,3,121500,36.45,A,1,S1,1
64,122,15,92,74,67,"1,2,3",456136,136.841,A,1,S1,1
64,51,7,60,54,47,"1,2,3",152280,45.684,A,1,S1,1
64,61,7,60,54,47,"1,2,3",152280,45.684,A,1,S3,1
64,54,7,60,54,47,"1,2,3",152280,45.684,A,1,S3,1
64,77,10,67,66,49,"1,2,3",216678,65.003,A,1,S3,1
64,66,8,54,53,32,"1,2,3",91584,27.475,A,1,S2,1
64,65,8,54,53,32,"1,2,3",91584,27.475,A,1,S1,0
64,46,7,60,54,47,"1,2,3",152280,45.684,B,2,S4,1
64,42,6,99,80,29,3,229680,68.904,C,3,S6,1
64,29,4,93,69,42,"2,3",269514,80.854,A,1,S3,0
64,97,12,110,63,29,3,200970,60.291,A,1,S3,1
64,37,5,80,79,64,"1,2,3",404480,121.344,A,1,S2,1
64,91,11,65,30,21,"2,3",40950,12.285,A,1,S2,1
64,94,12,110,63,29,3,200970,60.291,A,1,S1,1
64,30,4,93,69,42,"2,3",269514,80.854,C,3,S6,1
64,62,8,54,53,32,"1,2,3",91584,27.475,C,3,S6,1
64,44,7,60,54,47,"1,2,3",152280,45.684,A,1,S3,1
64,121,15,92,74,67,"1,2,3",456136,136.841,C,3,S6,1
64,92,12,110,63,29,3,200970,60.291,C,3,S6,1
64,68,9,113,75,68,"1,2,3",576300,172.89,C,3,S6,0
64,114,13,75,60,27,3,121500,36.45,A,1,S1,1
64,22,3,114,43,26,"2,3",127452,38.236,B,2,S4,0
64,98,12,110,63,29,3,200970,60.291,A,1,S1,0
64,120,15,92,74,67,"1,2,3",456136,136.841,B,2,S5,1
64,33,4,93,69,42,"2,3",269514,80.854,C,3,S6,1
64,117,14,95,71,40,"2,3",269800,80.94,B,2,S5,1
64,15,2,92,87,50,"1,2,3",400200,120.06,A,1,S1,1
64,81,10,67,66,49,"1,2,3",216678,65.003,B,2,S5,1
64,24,3,114,43,26,"2,3",127452,38.236,B,2,S5,1
64,73,9,113,75,68,"1,2,3",576300,172.89,B,2,S5,1
64,107,13,75,60,27,3,121500,36.45,A,1,S3,1
64,50,7,60,54,47,"1,2,3",152280,45.684,B,2,S4,1
64,9,2,92,87,50,"1,2,3",400200,120.06,A,1,S1,1
64,13,2,92,87,50,"1,2,3",400200,120.06,C,3,S6,1
64,12,2,92,87,50,"1,2,3",400200,120.06,C,3,S6,1
64,3,1,114,54,20,3,123120,36.936,C,3,S6,1
64,67,9,113,75,68,"1,2,3",576300,172.89,B,2,S4,1
64,93,12,110,63,29,3,200970,60.291,C,3,S6,1
64,59,7,60,54,47,"1,2,3",152280,45.684,C,3,S6,0
64,76,10,67,66,49,"1,2,3",216678,65.003,B,2,S5,1
64,38,6,99,80,29,3,229680,68.904,B,2,S4,1
64,125,15,92,74,67,"1,2,3",456136,136.841,B,2,S5,1
64,88,11,65,30,21,"2,3",40950,12.285,C,3,S6,1
64,90,11,65,30,21,"2,3",40950,12.285,C,3,S6,0
64,112,13,75,60,27,3,121500,36.45,C,3,S6,1
64,78,10,67,66,49,"1,2,3",216678,65.003,C,3,S6,1
64,123,15,92,74,67,"1,2,3",456136,136.841,A,1,S1,1
64,48,7,60,54,47,"1,2,3",152280,45.684,A,1,S1,1
64,108,13,75,60,27,3,121500,36.45,A,1,S1,1
64,116,14,95,71,40,"2,3",269800,80.94,C,3,S6,1
64,20,3,114,43,26,"2,3",127452,38.236,C,3,S6,1
64,71,9,113,75,68,"1,2,3",576300,172.89,C,3,S6,1
64,99,12,110,63,29,3,200970,60.291,C,3,S6,1
64,113,13,75,60,27,3,121500,36.45,C,3,S6,1
64,111,13,75,60,27,3,121500,36.45,A,1,S3,1
64,43,6,99,80,29,3,229680,68.904,A,1,S3,1
64,36,5,80,79,64,"1,2,3",404480,121.344,A,1,S2,1
64,69,9,113,75,68,"1,2,3",576300,172.89,A,1,S2,1
64,11,2,92,87,50,"1,2,3",400200,120.06,A,1,S2,1
64,85,11,65,30,21,"2,3",40950,12.285,A,1,S3,1
64,19,3,114,43,26,"2,3",127452,38.236,A,1,S3,1
64,35,5,80,79,64,"1,2,3",404480,121.344,A,1,S2,1
64,104,12,110,63,29,3,200970,60.291,A,1,S1,1
64,79,10,67,66,49,"1,2,3",216678,65.003,A,1,S3,1
64,74,9,113,75,68,"1,2,3",576300,172.89,A,1,S2,1
64,80,10,67,66,49,"1,2,3",216678,65.003,B,2,S4,1
64,89,11,65,30,21,"2,3",40950,12.285,A,1,S2,1
64,119,14,95,71,40,"2,3",269800,80.94,A,1,S2,1
64,53,7,60,54,47,"1,2,3",152280,45.684,C,3,S6,1
64,105,12,110,63,29,3,200970,60.291,C,3,S6,1
64,16,2,92,87,50,"1,2,3",400200,120.06,C,3,S6,1
64,100,12,110,63,29,3,200970,60.291,A,1,S1,1
64,41,6,99,80,29,3,229680,68.904,A,1,S1,1
64,124,15,92,74,67,"1,2,3",456136,136.841,A,1,S2,1
64,86,11,65,30,21,"2,3",40950,12.285,A,1,S2,1
64,103,12,110,63,29,3,200970,60.291,A,1,S3,1
64,72,9,113,75,68,"1,2,3",576300,172.89,B,2,S5,1
64,26,4,93,69,42,"2,3",269514,80.854,A,1,S3,1
64,109,13,75,60,27,3,121500,36.45,A,1,S2,1
64,96,12,110,63,29,3,200970,60.291,B,2,S4,1
64,118,14,95,71,40,"2,3",269800,80.94,B,2,S5,1
64,115,14,95,71,40,"2,3",269800,80.94,A,1,S1,0
64,57,7,60,54,47,"1,2,3",152280,45.684,A,1,S3,0
64,55,7,60,54,47,"1,2,3",152280,45.684,A,1,S2,1
64,83,10,67,66,49,"1,2,3",216678,65.003,A,1,S2,0
64,21,3,114,43,26,"2,3",127452,38.236,B,2,S4,1
64,34,5,80,79,64,"1,2,3",404480,121.344,B,2,S4,1
64,40,6,99,80,29,3,229680,68.904,B,2,S5,1
64,87,11,65,30,21,"2,3",40950,12.285,B,2,S4,1
64,10,2,92,87,50,"1,2,3",400200,120.06,B,2,S4,1
64,23,3,114,43,26,"2,3",127452,38.236,B,2,S5,1
64,17,2,92,87,50,"1,2,3",400200,120.06,B,2,S4,1
64,47,7,60,54,47,"1,2,3",152280,45.684,B,2,S5,1
64,5,1,114,54,20,3,123120,36.936,B,2,S5,1
64,101,12,110,63,29,3,200970,60.291,B,2,S4,1
64,7,1,114,54,20,3,123120,36.936,B,2,S5,1
64,27,4,93,69,42,"2,3",269514,80.854,B,2,S5,1
64,75,9,113,75,68,"1,2,3",576300,172.89,B,2,S4,1
64,84,10,67,66,49,"1,2,3",216678,65.003,B,2,S4,1
64,52,7,60,54,47,"1,2,3",152280,45.684,B,2,S5,1
64,95,12,110,63,29,3,200970,60.291,B,2,S5,1
64,32,4,93,69,42,"2,3",269514,80.854,B,2,S5,1
64,14,2,92,87,50,"1,2,3",400200,120.06,B,2,S4,1
64,63,8,54,53,32,"1,2,3",91584,27.475,B,2,S5,1
64,2,1,114,54,20,3,123120,36.936,B,2,S4,1
64,49,7,60,54,47,"1,2,3",152280,45.684,B,2,S5,1
64,4,1,114,54,20,3,123120,36.936,B,2,S4,0
64,18,2,92,87,50,"1,2,3",400200,120.06,B,2,S5,1
64,82,10,67,66,49,"1,2,3",216678,65.003,B,2,S5,1
65,3,1,55,50,26,"2,3",71500,21.45,A,1,S2,1
65,146,14,98,69,57,"1,2,3",385434,115.63,C,3,S6,1
65,93,10,74,34,21,"2,3",52836,15.851,C,3,S6,1
65,25,4,104,74,50,"2,3",384800,115.44,C,3,S6,1
65,28,4,104,74,50,"2,3",384800,115.44,C,3,S6,1
65,29,4,104,74,50,"2,3",384800,115.44,B,2,S5,1
65,137,14,98,69,57,"1,2,3",385434,115.63,C,3,S6,1
65,75,8,78,73,72,"1,2,3",409968,122.99,C,3,S6,1
65,18,3,47,34,26,"1,2,3",41548,12.464,C,3,S6,1
65,144,14,98,69,57,"1,2,3",385434,115.63,C,3,S6,1
65,45,6,53,52,38,"1,2,3",104728,31.418,B,2,S5,1
65,78,8,78,73,72,"1,2,3",409968,122.99,A,1,S2,0
65,127,13,75,44,35,"2,3",115500,34.65,A,1,S1,0
65,124,12,79,50,40,"1,2,3",158000,47.4,A,1,S2,1
65,77,8,78,73,72,"1,2,3",409968,122.99,A,1,S2,1
65,54,6,53,52,38,"1,2,3",104728,31.418,C,3,S6,0
65,81,9,77,62,24,3,114576,34.373,A,1,S3,1
65,103,10,74,34,21,"2,3",52836,15.851,A,1,S1,1
65,136,14,98,69,57,"1,2,3",385434,115.63,A,1,S2,1
65,96,10,74,34,21,"2,3",52836,15.851,A,1,S2,1
65,139,14,98,69,57,"1,2,3",385434,115.63,A,1,S1,1
65,10,2,48,42,37,"1,2,3",74592,22.378,B,2,S4,1
65,119,12,79,50,40,"1,2,3",158000,47.4,A,1,S2,1
65,102,10,74,34,21,"2,3",52836,15.851,B,2,S5,1
65,111,11,49,38,37,"1,2,3",68894,20.668,B,2,S5,1
65,143,14,98,69,57,"1,2,3",385434,115.63,B,2,S4,1
65,60,7,108,69,49,"2,3",365148,109.544,A,1,S2,1
65,4,1,55,50,26,"2,3",71500,21.45,A,1,S3,1
65,148,14,98,69,57,"1,2,3",385434,115.63,A,1,S1,1
65,23,3,47,34,26,"1,2,3",41548,12.464,A,1,S3,1
65,71,7,108,69,49,"2,3",365148,109.544,A,1,S1,1
65,84,9,77,62,24,3,114576,34.373,A,1,S3,1
65,2,1,55,50,26,"2,3",71500,21.45,B,2,S4,1
65,21,3,47,34,26,"1,2,3",41548,12.464,B,2,S5,1
65,134,13,75,44,35,"2,3",115500,34.65,B,2,S4,1
65,43,5,83,70,40,"2,3",232400,69.72,B,2,S5,1
65,34,5,83,70,40,"2,3",232400,69.72,B,2,S4,0
65,74,8,78,73,72,"1,2,3",409968,122.99,A,1,S1,1
65,58,7,108,69,49,"2,3",365148,109.544,B,2,S4,1
65,15,3,47,34,26,"1,2,3",41548,12.464,A,1,S2,1
65,51,6,53,52,38,"1,2,3",104728,31.418,A,1,S1,1
65,73,8,78,73,72,"1,2,3",409968,122.99,A,1,S3,1
65,89,9,77,62,24,3,114576,34.373,A,1,S1,1
65,67,7,108,69,49,"2,3",365148,109.544,A,1,S1,1
65,6,1,55,50,26,"2,3",71500,21.45,C,3,S6,1
65,150,15,72,62,36,"2,3",160704,48.211,C,3,S6,0
65,152,15,72,62,36,"2,3",160704,48.211,C,3,S6,1
65,44,5,83,70,40,"2,3",232400,69.72,C,3,S6,1
65,61,7,108,69,49,"2,3",365148,109.544,C,3,S6,1
65,88,9,77,62,24,3,114576,34.373,B,2,S4,1
65,14,2,48,42,37,"1,2,3",74592,22.378,A,1,S2,1
65,27,4,104,74,50,"2,3",384800,115.44,A,1,S3,1
65,130,13,75,44,35,"2,3",115500,34.65,A,1,S3,0
65,95,10,74,34,21,"2,3",52836,15.851,A,1,S3,1
65,79,8,78,73,72,"1,2,3",409968,122.99,A,1,S3,1
65,97,10,74,34,21,"2,3",52836,15.851,A,1,S3,1
65,99,10,74,34,21,"2,3",52836,15.851,A,1,S2,0
65,92,9,77,62,24,3,114576,34.373,C,3,S6,1
65,66,7,108,69,49,"2,3",365148,109.544,C,3,S6,0
65,115,12,79,50,40,"1,2,3",158000,47.4,B,2,S5,1
65,17,3,47,34,26,"1,2,3",41548,12.464,B,2,S5,0
65,116,12,79,50,40,"1,2,3",158000,47.4,C,3,S6,1
65,41,5,83,70,40,"2,3",232400,69.72,A,1,S1,1
65,30,4,104,74,50,"2,3",384800,115.44,B,2,S4,1
65,47,6,53,52,38,"1,2,3",104728,31.418,B,2,S4,1
65,80,9,77,62,24,3,114576,34.373,B,2,S4,1
65,156,15,72,62,36,"2,3",160704,48.211,B,2,S4,1
65,22,3,47,34,26,"1,2,3",41548,12.464,B,2,S5,1
65,135,14,98,69,57,"1,2,3",385434,115.63,B,2,S4,1
65,9,2,48,42,37,"1,2,3",74592,22.378,A,1,S3,1
65,106,11,49,38,37,"1,2,3",68894,20.668,C,3,S6,1
65,64,7,108,69,49,"2,3",365148,109.544,C,3,S6,1
65,70,7,108,69,49,"2,3",365148,109.544,C,3,S6,1
65,38,5,83,70,40,"2,3",232400,69.72,B,2,S5,1
65,20,3,47,34,26,"1,2,3",41548,12.464,A,1,S3,1
65,68,7,108,69,49,"2,3",365148,109.544,C,3,S6,1
65,16,3,47,34,26,"1,2,3",41548,12.464,C,3,S6,1
65,153,15,72,62,36,"2,3",160704,48.211,C,3,S6,1
65,91,9,77,62,24,3,114576,34.373,B,2,S5,1
65,98,10,74,34,21,"2,3",52836,15.851,C,3,S6,1
65,48,6,53,52,38,"1,2,3",104728,31.418,C,3,S6,0
65,141,14,98,69,57,"1,2,3",385434,115.63,A,1,S1,1
65,42,5,83,70,40,"2,3",232400,69.72,B,2,S4,1
65,1,1,55,50,26,"2,3",71500,21.45,B,2,S4,1
65,39,5,83,70,40,"2,3",232400,69.72,B,2,S5,1
65,123,12,79,50,40,"1,2,3",158000,47.4,B,2,S4,1
65,62,7,108,69,49,"2,3",365148,109.544,C,3,S6,1
65,46,6,53,52,38,"1,2,3",104728,31.418,C,3,S6,1
65,100,10,74,34,21,"2,3",52836,15.851,C,3,S6,1
65,24,4,104,74,50,"2,3",384800,115.44,B,2,S5,1
65,56,6,53,52,38,"1,2,3",104728,31.418,A,1,S3,1
65,59,7,108,69,49,"2,3",365148,109.544,B,2,S4,1
65,90,9,77,62,24,3,114576,34.373,C,3,S6,1
65,65,7,108,69,49,"2,3",365148,109.544,C,3,S6,1
65,120,12,79,50,40,"1,2,3",158000,47.4,A,1,S3,1
65,125,12,79,50,40,"1,2,3",158000,47.4,C,3,S6,1
65,82,9,77,62,24,3,114576,34.373,A,1,S2,0
65,109,11,49,38,37,"1,2,3",68894,20.668,B,2,S4,0
65,108,11,49,38,37,"1,2,3",68894,20.668,A,1,S2,1
65,131,13,75,44,35,"2,3",115500,34.65,B,2,S5,1
65,117,12,79,50,40,"1,2,3",158000,47.4,B,2,S4,1
65,72,8,78,73,72,"1,2,3",409968,122.99,B,2,S5,1
65,50,6,53,52,38,"1,2,3",104728,31.418,B,2,S5,1
65,26,4,104,74,50,"2,3",384800,115.44,B,2,S5,1
65,37,5,83,70,40,"2,3",232400,69.72,A,1,S2,1
65,40,5,83,70,40,"2,3",232400,69.72,A,1,S1,1
65,145,14,98,69,57,"1,2,3",385434,115.63,A,1,S1,1
65,85,9,77,62,24,3,114576,34.373,A,1,S3,1
65,118,12,79,50,40,"1,2,3",158000,47.4,A,1,S3,1
65,11,2,48,42,37,"1,2,3",74592,22.378,A,1,S2,1
65,76,8,78,73,72,"1,2,3",409968,122.99,A,1,S3,1
65,94,10,74,34,21,"2,3",52836,15.851,A,1,S1,1
65,122,12,79,50,40,"1,2,3",158000,47.4,A,1,S2,1
65,155,15,72,62,36,"2,3",160704,48.211,A,1,S1,1
65,129,13,75,44,35,"2,3",115500,34.65,A,1,S1,1
65,5,1,55,50,26,"2,3",71500,21.45,A,1,S3,0
65,57,7,108,69,49,"2,3",365148,109.544,B,2,S4,1
65,154,15,72,62,36,"2,3",160704,48.211,B,2,S4,1
65,32,5,83,70,40,"2,3",232400,69.72,B,2,S5,1
65,31,4,104,74,50,"2,3",384800,115.44,A,1,S3,0
65,101,10,74,34,21,"2,3",52836,15.851,A,1,S1,1
65,36,5,83,70,40,"2,3",232400,69.72,A,1,S1,1
65,107,11,49,38,37,"1,2,3",68894,20.668,A,1,S2,1
65,13,2,48,42,37,"1,2,3",74592,22.378,A,1,S2,1
65,142,14,98,69,57,"1,2,3",385434,115.63,A,1,S3,1
65,121,12,79,50,40,"1,2,3",158000,47.4,C,3,S6,1
65,35,5,83,70,40,"2,3",232400,69.72,C,3,S6,0
65,133,13,75,44,35,"2,3",115500,34.65,C,3,S6,1
65,7,2,48,42,37,"1,2,3",74592,22.378,A,1,S2,1
65,140,14,98,69,57,"1,2,3",385434,115.63,C,3,S6,1
65,110,11,49,38,37,"1,2,3",68894,20.668,A,1,S3,1
65,151,15,72,62,36,"2,3",160704,48.211,A,1,S3,1
65,128,13,75,44,35,"2,3",115500,34.65,A,1,S2,1
65,149,15,72,62,36,"2,3",160704,48.211,A,1,S3,1
65,113,12,79,50,40,"1,2,3",158000,47.4,A,1,S2,1
65,114,12,79,50,40,"1,2,3",158000,47.4,B,2,S5,1
65,147,14,98,69,57,"1,2,3",385434,115.63,B,2,S4,1
65,112,12,79,50,40,"1,2,3",158000,47.4,B,2,S4,1
65,83,9,77,62,24,3,114576,34.373,C,3,S6,1
65,132,13,75,44,35,"2,3",115500,34.65,C,3,S6,1
65,33,5,83,70,40,"2,3",232400,69.72,C,3,S6,1
65,49,6,53,52,38,"1,2,3",104728,31.418,C,3,S6,1
65,87,9,77,62,24,3,114576,34.373,B,2,S4,1
65,104,10,74,34,21,"2,3",52836,15.851,B,2,S4,1
65,63,7,108,69,49,"2,3",365148,109.544,B,2,S4,1
65,19,3,47,34,26,"1,2,3",41548,12.464,B,2,S4,0
65,69,7,108,69,49,"2,3",365148,109.544,B,2,S4,1
65,52,6,53,52,38,"1,2,3",104728,31.418,B,2,S5,1
65,8,2,48,42,37,"1,2,3",74592,22.378,B,2,S4,1
65,53,6,53,52,38,"1,2,3",104728,31.418,B,2,S4,1
65,12,2,48,42,37,"1,2,3",74592,22.378,B,2,S5,1
65,105,11,49,38,37,"1,2,3",68894,20.668,B,2,S5,1
65,55,6,53,52,38,"1,2,3",104728,31.418,B,2,S5,1
65,138,14,98,69,57,"1,2,3",385434,115.63,B,2,S5,1
65,126,13,75,44,35,"2,3",115500,34.65,B,2,S5,1
65,86,9,77,62,24,3,114576,34.373,B,2,S5,1
66,23,2,84,63,46,"1,2,3",243432,73.03,A,1,S2,1
66,71,9,48,41,40,"1,2,3",78720,23.616,B,2,S4,1
66,76,10,92,82,53,"1,2,3",399832,119.95,B,2,S4,1
66,94,13,90,71,60,"1,2,3",383400,115.02,A,1,S2,0
66,33,4,76,55,30,"2,3",125400,37.62,A,1,S3,1
66,70,9,48,41,40,"1,2,3",78720,23.616,A,1,S1,1
66,47,6,115,77,53,"2,3",469315,140.794,B,2,S5,0
66,5,1,87,45,32,"2,3",125280,37.584,A,1,S1,1
66,34,4,76,55,30,"2,3",125400,37.62,A,1,S1,1
66,8,1,87,45,32,"2,3",125280,37.584,A,1,S3,1
66,15,1,87,45,32,"2,3",125280,37.584,A,1,S3,1
66,9,1,87,45,32,"2,3",125280,37.584,A,1,S2,1
66,14,1,87,45,32,"2,3",125280,37.584,A,1,S1,1
66,61,8,93,91,62,"1,2,3",524706,157.412,A,1,S1,1
66,83,11,102,69,54,"1,2,3",380052,114.016,A,1,S3,1
66,112,15,73,58,52,"1,2,3",220168,66.05,C,3,S6,1
66,36,5,87,78,61,"1,2,3",413946,124.184,B,2,S4,1
66,6,1,87,45,32,"2,3",125280,37.584,A,1,S2,1
66,63,8,93,91,62,"1,2,3",524706,157.412,B,2,S5,1
66,37,5,87,78,61,"1,2,3",413946,124.184,B,2,S5,1
66,25,2,84,63,46,"1,2,3",243432,73.03,C,3,S6,1
66,2,1,87,45,32,"2,3",125280,37.584,C,3,S6,1
66,87,12,80,52,34,"2,3",141440,42.432,A,1,S3,0
66,58,7,78,72,51,"1,2,3",286416,85.925,A,1,S2,1
66,115,15,73,58,52,"1,2,3",220168,66.05,A,1,S1,1
66,98,13,90,71,60,"1,2,3",383400,115.02,A,1,S3,1
66,69,9,48,41,40,"1,2,3",78720,23.616,A,1,S2,1
66,93,12,80,52,34,"2,3",141440,42.432,A,1,S2,1
66,10,1,87,45,32,"2,3",125280,37.584,A,1,S2,1
66,45,6,115,77,53,"2,3",469315,140.794,A,1,S2,1
66,91,12,80,52,34,"2,3",141440,42.432,A,1,S1,1
66,96,13,90,71,60,"1,2,3",383400,115.02,A,1,S1,1
66,106,14,66,43,42,"1,2,3",119196,35.759,A,1,S2,1
66,26,3,84,67,44,"1,2,3",247632,74.29,A,1,S3,1
66,100,14,66,43,42,"1,2,3",119196,35.759,B,2,S5,1
66,28,3,84,67,44,"1,2,3",247632,74.29,B,2,S5,1
66,114,15,73,58,52,"1,2,3",220168,66.05,B,2,S5,1
66,17,2,84,63,46,"1,2,3",243432,73.03,B,2,S5,0
66,105,14,66,43,42,"1,2,3",119196,35.759,B,2,S4,1
66,13,1,87,45,32,"2,3",125280,37.584,C,3,S6,1
66,12,1,87,45,32,"2,3",125280,37.584,A,1,S3,1
66,30,3,84,67,44,"1,2,3",247632,74.29,A,1,S3,1
66,18,2,84,63,46,"1,2,3",243432,73.03,B,2,S4,1
66,44,6,115,77,53,"2,3",469315,140.794,C,3,S6,1
66,107,14,66,43,42,"1,2,3",119196,35.759,C,3,S6,1
66,31,4,76,55,30,"2,3",125400,37.62,B,2,S5,0
66,110,15,73,58,52,"1,2,3",220168,66.05,B,2,S5,1
66,50,7,78,72,51,"1,2,3",286416,85.925,B,2,S5,1
66,101,14,66,43,42,"1,2,3",119196,35.759,B,2,S4,1
66,54,7,78,72,51,"1,2,3",286416,85.925,B,2,S5,1
66,35,4,76,55,30,"2,3",125400,37.62,B,2,S4,1
66,81,11,102,69,54,"1,2,3",380052,114.016,A,1,S2,1
66,60,7,78,72,51,"1,2,3",286416,85.925,C,3,S6,1
66,79,10,92,82,53,"1,2,3",399832,119.95,C,3,S6,1
66,103,14,66,43,42,"1,2,3",119196,35.759,A,1,S1,1
66,41,5,87,78,61,"1,2,3",413946,124.184,A,1,S2,1
66,16,1,87,45,32,"2,3",125280,37.584,A,1,S1,1
66,32,4,76,55,30,"2,3",125400,37.62,A,1,S2,0
66,11,1,87,45,32,"2,3",125280,37.584,C,3,S6,1
66,86,12,80,52,34,"2,3",141440,42.432,C,3,S6,1
66,48,6,115,77,53,"2,3",469315,140.794,C,3,S6,1
66,92,12,80,52,34,"2,3",141440,42.432,A,1,S1,1
66,108,15,73,58,52,"1,2,3",220168,66.05,A,1,S3,1
66,66,8,93,91,62,"1,2,3",524706,157.412,A,1,S1,1
66,84,11,102,69,54,"1,2,3",380052,114.016,A,1,S3,0
66,19,2,84,63,46,"1,2,3",243432,73.03,B,2,S4,1
66,77,10,92,82,53,"1,2,3",399832,119.95,B,2,S4,1
66,113,15,73,58,52,"1,2,3",220168,66.05,B,2,S4,1
66,74,10,92,82,53,"1,2,3",399832,119.95,B,2,S4,1
66,62,8,93,91,62,"1,2,3",524706,157.412,B,2,S4,1
66,22,2,84,63,46,"1,2,3",243432,73.03,B,2,S4,1
66,55,7,78,72,51,"1,2,3",286416,85.925,B,2,S5,1
66,75,10,92,82,53,"1,2,3",399832,119.95,B,2,S4,1
66,24,2,84,63,46,"1,2,3",243432,73.03,B,2,S4,1
66,43,6,115,77,53,"2,3",469315,140.794,B,2,S4,1
66,42,5,87,78,61,"1,2,3",413946,124.184,C,3,S6,0
66,68,9,48,41,40,"1,2,3",78720,23.616,C,3,S6,1
66,3,1,87,45,32,"2,3",125280,37.584,B,2,S5,1
66,46,6,115,77,53,"2,3",469315,140.794,B,2,S4,1
66,21,2,84,63,46,"1,2,3",243432,73.03,A,1,S2,1
66,104,14,66,43,42,"1,2,3",119196,35.759,A,1,S1,1
66,53,7,78,72,51,"1,2,3",286416,85.925,A,1,S2,1
66,67,8,93,91,62,"1,2,3",524706,157.412,C,3,S6,1
66,27,3,84,67,44,"1,2,3",247632,74.29,C,3,S6,1
66,95,13,90,71,60,"1,2,3",383400,115.02,C,3,S6,1
66,82,11,102,69,54,"1,2,3",380052,114.016,C,3,S6,0
66,73,9,48,41,40,"1,2,3",78720,23.616,C,3,S6,1
66,90,12,80,52,34,"2,3",141440,42.432,C,3,S6,1
66,1,1,87,45,32,"2,3",125280,37.584,C,3,S6,1
66,109,15,73,58,52,"1,2,3",220168,66.05,A,1,S1,1
66,99,14,66,43,42,"1,2,3",119196,35.759,A,1,S2,1
66,29,3,84,67,44,"1,2,3",247632,74.29,C,3,S6,1
66,72,9,48,41,40,"1,2,3",78720,23.616,C,3,S6,1
66,89,12,80,52,34,"2,3",141440,42.432,C,3,S6,1
66,102,14,66,43,42,"1,2,3",119196,35.759,B,2,S5,1
66,78,10,92,82,53,"1,2,3",399832,119.95,A,1,S3,1
66,49,7,78,72,51,"1,2,3",286416,85.925,B,2,S5,1
66,51,7,78,72,51,"1,2,3",286416,85.925,B,2,S5,1
66,56,7,78,72,51,"1,2,3",286416,85.925,B,2,S4,1
66,111,15,73,58,52,"1,2,3",220168,66.05,A,1,S3,0
66,39,5,87,78,61,"1,2,3",413946,124.184,B,2,S4,1
66,40,5,87,78,61,"1,2,3",413946,124.184,A,1,S2,1
66,20,2,84,63,46,"1,2,3",243432,73.03,C,3,S6,1
66,65,8,93,91,62,"1,2,3",524706,157.412,B,2,S5,1
66,57,7,78,72,51,"1,2,3",286416,85.925,A,1,S2,1
66,7,1,87,45,32,"2,3",125280,37.584,A,1,S3,1
66,4,1,87,45,32,"2,3",125280,37.584,B,2,S5,0
66,80,10,92,82,53,"1,2,3",399832,119.95,B,2,S5,1
66,88,12,80,52,34,"2,3",141440,42.432,B,2,S5,1
66,59,7,78,72,51,"1,2,3",286416,85.925,B,2,S5,1
66,52,7,78,72,51,"1,2,3",286416,85.925,B,2,S4,1
66,64,8,93,91,62,"1,2,3",524706,157.412,C,3,S6,1
66,97,13,90,71,60,"1,2,3",383400,115.02,C,3,S6,0
66,38,5,87,78,61,"1,2,3",413946,124.184,C,3,S6,1
66,116,15,73,58,52,"1,2,3",220168,66.05,C,3,S6,1
66,85,12,80,52,34,"2,3",141440,42.432,C,3,S6,1
67,133,14,91,33,29,"2,3",87087,26.126,C,3,S6,1
67,75,9,97,56,35,"2,3",190120,57.036,C,3,S6,1
67,90,10,90,60,25,3,135000,40.5,C,3,S6,1
67,141,15,53,34,31,"1,2,3",55862,16.759,C,3,S6,1
67,3,1,119,41,38,"2,3",185402,55.621,A,1,S2,1
67,67,8,113,47,34,"2,3",180574,54.172,A,1,S2,1
67,138,14,91,33,29,"2,3",87087,26.126,A,1,S3,0
67,131,14,91,33,29,"2,3",87087,26.126,C,3,S6,1
67,4,1,119,41,38,"2,3",185402,55.621,C,3,S6,1
67,118,13,105,77,31,3,250635,75.191,C,3,S6,1
67,2,1,119,41,38,"2,3",185402,55.621,C,3,S6,1
67,29,4,71,47,36,"1,2,3",120132,36.04,C,3,S6,1
67,92,10,90,60,25,3,135000,40.5,A,1,S2,1
67,30,5,90,55,51,"1,2,3",252450,75.735,A,1,S1,1
67,95,11,88,75,70,"1,2,3",462000,138.6,C,3,S6,1
67,66,8,113,47,34,"2,3",180574,54.172,C,3,S6,1
67,45,6,87,68,40,"2,3",236640,70.992,B,2,S4,0
67,99,11,88,75,70,"1,2,3",462000,138.6,A,1,S3,1
67,39,5,90,55,51,"1,2,3",252450,75.735,A,1,S2,1
67,7,1,119,41,38,"2,3",185402,55.621,A,1,S1,0
67,77,9,97,56,35,"2,3",190120,57.036,A,1,S2,1
67,9,1,119,41,38,"2,3",185402,55.621,A,1,S3,0
67,129,14,91,33,29,"2,3",87087,26.126,A,1,S3,1
67,127,14,91,33,29,"2,3",87087,26.126,B,2,S4,1
67,130,14,91,33,29,"2,3",87087,26.126,B,2,S4,1
67,120,13,105,77,31,3,250635,75.191,B,2,S5,1
67,128,14,91,33,29,"2,3",87087,26.126,B,2,S4,1
67,88,10,90,60,25,3,135000,40.5,B,2,S5,1
67,148,15,53,34,31,"1,2,3",55862,16.759,B,2,S5,1
67,13,2,90,44,35,"2,3",138600,41.58,B,2,S5,1
67,61,8,113,47,34,"2,3",180574,54.172,A,1,S2,1
67,17,2,90,44,35,"2,3",138600,41.58,A,1,S1,1
67,102,11,88,75,70,"1,2,3",462000,138.6,B,2,S5,1
67,111,12,111,64,51,"2,3",362304,108.691,A,1,S1,1
67,134,14,91,33,29,"2,3",87087,26.126,A,1,S3,1
67,149,15,53,34,31,"1,2,3",55862,16.759,C,3,S6,1
67,97,11,88,75,70,"1,2,3",462000,138.6,C,3,S6,0
67,83,10,90,60,25,3,135000,40.5,C,3,S6,1
67,57,7,87,53,36,"2,3",165996,49.799,A,1,S3,0
67,142,15,53,34,31,"1,2,3",55862,16.759,A,1,S1,1
67,87,10,90,60,25,3,135000,40.5,A,1,S2,1
67,108,12,111,64,51,"2,3",362304,108.691,A,1,S1,1
67,98,11,88,75,70,"1,2,3",462000,138.6,A,1,S3,1
67,76,9,97,56,35,"2,3",190120,57.036,C,3,S6,1
67,85,10,90,60,25,3,135000,40.5,C,3,S6,1
67,56,7,87,53,36,"2,3",165996,49.799,A,1,S1,1
67,113,12,111,64,51,"2,3",362304,108.691,B,2,S5,1
67,103,11,88,75,70,"1,2,3",462000,138.6,C,3,S6,1
67,150,15,53,34,31,"1,2,3",55862,16.759,C,3,S6,1
67,46,6,87,68,40,"2,3",236640,70.992,A,1,S3,1
67,73,9,97,56,35,"2,3",190120,57.036,A,1,S1,1
67,80,9,97,56,35,"2,3",190120,57.036,C,3,S6,1
67,41,6,87,68,40,"2,3",236640,70.992,C,3,S6,1
67,6,1,119,41,38,"2,3",185402,55.621,B,2,S4,1
67,114,12,111,64,51,"2,3",362304,108.691,B,2,S5,1
67,49,6,87,68,40,"2,3",236640,70.992,B,2,S4,1
67,70,8,113,47,34,"2,3",180574,54.172,A,1,S1,1
67,63,8,113,47,34,"2,3",180574,54.172,A,1,S2,1
67,42,6,87,68,40,"2,3",236640,70.992,B,2,S4,1
67,126,14,91,33,29,"2,3",87087,26.126,B,2,S4,1
67,91,10,90,60,25,3,135000,40.5,B,2,S5,1
67,119,13,105,77,31,3,250635,75.191,B,2,S5,1
67,71,8,113,47,34,"2,3",180574,54.172,B,2,S4,1
67,65,8,113,47,34,"2,3",180574,54.172,B,2,S4,1
67,106,12,111,64,51,"2,3",362304,108.691,B,2,S5,0
67,96,11,88,75,70,"1,2,3",462000,138.6,A,1,S3,1
67,144,15,53,34,31,"1,2,3",55862,16.759,A,1,S2,1
67,123,13,105,77,31,3,250635,75.191,A,1,S1,1
67,10,2,90,44,35,"2,3",138600,41.58,A,1,S2,1
67,11,2,90,44,35,"2,3",138600,41.58,C,3,S6,0
67,19,3,67,55,27,3,99495,29.849,C,3,S6,1
67,38,5,90,55,51,"1,2,3",252450,75.735,B,2,S5,1
67,79,9,97,56,35,"2,3",190120,57.036,B,2,S5,1
67,27,4,71,47,36,"1,2,3",120132,36.04,C,3,S6,1
67,124,13,105,77,31,3,250635,75.191,B,2,S4,1
67,16,2,90,44,35,"2,3",138600,41.58,B,2,S4,1
67,78,9,97,56,35,"2,3",190120,57.036,B,2,S5,1
67,84,10,90,60,25,3,135000,40.5,B,2,S4,1
67,116,13,105,77,31,3,250635,75.191,C,3,S6,1
67,36,5,90,55,51,"1,2,3",252450,75.735,B,2,S5,1
67,37,5,90,55,51,"1,2,3",252450,75.735,B,2,S4,1
67,5,1,119,41,38,"2,3",185402,55.621,B,2,S5,1
67,59,8,113,47,34,"2,3",180574,54.172,B,2,S4,1
67,47,6,87,68,40,"2,3",236640,70.992,B,2,S4,1
67,112,12,111,64,51,"2,3",362304,108.691,B,2,S4,1
67,93,11,88,75,70,"1,2,3",462000,138.6,C,3,S6,1
67,24,3,67,55,27,3,99495,29.849,C,3,S6,1
67,94,11,88,75,70,"1,2,3",462000,138.6,B,2,S5,1
67,72,9,97,56,35,"2,3",190120,57.036,A,1,S2,1
67,68,8,113,47,34,"2,3",180574,54.172,A,1,S2,0
67,22,3,67,55,27,3,99495,29.849,A,1,S1,1
67,52,7,87,53,36,"2,3",165996,49.799,A,1,S3,1
67,28,4,71,47,36,"1,2,3",120132,36.04,A,1,S3,1
67,54,7,87,53,36,"2,3",165996,49.799,A,1,S2,1
67,23,3,67,55,27,3,99495,29.849,A,1,S1,1
67,44,6,87,68,40,"2,3",236640,70.992,B,2,S5,1
67,109,12,111,64,51,"2,3",362304,108.691,A,1,S3,1
67,33,5,90,55,51,"1,2,3",252450,75.735,B,2,S5,1
67,26,4,71,47,36,"1,2,3",120132,36.04,B,2,S4,1
67,105,12,111,64,51,"2,3",362304,108.691,B,2,S4,1
67,51,7,87,53,36,"2,3",165996,49.799,C,3,S6,1
67,48,6,87,68,40,"2,3",236640,70.992,A,1,S3,1
67,12,2,90,44,35,"2,3",138600,41.58,A,1,S3,1
67,18,2,90,44,35,"2,3",138600,41.58,A,1,S1,1
67,140,15,53,34,31,"1,2,3",55862,16.759,C,3,S6,1
67,139,15,53,34,31,"1,2,3",55862,16.759,C,3,S6,1
67,15,2,90,44,35,"2,3",138600,41.58,C,3,S6,1
67,135,14,91,33,29,"2,3",87087,26.126,A,1,S3,1
67,100,11,88,75,70,"1,2,3",462000,138.6,A,1,S3,1
67,147,15,53,34,31,"1,2,3",55862,16.759,A,1,S1,1
67,32,5,90,55,51,"1,2,3",252450,75.735,A,1,S3,1
67,25,4,71,47,36,"1,2,3",120132,36.04,A,1,S1,1
67,55,7,87,53,36,"2,3",165996,49.799,A,1,S3,1
67,53,7,87,53,36,"2,3",165996,49.799,A,1,S1,1
67,14,2,90,44,35,"2,3",138600,41.58,A,1,S1,1
67,125,13,105,77,31,3,250635,75.191,C,3,S6,1
67,8,1,119,41,38,"2,3",185402,55.621,C,3,S6,0
67,21,3,67,55,27,3,99495,29.849,C,3,S6,1
67,81,9,97,56,35,"2,3",190120,57.036,C,3,S6,1
67,50,7,87,53,36,"2,3",165996,49.799,A,1,S2,1
67,121,13,105,77,31,3,250635,75.191,A,1,S2,1
67,1,1,119,41,38,"2,3",185402,55.621,A,1,S2,0
67,115,12,111,64,51,"2,3",362304,108.691,A,1,S2,1
67,132,14,91,33,29,"2,3",87087,26.126,A,1,S1,1
67,110,12,111,64,51,"2,3",362304,108.691,C,3,S6,1
67,31,5,90,55,51,"1,2,3",252450,75.735,A,1,S2,1
67,136,14,91,33,29,"2,3",87087,26.126,B,2,S5,1
67,58,7,87,53,36,"2,3",165996,49.799,B,2,S5,0
67,86,10,90,60,25,3,135000,40.5,B,2,S5,1
67,145,15,53,34,31,"1,2,3",55862,16.759,B,2,S5,1
67,122,13,105,77,31,3,250635,75.191,B,2,S5,1
67,40,6,87,68,40,"2,3",236640,70.992,A,1,S2,0
67,43,6,87,68,40,"2,3",236640,70.992,C,3,S6,1
67,104,12,111,64,51,"2,3",362304,108.691,C,3,S6,0
67,146,15,53,34,31,"1,2,3",55862,16.759,A,1,S1,1
67,107,12,111,64,51,"2,3",362304,108.691,A,1,S2,1
67,20,3,67,55,27,3,99495,29.849,A,1,S3,1
67,62,8,113,47,34,"2,3",180574,54.172,A,1,S1,1
67,34,5,90,55,51,"1,2,3",252450,75.735,B,2,S5,1
67,89,10,90,60,25,3,135000,40.5,B,2,S5,1
67,101,11,88,75,70,"1,2,3",462000,138.6,B,2,S4,1
67,82,10,90,60,25,3,135000,40.5,A,1,S2,1
67,60,8,113,47,34,"2,3",180574,54.172,B,2,S4,1
67,143,15,53,34,31,"1,2,3",55862,16.759,B,2,S4,1
67,64,8,113,47,34,"2,3",180574,54.172,B,2,S4,1
67,117,13,105,77,31,3,250635,75.191,B,2,S4,1
67,35,5,90,55,51,"1,2,3",252450,75.735,C,3,S6,1
67,69,8,113,47,34,"2,3",180574,54.172,B,2,S4,0
67,74,9,97,56,35,"2,3",190120,57.036,B,2,S5,1
67,137,14,91,33,29,"2,3",87087,26.126,B,2,S5,1
68,20,4,109,92,51,"2,3",511428,153.428,A,1,S2,1
68,91,13,120,66,32,3,253440,76.032,A,1,S2,1
68,71,11,48,31,25,"1,2,3",37200,11.16,A,1,S1,1
68,54,9,98,72,61,"1,2,3",430416,129.125,A,1,S3,1
68,88,13,120,66,32,3,253440,76.032,A,1,S3,0
68,16,3,65,49,48,"1,2,3",152880,45.864,A,1,S2,1
68,101,15,102,71,49,"2,3",354858,106.457,A,1,S1,1
68,77,12,75,67,50,"1,2,3",251250,75.375,A,1,S3,1
68,48,8,52,42,31,"1,2,3",67704,20.311,B,2,S4,1
68,47,8,52,42,31,"1,2,3",67704,20.311,B,2,S4,1
68,1,1,60,44,36,"1,2,3",95040,28.512,B,2,S5,1
68,11,2,76,42,40,"1,2,3",127680,38.304,C,3,S6,1
68,15,3,65,49,48,"1,2,3",152880,45.864,B,2,S5,1
68,37,6,83,64,59,"1,2,3",313408,94.022,B,2,S4,1
68,7,2,76,42,40,"1,2,3",127680,38.304,B,2,S5,1
68,68,11,48,31,25,"1,2,3",37200,11.16,B,2,S4,1
68,24,5,93,42,31,"2,3",121086,36.326,A,1,S1,1
68,38,6,83,64,59,"1,2,3",313408,94.022,C,3,S6,1
68,41,7,96,90,55,"1,2,3",475200,142.56,B,2,S5,1
68,73,11,48,31,25,"1,2,3",37200,11.16,A,1,S1,1
68,92,14,91,76,65,"1,2,3",449540,134.862,C,3,S6,1
68,61,10,118,98,57,"2,3",659148,197.744,C,3,S6,1
68,18,4,109,92,51,"2,3",511428,153.428,C,3,S6,1
68,25,5,93,42,31,"2,3",121086,36.326,A,1,S3,1
68,74,11,48,31,25,"1,2,3",37200,11.16,A,1,S2,1
68,3,1,60,44,36,"1,2,3",95040,28.512,C,3,S6,0
68,75,11,48,31,25,"1,2,3",37200,11.16,C,3,S6,1
68,67,11,48,31,25,"1,2,3",37200,11.16,C,3,S6,1
68,78,12,75,67,50,"1,2,3",251250,75.375,B,2,S4,1
68,27,5,93,42,31,"2,3",121086,36.326,B,2,S4,1
68,59,10,118,98,57,"2,3",659148,197.744,B,2,S5,1
68,21,4,109,92,51,"2,3",511428,153.428,B,2,S4,1
68,93,14,91,76,65,"1,2,3",449540,134.862,B,2,S5,1
68,30,5,93,42,31,"2,3",121086,36.326,C,3,S6,1
68,51,8,52,42,31,"1,2,3",67704,20.311,C,3,S6,1
68,81,12,75,67,50,"1,2,3",251250,75.375,C,3,S6,1
68,95,14,91,76,65,"1,2,3",449540,134.862,C,3,S6,1
68,56,9,98,72,61,"1,2,3",430416,129.125,C,3,S6,1
68,34,6,83,64,59,"1,2,3",313408,94.022,C,3,S6,1
68,69,11,48,31,25,"1,2,3",37200,11.16,C,3,S6,1
68,28,5,93,42,31,"2,3",121086,36.326,B,2,S5,1
68,94,14,91,76,65,"1,2,3",449540,134.862,A,1,S3,1
68,66,10,118,98,57,"2,3",659148,197.744,A,1,S1,1
68,80,12,75,67,50,"1,2,3",251250,75.375,A,1,S2,1
68,22,4,109,92,51,"2,3",511428,153.428,A,1,S2,1
68,57,9,98,72,61,"1,2,3",430416,129.125,A,1,S2,1
68,100,15,102,71,49,"2,3",354858,106.457,A,1,S2,1
68,72,11,48,31,25,"1,2,3",37200,11.16,A,1,S2,1
68,26,5,93,42,31,"2,3",121086,36.326,B,2,S4,1
68,52,8,52,42,31,"1,2,3",67704,20.311,B,2,S4,0
68,36,6,83,64,59,"1,2,3",313408,94.022,A,1,S1,1
68,49,8,52,42,31,"1,2,3",67704,20.311,B,2,S5,1
68,9,2,76,42,40,"1,2,3",127680,38.304,A,1,S1,1
68,76,12,75,67,50,"1,2,3",251250,75.375,A,1,S3,1
68,43,7,96,90,55,"1,2,3",475200,142.56,A,1,S3,1
68,58,10,118,98,57,"2,3",659148,197.744,A,1,S2,1
68,33,6,83,64,59,"1,2,3",313408,94.022,A,1,S3,1
68,46,7,96,90,55,"1,2,3",475200,142.56,A,1,S2,1
68,70,11,48,31,25,"1,2,3",37200,11.16,A,1,S3,1
68,102,15,102,71,49,"2,3",354858,106.457,A,1,S3,1
68,103,15,102,71,49,"2,3",354858,106.457,A,1,S3,1
68,84,12,75,67,50,"1,2,3",251250,75.375,C,3,S6,1
68,79,12,75,67,50,"1,2,3",251250,75.375,A,1,S1,1
68,23,4,109,92,51,"2,3",511428,153.428,A,1,S3,1
68,42,7,96,90,55,"1,2,3",475200,142.56,C,3,S6,1
68,87,13,120,66,32,3,253440,76.032,A,1,S3,0
68,45,7,96,90,55,"1,2,3",475200,142.56,B,2,S5,1
68,85,13,120,66,32,3,253440,76.032,B,2,S5,1
68,50,8,52,42,31,"1,2,3",67704,20.311,C,3,S6,1
68,12,2,76,42,40,"1,2,3",127680,38.304,B,2,S5,1
68,97,15,102,71,49,"2,3",354858,106.457,C,3,S6,1
68,63,10,118,98,57,"2,3",659148,197.744,B,2,S5,1
68,2,1,60,44,36,"1,2,3",95040,28.512,C,3,S6,1
68,39,7,96,90,55,"1,2,3",475200,142.56,B,2,S5,1
68,29,5,93,42,31,"2,3",121086,36.326,A,1,S2,0
68,13,3,65,49,48,"1,2,3",152880,45.864,B,2,S4,1
68,53,9,98,72,61,"1,2,3",430416,129.125,B,2,S4,0
68,14,3,65,49,48,"1,2,3",152880,45.864,B,2,S5,1
68,32,6,83,64,59,"1,2,3",313408,94.022,A,1,S2,1
68,99,15,102,71,49,"2,3",354858,106.457,B,2,S5,1
68,55,9,98,72,61,"1,2,3",430416,129.125,A,1,S1,1
68,35,6,83,64,59,"1,2,3",313408,94.022,B,2,S4,1
68,31,5,93,42,31,"2,3",121086,36.326,A,1,S3,1
68,64,10,118,98,57,"2,3",659148,197.744,A,1,S3,1
68,82,12,75,67,50,"1,2,3",251250,75.375,B,2,S4,1
68,5,1,60,44,36,"1,2,3",95040,28.512,B,2,S5,0
68,62,10,118,98,57,"2,3",659148,197.744,A,1,S3,1
68,60,10,118,98,57,"2,3",659148,197.744,A,1,S2,1
68,10,2,76,42,40,"1,2,3",127680,38.304,A,1,S3,0
68,86,13,120,66,32,3,253440,76.032,A,1,S2,1
68,40,7,96,90,55,"1,2,3",475200,142.56,C,3,S6,1
68,89,13,120,66,32,3,253440,76.032,B,2,S4,1
68,8,2,76,42,40,"1,2,3",127680,38.304,B,2,S4,1
68,4,1,60,44,36,"1,2,3",95040,28.512,B,2,S4,0
68,90,13,120,66,32,3,253440,76.032,C,3,S6,1
68,65,10,118,98,57,"2,3",659148,197.744,B,2,S4,1
68,17,3,65,49,48,"1,2,3",152880,45.864,B,2,S5,1
68,96,15,102,71,49,"2,3",354858,106.457,C,3,S6,1
68,6,1,60,44,36,"1,2,3",95040,28.512,C,3,S6,1
68,44,7,96,90,55,"1,2,3",475200,142.56,C,3,S6,1
68,83,12,75,67,50,"1,2,3",251250,75.375,C,3,S6,1
68,98,15,102,71,49,"2,3",354858,106.457,B,2,S4,1
68,19,4,109,92,51,"2,3",511428,153.428,B,2,S5,0
69,72,6,97,31,27,"2,3",81189,24.357,A,1,S1,1
69,80,7,57,54,29,"1,2,3",89262,26.779,A,1,S2,1
69,135,12,87,81,23,3,162081,48.624,A,1,S1,1
69,10,1,91,50,32,"2,3",145600,43.68,B,2,S5,1
69,93,8,77,71,62,"1,2,3",338954,101.686,B,2,S4,1
69,77,7,57,54,29,"1,2,3",89262,26.779,B,2,S4,1
69,50,5,97,69,33,3,220869,66.261,A,1,S1,1
69,42,4,81,73,32,3,189216,56.765,A,1,S1,1
69,51,5,97,69,33,3,220869,66.261,C,3,S6,1
69,134,12,87,81,23,3,162081,48.624,B,2,S4,1
69,53,5,97,69,33,3,220869,66.261,B,2,S5,1
69,89,8,77,71,62,"1,2,3",338954,101.686,B,2,S5,1
69,59,5,97,69,33,3,220869,66.261,B,2,S4,1
69,128,12,87,81,23,3,162081,48.624,B,2,S5,1
69,63,6,97,31,27,"2,3",81189,24.357,B,2,S5,0
69,122,11,112,51,41,"2,3",234192,70.258,A,1,S1,1
69,69,6,97,31,27,"2,3",81189,24.357,A,1,S1,1
69,150,14,63,59,38,"1,2,3",141246,42.374,C,3,S6,1
69,138,13,49,44,26,"1,2,3",56056,16.817,C,3,S6,0
69,43,4,81,73,32,3,189216,56.765,A,1,S2,1
69,57,5,97,69,33,3,220869,66.261,A,1,S2,1
69,87,8,77,71,62,"1,2,3",338954,101.686,B,2,S4,1
69,90,8,77,71,62,"1,2,3",338954,101.686,B,2,S5,1
69,111,10,85,30,29,"2,3",73950,22.185,A,1,S1,1
69,8,1,91,50,32,"2,3",145600,43.68,B,2,S5,1
69,126,12,87,81,23,3,162081,48.624,A,1,S2,1
69,140,13,49,44,26,"1,2,3",56056,16.817,A,1,S3,1
69,73,7,57,54,29,"1,2,3",89262,26.779,A,1,S2,1
69,142,13,49,44,26,"1,2,3",56056,16.817,A,1,S1,1
69,91,8,77,71,62,"1,2,3",338954,101.686,B,2,S4,1
69,1,1,91,50,32,"2,3",145600,43.68,B,2,S5,1
69,67,6,97,31,27,"2,3",81189,24.357,B,2,S4,1
69,48,5,97,69,33,3,220869,66.261,A,1,S1,1
69,119,11,112,51,41,"2,3",234192,70.258,A,1,S3,1
69,56,5,97,69,33,3,220869,66.261,A,1,S1,1
69,61,5,97,69,33,3,220869,66.261,A,1,S3,1
69,143,13,49,44,26,"1,2,3",56056,16.817,A,1,S2,1
69,62,5,97,69,33,3,220869,66.261,B,2,S5,1
69,31,3,75,69,32,3,165600,49.68,B,2,S4,1
69,102,9,116,84,27,3,263088,78.926,B,2,S4,1
69,83,7,57,54,29,"1,2,3",89262,26.779,A,1,S2,1
69,103,9,116,84,27,3,263088,78.926,C,3,S6,1
69,20,2,118,66,40,"2,3",311520,93.456,C,3,S6,1
69,156,14,63,59,38,"1,2,3",141246,42.374,C,3,S6,1
69,157,14,63,59,38,"1,2,3",141246,42.374,C,3,S6,1
69,21,2,118,66,40,"2,3",311520,93.456,C,3,S6,1
69,112,10,85,30,29,"2,3",73950,22.185,C,3,S6,1
69,34,3,75,69,32,3,165600,49.68,C,3,S6,1
69,47,4,81,73,32,3,189216,56.765,C,3,S6,1
69,141,13,49,44,26,"1,2,3",56056,16.817,B,2,S4,1
69,55,5,97,69,33,3,220869,66.261,B,2,S4,1
69,146,13,49,44,26,"1,2,3",56056,16.817,B,2,S5,1
69,3,1,91,50,32,"2,3",145600,43.68,B,2,S5,1
69,28,2,118,66,40,"2,3",311520,93.456,A,1,S3,1
69,167,15,82,44,33,"2,3",119064,35.719,A,1,S3,1
69,65,6,97,31,27,"2,3",81189,24.357,C,3,S6,1
69,162,15,82,44,33,"2,3",119064,35.719,B,2,S4,1
69,44,4,81,73,32,3,189216,56.765,B,2,S4,1
69,98,9,116,84,27,3,263088,78.926,A,1,S3,0
69,147,13,49,44,26,"1,2,3",56056,16.817,A,1,S2,0
69,166,15,82,44,33,"2,3",119064,35.719,A,1,S1,1
69,110,10,85,30,29,"2,3",73950,22.185,A,1,S2,0
69,16,2,118,66,40,"2,3",311520,93.456,A,1,S2,1
69,18,2,118,66,40,"2,3",311520,93.456,A,1,S1,1
69,117,11,112,51,41,"2,3",234192,70.258,A,1,S1,1
69,129,12,87,81,23,3,162081,48.624,A,1,S2,1
69,58,5,97,69,33,3,220869,66.261,A,1,S2,1
69,104,9,116,84,27,3,263088,78.926,A,1,S3,1
69,148,13,49,44,26,"1,2,3",56056,16.817,A,1,S2,1
69,88,8,77,71,62,"1,2,3",338954,101.686,A,1,S3,1
69,123,11,112,51,41,"2,3",234192,70.258,A,1,S3,1
69,22,2,118,66,40,"2,3",311520,93.456,A,1,S2,1
69,92,8,77,71,62,"1,2,3",338954,101.686,A,1,S2,1
69,125,12,87,81,23,3,162081,48.624,A,1,S2,1
69,39,4,81,73,32,3,189216,56.765,A,1,S1,1
69,86,8,77,71,62,"1,2,3",338954,101.686,A,1,S1,1
69,95,8,77,71,62,"1,2,3",338954,101.686,A,1,S1,1
69,6,1,91,50,32,"2,3",145600,43.68,C,3,S6,1
69,75,7,57,54,29,"1,2,3",89262,26.779,C,3,S6,1
69,12,2,118,66,40,"2,3",311520,93.456,B,2,S4,1
69,96,9,116,84,27,3,263088,78.926,B,2,S4,1
69,100,9,116,84,27,3,263088,78.926,B,2,S5,1
69,158,15,82,44,33,"2,3",119064,35.719,C,3,S6,0
69,164,15,82,44,33,"2,3",119064,35.719,C,3,S6,1
69,23,2,118,66,40,"2,3",311520,93.456,C,3,S6,1
69,153,14,63,59,38,"1,2,3",141246,42.374,A,1,S2,1
69,161,15,82,44,33,"2,3",119064,35.719,B,2,S5,1
69,114,11,112,51,41,"2,3",234192,70.258,B,2,S5,0
69,159,15,82,44,33,"2,3",119064,35.719,B,2,S4,1
69,85,7,57,54,29,"1,2,3",89262,26.779,B,2,S5,1
69,17,2,118,66,40,"2,3",311520,93.456,B,2,S4,1
69,38,3,75,69,32,3,165600,49.68,B,2,S4,1
69,45,4,81,73,32,3,189216,56.765,B,2,S4,1
69,2,1,91,50,32,"2,3",145600,43.68,B,2,S5,1
69,26,2,118,66,40,"2,3",311520,93.456,A,1,S1,1
69,107,10,85,30,29,"2,3",73950,22.185,A,1,S3,1
69,139,13,49,44,26,"1,2,3",56056,16.817,B,2,S5,1
69,29,2,118,66,40,"2,3",311520,93.456,B,2,S4,1
69,136,13,49,44,26,"1,2,3",56056,16.817,B,2,S4,1
69,137,13,49,44,26,"1,2,3",56056,16.817,A,1,S1,1
69,124,11,112,51,41,"2,3",234192,70.258,B,2,S4,1
69,49,5,97,69,33,3,220869,66.261,C,3,S6,1
69,106,10,85,30,29,"2,3",73950,22.185,A,1,S3,1
69,41,4,81,73,32,3,189216,56.765,C,3,S6,1
69,68,6,97,31,27,"2,3",81189,24.357,C,3,S6,1
69,115,11,112,51,41,"2,3",234192,70.258,C,3,S6,1
69,121,11,112,51,41,"2,3",234192,70.258,B,2,S5,0
69,27,2,118,66,40,"2,3",311520,93.456,B,2,S4,1
69,165,15,82,44,33,"2,3",119064,35.719,A,1,S2,0
69,36,3,75,69,32,3,165600,49.68,C,3,S6,1
69,78,7,57,54,29,"1,2,3",89262,26.779,C,3,S6,1
69,71,6,97,31,27,"2,3",81189,24.357,C,3,S6,0
69,5,1,91,50,32,"2,3",145600,43.68,A,1,S3,1
69,132,12,87,81,23,3,162081,48.624,C,3,S6,1
69,118,11,112,51,41,"2,3",234192,70.258,C,3,S6,0
69,105,10,85,30,29,"2,3",73950,22.185,C,3,S6,1
69,30,2,118,66,40,"2,3",311520,93.456,C,3,S6,1
69,74,7,57,54,29,"1,2,3",89262,26.779,B,2,S5,1
69,97,9,116,84,27,3,263088,78.926,B,2,S5,1
69,52,5,97,69,33,3,220869,66.261,C,3,S6,1
69,163,15,82,44,33,"2,3",119064,35.719,A,1,S2,1
69,154,14,63,59,38,"1,2,3",141246,42.374,A,1,S2,1
69,37,3,75,69,32,3,165600,49.68,A,1,S3,1
69,64,6,97,31,27,"2,3",81189,24.357,A,1,S1,1
69,94,8,77,71,62,"1,2,3",338954,101.686,A,1,S1,0
69,40,4,81,73,32,3,189216,56.765,A,1,S3,1
69,144,13,49,44,26,"1,2,3",56056,16.817,A,1,S3,1
69,60,5,97,69,33,3,220869,66.261,A,1,S3,0
69,113,10,85,30,29,"2,3",73950,22.185,A,1,S1,1
69,101,9,116,84,27,3,263088,78.926,C,3,S6,1
69,66,6,97,31,27,"2,3",81189,24.357,A,1,S3,1
69,82,7,57,54,29,"1,2,3",89262,26.779,B,2,S4,1
69,130,12,87,81,23,3,162081,48.624,B,2,S4,1
69,152,14,63,59,38,"1,2,3",141246,42.374,A,1,S1,1
69,54,5,97,69,33,3,220869,66.261,A,1,S1,1
69,116,11,112,51,41,"2,3",234192,70.258,C,3,S6,1
69,155,14,63,59,38,"1,2,3",141246,42.374,C,3,S6,1
69,15,2,118,66,40,"2,3",311520,93.456,C,3,S6,1
69,19,2,118,66,40,"2,3",311520,93.456,B,2,S4,0
69,7,1,91,50,32,"2,3",145600,43.68,B,2,S5,1
69,11,1,91,50,32,"2,3",145600,43.68,A,1,S1,1
69,149,14,63,59,38,"1,2,3",141246,42.374,A,1,S1,0
69,120,11,112,51,41,"2,3",234192,70.258,C,3,S6,1
69,160,15,82,44,33,"2,3",119064,35.719,A,1,S2,1
69,32,3,75,69,32,3,165600,49.68,A,1,S3,1
69,99,9,116,84,27,3,263088,78.926,A,1,S1,1
69,76,7,57,54,29,"1,2,3",89262,26.779,A,1,S1,1
69,24,2,118,66,40,"2,3",311520,93.456,B,2,S4,1
69,4,1,91,50,32,"2,3",145600,43.68,B,2,S5,1
69,79,7,57,54,29,"1,2,3",89262,26.779,B,2,S5,1
69,14,2,118,66,40,"2,3",311520,93.456,B,2,S4,1
69,133,12,87,81,23,3,162081,48.624,B,2,S5,1
69,84,7,57,54,29,"1,2,3",89262,26.779,B,2,S4,1
69,145,13,49,44,26,"1,2,3",56056,16.817,B,2,S5,0
69,9,1,91,50,32,"2,3",145600,43.68,B,2,S4,1
69,13,2,118,66,40,"2,3",311520,93.456,A,1,S2,1
69,131,12,87,81,23,3,162081,48.624,B,2,S4,1
69,127,12,87,81,23,3,162081,48.624,B,2,S4,1
69,70,6,97,31,27,"2,3",81189,24.357,B,2,S5,1
69,81,7,57,54,29,"1,2,3",89262,26.779,C,3,S6,1
69,33,3,75,69,32,3,165600,49.68,C,3,S6,1
69,108,10,85,30,29,"2,3",73950,22.185,C,3,S6,1
69,109,10,85,30,29,"2,3",73950,22.185,C,3,S6,1
69,46,4,81,73,32,3,189216,56.765,C,3,S6,1
69,151,14,63,59,38,"1,2,3",141246,42.374,C,3,S6,1
69,35,3,75,69,32,3,165600,49.68,C,3,S6,1
69,25,2,118,66,40,"2,3",311520,93.456,C,3,S6,0
70,75,10,61,53,37,"1,2,3",119621,35.886,C,3,S6,1
70,36,6,94,51,36,"2,3",172584,51.775,C,3,S6,0
70,68,9,81,71,43,"1,2,3",247293,74.188,C,3,S6,1
70,93,13,66,62,59,"1,2,3",241428,72.428,C,3,S6,1
70,33,5,114,100,45,3,513000,153.9,C,3,S6,1
70,28,5,114,100,45,3,513000,153.9,B,2,S4,0
70,102,15,70,62,40,"1,2,3",173600,52.08,B,2,S4,1
70,49,7,108,59,38,"2,3",242136,72.641,C,3,S6,1
70,106,15,70,62,40,"1,2,3",173600,52.08,A,1,S3,1
70,73,10,61,53,37,"1,2,3",119621,35.886,A,1,S2,1
70,100,14,117,87,49,"2,3",498771,149.631,A,1,S2,1
70,10,2,92,68,39,"2,3",243984,73.195,A,1,S2,1
70,65,9,81,71,43,"1,2,3",247293,74.188,A,1,S1,1
70,14,3,90,86,29,3,224460,67.338,A,1,S1,1
70,90,13,66,62,59,"1,2,3",241428,72.428,B,2,S5,1
70,26,5,114,100,45,3,513000,153.9,B,2,S4,0
70,23,4,73,54,52,"1,2,3",204984,61.495,C,3,S6,1
70,43,6,94,51,36,"2,3",172584,51.775,A,1,S3,1
70,64,9,81,71,43,"1,2,3",247293,74.188,B,2,S5,1
70,1,1,56,32,28,"2,3",50176,15.053,A,1,S2,1
70,97,14,117,87,49,"2,3",498771,149.631,C,3,S6,1
70,7,2,92,68,39,"2,3",243984,73.195,A,1,S1,1
70,76,10,61,53,37,"1,2,3",119621,35.886,C,3,S6,1
70,84,11,85,70,58,"1,2,3",345100,103.53,C,3,S6,0
70,88,12,111,98,39,3,424242,127.273,C,3,S6,1
70,92,13,66,62,59,"1,2,3",241428,72.428,C,3,S6,1
70,48,7,108,59,38,"2,3",242136,72.641,B,2,S5,0
70,8,2,92,68,39,"2,3",243984,73.195,B,2,S5,1
70,15,3,90,86,29,3,224460,67.338,A,1,S2,0
70,16,3,90,86,29,3,224460,67.338,A,1,S2,1
70,19,3,90,86,29,3,224460,67.338,B,2,S4,1
70,58,8,89,82,61,"1,2,3",445178,133.553,A,1,S2,1
70,98,14,117,87,49,"2,3",498771,149.631,A,1,S2,1
70,70,9,81,71,43,"1,2,3",247293,74.188,A,1,S1,1
70,56,8,89,82,61,"1,2,3",445178,133.553,A,1,S2,1
70,5,1,56,32,28,"2,3",50176,15.053,B,2,S5,1
70,91,13,66,62,59,"1,2,3",241428,72.428,B,2,S5,1
70,81,11,85,70,58,"1,2,3",345100,103.53,B,2,S4,1
70,99,14,117,87,49,"2,3",498771,149.631,C,3,S6,1
70,37,6,94,51,36,"2,3",172584,51.775,C,3,S6,1
70,72,9,81,71,43,"1,2,3",247293,74.188,B,2,S5,1
70,62,9,81,71,43,"1,2,3",247293,74.188,A,1,S3,1
70,74,10,61,53,37,"1,2,3",119621,35.886,C,3,S6,1
70,53,8,89,82,61,"1,2,3",445178,133.553,C,3,S6,1
70,3,1,56,32,28,"2,3",50176,15.053,A,1,S3,1
70,55,8,89,82,61,"1,2,3",445178,133.553,A,1,S1,1
70,85,11,85,70,58,"1,2,3",345100,103.53,A,1,S2,1
70,42,6,94,51,36,"2,3",172584,51.775,B,2,S5,1
70,95,13,66,62,59,"1,2,3",241428,72.428,B,2,S4,1
70,13,3,90,86,29,3,224460,67.338,C,3,S6,1
70,103,15,70,62,40,"1,2,3",173600,52.08,C,3,S6,1
70,57,8,89,82,61,"1,2,3",445178,133.553,C,3,S6,1
70,86,12,111,98,39,3,424242,127.273,C,3,S6,1
70,22,4,73,54,52,"1,2,3",204984,61.495,B,2,S5,0
70,87,12,111,98,39,3,424242,127.273,B,2,S4,1
70,101,14,117,87,49,"2,3",498771,149.631,B,2,S5,1
70,78,11,85,70,58,"1,2,3",345100,103.53,B,2,S4,1
70,54,8,89,82,61,"1,2,3",445178,133.553,B,2,S4,1
70,94,13,66,62,59,"1,2,3",241428,72.428,B,2,S4,1
70,39,6,94,51,36,"2,3",172584,51.775,A,1,S1,1
70,52,7,108,59,38,"2,3",242136,72.641,B,2,S4,1
70,40,6,94,51,36,"2,3",172584,51.775,B,2,S5,1
70,17,3,90,86,29,3,224460,67.338,B,2,S5,0
70,11,2,92,68,39,"2,3",243984,73.195,B,2,S5,1
70,12,2,92,68,39,"2,3",243984,73.195,A,1,S2,1
70,4,1,56,32,28,"2,3",50176,15.053,B,2,S5,1
70,38,6,94,51,36,"2,3",172584,51.775,B,2,S5,1
70,82,11,85,70,58,"1,2,3",345100,103.53,B,2,S5,1
70,60,8,89,82,61,"1,2,3",445178,133.553,A,1,S3,1
70,24,4,73,54,52,"1,2,3",204984,61.495,A,1,S1,1
70,25,4,73,54,52,"1,2,3",204984,61.495,A,1,S2,1
70,45,7,108,59,38,"2,3",242136,72.641,B,2,S4,1
70,69,9,81,71,43,"1,2,3",247293,74.188,C,3,S6,1
70,105,15,70,62,40,"1,2,3",173600,52.08,B,2,S5,1
70,6,1,56,32,28,"2,3",50176,15.053,B,2,S4,1
70,51,7,108,59,38,"2,3",242136,72.641,B,2,S4,1
70,18,3,90,86,29,3,224460,67.338,B,2,S5,1
70,47,7,108,59,38,"2,3",242136,72.641,A,1,S3,1
70,77,10,61,53,37,"1,2,3",119621,35.886,B,2,S5,1
70,31,5,114,100,45,3,513000,153.9,B,2,S4,1
70,46,7,108,59,38,"2,3",242136,72.641,A,1,S2,1
70,80,11,85,70,58,"1,2,3",345100,103.53,C,3,S6,1
70,27,5,114,100,45,3,513000,153.9,B,2,S4,1
70,2,1,56,32,28,"2,3",50176,15.053,B,2,S5,1
70,29,5,114,100,45,3,513000,153.9,C,3,S6,0
70,89,12,111,98,39,3,424242,127.273,C,3,S6,1
70,30,5,114,100,45,3,513000,153.9,C,3,S6,1
70,66,9,81,71,43,"1,2,3",247293,74.188,C,3,S6,1
70,79,11,85,70,58,"1,2,3",345100,103.53,A,1,S3,1
70,21,3,90,86,29,3,224460,67.338,A,1,S1,1
70,35,6,94,51,36,"2,3",172584,51.775,A,1,S1,1
70,50,7,108,59,38,"2,3",242136,72.641,A,1,S3,1
70,63,9,81,71,43,"1,2,3",247293,74.188,A,1,S1,1
70,96,14,117,87,49,"2,3",498771,149.631,A,1,S2,1
70,44,7,108,59,38,"2,3",242136,72.641,A,1,S2,1
70,32,5,114,100,45,3,513000,153.9,B,2,S4,0
70,104,15,70,62,40,"1,2,3",173600,52.08,A,1,S1,1
70,71,9,81,71,43,"1,2,3",247293,74.188,A,1,S1,0
70,83,11,85,70,58,"1,2,3",345100,103.53,A,1,S1,1
70,34,5,114,100,45,3,513000,153.9,A,1,S2,1
70,20,3,90,86,29,3,224460,67.338,A,1,S2,1
70,41,6,94,51,36,"2,3",172584,51.775,A,1,S3,1
70,59,8,89,82,61,"1,2,3",445178,133.553,A,1,S3,1
70,9,2,92,68,39,"2,3",243984,73.195,A,1,S3,1
70,67,9,81,71,43,"1,2,3",247293,74.188,A,1,S2,1
70,61,8,89,82,61,"1,2,3",445178,133.553,A,1,S2,1
71,96,11,90,74,58,"1,2,3",386280,115.884,A,1,S2,1
71,40,4,114,53,35,"2,3",211470,63.441,A,1,S2,1
71,23,2,110,43,37,"2,3",175010,52.503,A,1,S2,1
71,30,3,96,73,50,"1,2,3",350400,105.12,A,1,S1,1
71,49,6,75,66,51,"1,2,3",252450,75.735,B,2,S5,1
71,45,5,105,27,22,"2,3",62370,18.711,B,2,S5,1
71,90,10,111,45,33,"2,3",164835,49.45,A,1,S3,1
71,21,2,110,43,37,"2,3",175010,52.503,A,1,S2,1
71,121,14,85,61,35,"2,3",181475,54.442,C,3,S6,1
71,26,3,96,73,50,"1,2,3",350400,105.12,A,1,S3,1
71,120,14,85,61,35,"2,3",181475,54.442,A,1,S2,1
71,59,7,72,61,48,"1,2,3",210816,63.245,A,1,S3,1
71,104,11,90,74,58,"1,2,3",386280,115.884,A,1,S2,1
71,8,1,99,64,62,"1,2,3",392832,117.85,A,1,S3,1
71,130,15,41,35,31,"1,2,3",44485,13.345,B,2,S4,1
71,91,10,111,45,33,"2,3",164835,49.45,B,2,S5,1
71,13,1,99,64,62,"1,2,3",392832,117.85,A,1,S1,1
71,54,6,75,66,51,"1,2,3",252450,75.735,A,1,S3,1
71,24,2,110,43,37,"2,3",175010,52.503,A,1,S2,1
71,109,12,55,51,34,"1,2,3",95370,28.611,C,3,S6,1
71,56,7,72,61,48,"1,2,3",210816,63.245,A,1,S1,1
71,29,3,96,73,50,"1,2,3",350400,105.12,C,3,S6,1
71,117,13,98,73,21,3,150234,45.07,A,1,S3,1
71,17,2,110,43,37,"2,3",175010,52.503,C,3,S6,1
71,74,8,102,46,32,"2,3",150144,45.043,C,3,S6,1
71,36,3,96,73,50,"1,2,3",350400,105.12,B,2,S4,0
71,92,11,90,74,58,"1,2,3",386280,115.884,B,2,S4,0
71,125,14,85,61,35,"2,3",181475,54.442,B,2,S4,1
71,50,6,75,66,51,"1,2,3",252450,75.735,B,2,S5,1
71,60,7,72,61,48,"1,2,3",210816,63.245,C,3,S6,1
71,31,3,96,73,50,"1,2,3",350400,105.12,A,1,S1,1
71,55,6,75,66,51,"1,2,3",252450,75.735,A,1,S1,1
71,19,2,110,43,37,"2,3",175010,52.503,A,1,S3,1
71,133,15,41,35,31,"1,2,3",44485,13.345,B,2,S5,1
71,64,8,102,46,32,"2,3",150144,45.043,A,1,S3,1
71,9,1,99,64,62,"1,2,3",392832,117.85,A,1,S1,1
71,80,10,111,45,33,"2,3",164835,49.45,A,1,S1,1
71,48,6,75,66,51,"1,2,3",252450,75.735,A,1,S3,0
71,20,2,110,43,37,"2,3",175010,52.503,A,1,S2,1
71,82,10,111,45,33,"2,3",164835,49.45,A,1,S2,1
71,107,12,55,51,34,"1,2,3",95370,28.611,A,1,S1,1
71,27,3,96,73,50,"1,2,3",350400,105.12,B,2,S5,1
71,62,8,102,46,32,"2,3",150144,45.043,B,2,S5,1
71,87,10,111,45,33,"2,3",164835,49.45,B,2,S5,1
71,123,14,85,61,35,"2,3",181475,54.442,A,1,S1,1
71,65,8,102,46,32,"2,3",150144,45.043,A,1,S2,1
71,12,1,99,64,62,"1,2,3",392832,117.85,A,1,S3,1
71,41,4,114,53,35,"2,3",211470,63.441,B,2,S4,1
71,73,8,102,46,32,"2,3",150144,45.043,C,3,S6,1
71,51,6,75,66,51,"1,2,3",252450,75.735,A,1,S2,1
71,38,4,114,53,35,"2,3",211470,63.441,A,1,S2,1
71,95,11,90,74,58,"1,2,3",386280,115.884,A,1,S3,1
71,103,11,90,74,58,"1,2,3",386280,115.884,A,1,S3,1
71,119,13,98,73,21,3,150234,45.07,A,1,S2,1
71,53,6,75,66,51,"1,2,3",252450,75.735,A,1,S3,1
71,47,5,105,27,22,"2,3",62370,18.711,A,1,S2,1
71,34,3,96,73,50,"1,2,3",350400,105.12,B,2,S4,1
71,110,12,55,51,34,"1,2,3",95370,28.611,C,3,S6,1
71,124,14,85,61,35,"2,3",181475,54.442,B,2,S4,1
71,81,10,111,45,33,"2,3",164835,49.45,B,2,S4,0
71,46,5,105,27,22,"2,3",62370,18.711,A,1,S1,1
71,61,7,72,61,48,"1,2,3",210816,63.245,C,3,S6,1
71,112,13,98,73,21,3,150234,45.07,A,1,S3,1
71,127,15,41,35,31,"1,2,3",44485,13.345,A,1,S3,1
71,7,1,99,64,62,"1,2,3",392832,117.85,A,1,S3,0
71,122,14,85,61,35,"2,3",181475,54.442,B,2,S4,1
71,5,1,99,64,62,"1,2,3",392832,117.85,A,1,S1,1
71,44,5,105,27,22,"2,3",62370,18.711,A,1,S1,1
71,4,1,99,64,62,"1,2,3",392832,117.85,A,1,S1,1
71,137,15,41,35,31,"1,2,3",44485,13.345,A,1,S3,1
71,129,15,41,35,31,"1,2,3",44485,13.345,C,3,S6,1
71,132,15,41,35,31,"1,2,3",44485,13.345,A,1,S1,1
71,105,11,90,74,58,"1,2,3",386280,115.884,C,3,S6,1
71,134,15,41,35,31,"1,2,3",44485,13.345,C,3,S6,1
71,97,11,90,74,58,"1,2,3",386280,115.884,C,3,S6,1
71,114,13,98,73,21,3,150234,45.07,C,3,S6,1
71,115,13,98,73,21,3,150234,45.07,A,1,S1,1
71,84,10,111,45,33,"2,3",164835,49.45,A,1,S2,1
71,43,5,105,27,22,"2,3",62370,18.711,C,3,S6,1
71,88,10,111,45,33,"2,3",164835,49.45,B,2,S5,1
71,78,9,59,57,45,"1,2,3",151335,45.4,B,2,S5,1
71,76,9,59,57,45,"1,2,3",151335,45.4,A,1,S2,0
71,128,15,41,35,31,"1,2,3",44485,13.345,B,2,S5,1
71,101,11,90,74,58,"1,2,3",386280,115.884,A,1,S1,1
71,42,4,114,53,35,"2,3",211470,63.441,B,2,S5,1
71,3,1,99,64,62,"1,2,3",392832,117.85,B,2,S4,1
71,135,15,41,35,31,"1,2,3",44485,13.345,B,2,S5,1
71,126,15,41,35,31,"1,2,3",44485,13.345,A,1,S2,1
71,2,1,99,64,62,"1,2,3",392832,117.85,A,1,S1,1
71,113,13,98,73,21,3,150234,45.07,A,1,S3,1
71,111,13,98,73,21,3,150234,45.07,A,1,S3,1
71,63,8,102,46,32,"2,3",150144,45.043,C,3,S6,1
71,15,1,99,64,62,"1,2,3",392832,117.85,C,3,S6,0
71,66,8,102,46,32,"2,3",150144,45.043,C,3,S6,1
71,52,6,75,66,51,"1,2,3",252450,75.735,C,3,S6,1
71,18,2,110,43,37,"2,3",175010,52.503,B,2,S5,1
71,16,2,110,43,37,"2,3",175010,52.503,B,2,S5,1
71,106,12,55,51,34,"1,2,3",95370,28.611,B,2,S4,1
71,94,11,90,74,58,"1,2,3",386280,115.884,B,2,S5,1
71,83,10,111,45,33,"2,3",164835,49.45,B,2,S4,1
71,98,11,90,74,58,"1,2,3",386280,115.884,B,2,S4,1
71,86,10,111,45,33,"2,3",164835,49.45,B,2,S5,1
71,71,8,102,46,32,"2,3",150144,45.043,B,2,S5,1
71,39,4,114,53,35,"2,3",211470,63.441,B,2,S5,1
71,102,11,90,74,58,"1,2,3",386280,115.884,A,1,S2,1
71,99,11,90,74,58,"1,2,3",386280,115.884,A,1,S2,1
71,58,7,72,61,48,"1,2,3",210816,63.245,C,3,S6,0
71,32,3,96,73,50,"1,2,3",350400,105.12,B,2,S5,1
71,136,15,41,35,31,"1,2,3",44485,13.345,B,2,S4,1
71,85,10,111,45,33,"2,3",164835,49.45,B,2,S4,1
71,77,9,59,57,45,"1,2,3",151335,45.4,B,2,S5,0
71,118,13,98,73,21,3,150234,45.07,C,3,S6,1
71,108,12,55,51,34,"1,2,3",95370,28.611,C,3,S6,1
71,100,11,90,74,58,"1,2,3",386280,115.884,C,3,S6,0
71,6,1,99,64,62,"1,2,3",392832,117.85,C,3,S6,1
71,35,3,96,73,50,"1,2,3",350400,105.12,B,2,S4,1
71,69,8,102,46,32,"2,3",150144,45.043,B,2,S5,1
71,72,8,102,46,32,"2,3",150144,45.043,B,2,S4,1
71,79,9,59,57,45,"1,2,3",151335,45.4,B,2,S4,1
71,10,1,99,64,62,"1,2,3",392832,117.85,C,3,S6,1
71,57,7,72,61,48,"1,2,3",210816,63.245,B,2,S5,1
71,93,11,90,74,58,"1,2,3",386280,115.884,B,2,S4,0
71,75,9,59,57,45,"1,2,3",151335,45.4,B,2,S4,1
71,22,2,110,43,37,"2,3",175010,52.503,C,3,S6,1
71,14,1,99,64,62,"1,2,3",392832,117.85,C,3,S6,1
71,89,10,111,45,33,"2,3",164835,49.45,C,3,S6,0
71,68,8,102,46,32,"2,3",150144,45.043,B,2,S5,1
71,70,8,102,46,32,"2,3",150144,45.043,C,3,S6,1
71,28,3,96,73,50,"1,2,3",350400,105.12,C,3,S6,1
71,1,1,99,64,62,"1,2,3",392832,117.85,B,2,S5,1
71,25,2,110,43,37,"2,3",175010,52.503,B,2,S5,0
71,131,15,41,35,31,"1,2,3",44485,13.345,C,3,S6,1
71,11,1,99,64,62,"1,2,3",392832,117.85,C,3,S6,1
71,116,13,98,73,21,3,150234,45.07,B,2,S5,0
71,67,8,102,46,32,"2,3",150144,45.043,B,2,S4,1
71,33,3,96,73,50,"1,2,3",350400,105.12,C,3,S6,1
71,37,3,96,73,50,"1,2,3",350400,105.12,C,3,S6,1
72,46,7,63,57,36,"1,2,3",129276,38.783,C,3,S6,1
72,88,11,33,32,29,"1,2,3",30624,9.187,C,3,S6,1
72,83,10,78,66,53,"1,2,3",272844,81.853,C,3,S6,1
72,10,1,96,95,68,"1,2,3",620160,186.048,C,3,S6,1
72,56,8,51,31,31,"1,2,3",49011,14.703,C,3,S6,1
72,4,1,96,95,68,"1,2,3",620160,186.048,C,3,S6,1
72,69,9,100,75,44,"2,3",330000,99.0,B,2,S5,1
72,1,1,96,95,68,"1,2,3",620160,186.048,A,1,S3,1
72,29,5,96,60,31,"2,3",178560,53.568,A,1,S2,1
72,58,9,100,75,44,"2,3",330000,99.0,B,2,S4,1
72,118,14,52,34,21,"2,3",37128,11.138,B,2,S5,1
72,40,6,66,38,38,"1,2,3",95304,28.591,B,2,S4,0
72,103,13,88,57,38,"2,3",190608,57.182,C,3,S6,1
72,49,7,63,57,36,"1,2,3",129276,38.783,B,2,S5,1
72,129,15,112,69,31,3,239568,71.87,A,1,S1,0
72,55,8,51,31,31,"1,2,3",49011,14.703,A,1,S1,1
72,91,11,33,32,29,"1,2,3",30624,9.187,A,1,S3,1
72,113,14,52,34,21,"2,3",37128,11.138,A,1,S2,1
72,60,9,100,75,44,"2,3",330000,99.0,C,3,S6,1
72,109,13,88,57,38,"2,3",190608,57.182,B,2,S4,0
72,20,3,107,70,55,"1,2,3",411950,123.585,B,2,S4,1
72,36,6,66,38,38,"1,2,3",95304,28.591,C,3,S6,1
72,52,8,51,31,31,"1,2,3",49011,14.703,B,2,S5,1
72,87,11,33,32,29,"1,2,3",30624,9.187,B,2,S5,1
72,22,4,92,85,34,3,265880,79.764,A,1,S1,0
72,30,5,96,60,31,"2,3",178560,53.568,A,1,S3,1
72,116,14,52,34,21,"2,3",37128,11.138,B,2,S5,1
72,3,1,96,95,68,"1,2,3",620160,186.048,A,1,S3,1
72,25,4,92,85,34,3,265880,79.764,A,1,S3,1
72,125,15,112,69,31,3,239568,71.87,A,1,S2,0
72,99,12,81,72,45,"1,2,3",262440,78.732,B,2,S5,1
72,23,4,92,85,34,3,265880,79.764,B,2,S5,1
72,74,10,78,66,53,"1,2,3",272844,81.853,C,3,S6,1
72,44,7,63,57,36,"1,2,3",129276,38.783,C,3,S6,1
72,80,10,78,66,53,"1,2,3",272844,81.853,A,1,S3,0
72,18,3,107,70,55,"1,2,3",411950,123.585,A,1,S3,1
72,34,6,66,38,38,"1,2,3",95304,28.591,C,3,S6,1
72,45,7,63,57,36,"1,2,3",129276,38.783,B,2,S5,1
72,107,13,88,57,38,"2,3",190608,57.182,B,2,S5,1
72,73,10,78,66,53,"1,2,3",272844,81.853,B,2,S4,1
72,6,1,96,95,68,"1,2,3",620160,186.048,A,1,S2,1
72,92,12,81,72,45,"1,2,3",262440,78.732,A,1,S3,1
72,85,11,33,32,29,"1,2,3",30624,9.187,A,1,S1,1
72,72,10,78,66,53,"1,2,3",272844,81.853,B,2,S5,0
72,93,12,81,72,45,"1,2,3",262440,78.732,B,2,S4,1
72,19,3,107,70,55,"1,2,3",411950,123.585,B,2,S4,1
72,48,7,63,57,36,"1,2,3",129276,38.783,B,2,S4,1
72,35,6,66,38,38,"1,2,3",95304,28.591,A,1,S1,1
72,64,9,100,75,44,"2,3",330000,99.0,B,2,S5,1
72,16,3,107,70,55,"1,2,3",411950,123.585,A,1,S3,1
72,82,10,78,66,53,"1,2,3",272844,81.853,A,1,S1,1
72,11,2,69,61,35,"1,2,3",147315,44.194,A,1,S3,1
72,126,15,112,69,31,3,239568,71.87,A,1,S1,1
72,122,14,52,34,21,"2,3",37128,11.138,A,1,S3,1
72,68,9,100,75,44,"2,3",330000,99.0,B,2,S4,1
72,53,8,51,31,31,"1,2,3",49011,14.703,B,2,S5,1
72,31,5,96,60,31,"2,3",178560,53.568,B,2,S5,1
72,104,13,88,57,38,"2,3",190608,57.182,B,2,S4,1
72,37,6,66,38,38,"1,2,3",95304,28.591,B,2,S5,1
72,33,6,66,38,38,"1,2,3",95304,28.591,A,1,S3,1
72,114,14,52,34,21,"2,3",37128,11.138,A,1,S1,1
72,9,1,96,95,68,"1,2,3",620160,186.048,C,3,S6,1
72,63,9,100,75,44,"2,3",330000,99.0,C,3,S6,1
72,66,9,100,75,44,"2,3",330000,99.0,C,3,S6,1
72,124,15,112,69,31,3,239568,71.87,A,1,S1,1
72,28,5,96,60,31,"2,3",178560,53.568,A,1,S1,1
72,105,13,88,57,38,"2,3",190608,57.182,A,1,S2,0
72,17,3,107,70,55,"1,2,3",411950,123.585,B,2,S5,1
72,7,1,96,95,68,"1,2,3",620160,186.048,B,2,S4,1
72,2,1,96,95,68,"1,2,3",620160,186.048,B,2,S5,1
72,100,12,81,72,45,"1,2,3",262440,78.732,B,2,S5,1
72,79,10,78,66,53,"1,2,3",272844,81.853,B,2,S5,1
72,71,9,100,75,44,"2,3",330000,99.0,B,2,S4,1
72,38,6,66,38,38,"1,2,3",95304,28.591,B,2,S4,0
72,42,7,63,57,36,"1,2,3",129276,38.783,B,2,S5,1
72,13,2,69,61,35,"1,2,3",147315,44.194,A,1,S2,1
72,50,8,51,31,31,"1,2,3",49011,14.703,A,1,S2,1
72,120,14,52,34,21,"2,3",37128,11.138,B,2,S4,1
72,24,4,92,85,34,3,265880,79.764,B,2,S5,1
72,123,14,52,34,21,"2,3",37128,11.138,A,1,S1,1
72,90,11,33,32,29,"1,2,3",30624,9.187,B,2,S5,1
72,5,1,96,95,68,"1,2,3",620160,186.048,B,2,S5,1
72,121,14,52,34,21,"2,3",37128,11.138,A,1,S3,1
72,76,10,78,66,53,"1,2,3",272844,81.853,A,1,S1,1
72,67,9,100,75,44,"2,3",330000,99.0,A,1,S3,1
72,39,6,66,38,38,"1,2,3",95304,28.591,B,2,S5,0
72,102,12,81,72,45,"1,2,3",262440,78.732,A,1,S3,1
72,43,7,63,57,36,"1,2,3",129276,38.783,B,2,S4,1
72,8,1,96,95,68,"1,2,3",620160,186.048,B,2,S5,1
72,110,13,88,57,38,"2,3",190608,57.182,A,1,S1,1
72,59,9,100,75,44,"2,3",330000,99.0,A,1,S2,1
72,57,9,100,75,44,"2,3",330000,99.0,B,2,S5,1
72,51,8,51,31,31,"1,2,3",49011,14.703,A,1,S3,1
72,70,9,100,75,44,"2,3",330000,99.0,A,1,S2,1
72,75,10,78,66,53,"1,2,3",272844,81.853,A,1,S1,1
72,41,6,66,38,38,"1,2,3",95304,28.591,A,1,S3,1
72,128,15,112,69,31,3,239568,71.87,A,1,S3,1
72,101,12,81,72,45,"1,2,3",262440,78.732,A,1,S1,1
72,106,13,88,57,38,"2,3",190608,57.182,B,2,S5,1
72,62,9,100,75,44,"2,3",330000,99.0,C,3,S6,1
72,21,4,92,85,34,3,265880,79.764,B,2,S5,1
72,130,15,112,69,31,3,239568,71.87,B,2,S5,1
72,54,8,51,31,31,"1,2,3",49011,14.703,B,2,S5,1
72,78,10,78,66,53,"1,2,3",272844,81.853,A,1,S1,1
72,32,5,96,60,31,"2,3",178560,53.568,C,3,S6,1
72,127,15,112,69,31,3,239568,71.87,C,3,S6,1
72,86,11,33,32,29,"1,2,3",30624,9.187,C,3,S6,1
72,81,10,78,66,53,"1,2,3",272844,81.853,C,3,S6,1
72,96,12,81,72,45,"1,2,3",262440,78.732,C,3,S6,1
72,61,9,100,75,44,"2,3",330000,99.0,C,3,S6,1
72,94,12,81,72,45,"1,2,3",262440,78.732,B,2,S5,1
72,89,11,33,32,29,"1,2,3",30624,9.187,A,1,S1,1
72,112,14,52,34,21,"2,3",37128,11.138,A,1,S1,0
72,26,5,96,60,31,"2,3",178560,53.568,A,1,S1,1
72,97,12,81,72,45,"1,2,3",262440,78.732,A,1,S2,1
72,131,15,112,69,31,3,239568,71.87,A,1,S3,1
72,111,13,88,57,38,"2,3",190608,57.182,A,1,S2,1
72,98,12,81,72,45,"1,2,3",262440,78.732,A,1,S2,1
72,47,7,63,57,36,"1,2,3",129276,38.783,C,3,S6,1
72,84,11,33,32,29,"1,2,3",30624,9.187,C,3,S6,0
72,95,12,81,72,45,"1,2,3",262440,78.732,C,3,S6,1
72,27,5,96,60,31,"2,3",178560,53.568,A,1,S3,1
72,12,2,69,61,35,"1,2,3",147315,44.194,A,1,S1,1
72,14,3,107,70,55,"1,2,3",411950,123.585,A,1,S2,1
72,65,9,100,75,44,"2,3",330000,99.0,C,3,S6,1
72,117,14,52,34,21,"2,3",37128,11.138,C,3,S6,0
72,108,13,88,57,38,"2,3",190608,57.182,C,3,S6,1
72,77,10,78,66,53,"1,2,3",272844,81.853,C,3,S6,1
72,132,15,112,69,31,3,239568,71.87,C,3,S6,1
72,119,14,52,34,21,"2,3",37128,11.138,C,3,S6,1
72,115,14,52,34,21,"2,3",37128,11.138,C,3,S6,1
72,15,3,107,70,55,"1,2,3",411950,123.585,C,3,S6,1
73,95,12,112,57,27,3,172368,51.71,C,3,S6,1
73,49,7,90,66,65,"1,2,3",386100,115.83,C,3,S6,1
73,54,7,90,66,65,"1,2,3",386100,115.83,A,1,S2,1
73,30,4,75,73,57,"1,2,3",312075,93.623,A,1,S3,1
73,60,8,76,69,51,"1,2,3",267444,80.233,A,1,S3,1
73,68,9,65,30,30,"2,3",58500,17.55,B,2,S4,1
73,111,15,92,30,27,"2,3",74520,22.356,A,1,S1,1
73,13,2,102,95,33,3,319770,95.931,A,1,S1,1
73,69,9,65,30,30,"2,3",58500,17.55,A,1,S2,1
73,8,2,102,95,33,3,319770,95.931,A,1,S2,1
73,2,1,90,73,37,"2,3",243090,72.927,C,3,S6,1
73,79,10,61,46,37,"1,2,3",103822,31.147,C,3,S6,1
73,20,3,117,38,30,"2,3",133380,40.014,C,3,S6,1
73,75,10,61,46,37,"1,2,3",103822,31.147,C,3,S6,1
73,64,9,65,30,30,"2,3",58500,17.55,C,3,S6,1
73,10,2,102,95,33,3,319770,95.931,A,1,S3,0
73,4,1,90,73,37,"2,3",243090,72.927,B,2,S5,1
73,11,2,102,95,33,3,319770,95.931,B,2,S4,1
73,88,11,96,52,45,"2,3",224640,67.392,A,1,S3,1
73,113,15,92,30,27,"2,3",74520,22.356,C,3,S6,1
73,14,2,102,95,33,3,319770,95.931,C,3,S6,1
73,25,4,75,73,57,"1,2,3",312075,93.623,B,2,S5,1
73,70,9,65,30,30,"2,3",58500,17.55,A,1,S3,1
73,67,9,65,30,30,"2,3",58500,17.55,A,1,S2,1
73,73,9,65,30,30,"2,3",58500,17.55,A,1,S2,1
73,9,2,102,95,33,3,319770,95.931,A,1,S3,1
73,1,1,90,73,37,"2,3",243090,72.927,B,2,S4,1
73,106,14,110,84,68,"1,2,3",628320,188.496,A,1,S1,1
73,77,10,61,46,37,"1,2,3",103822,31.147,B,2,S4,1
73,58,8,76,69,51,"1,2,3",267444,80.233,B,2,S4,1
73,109,15,92,30,27,"2,3",74520,22.356,B,2,S4,1
73,61,8,76,69,51,"1,2,3",267444,80.233,C,3,S6,1
73,44,6,101,81,62,"1,2,3",507222,152.167,C,3,S6,1
73,35,5,86,36,34,"2,3",105264,31.579,C,3,S6,1
73,110,15,92,30,27,"2,3",74520,22.356,C,3,S6,1
73,55,7,90,66,65,"1,2,3",386100,115.83,A,1,S2,1
73,72,9,65,30,30,"2,3",58500,17.55,C,3,S6,1
73,26,4,75,73,57,"1,2,3",312075,93.623,C,3,S6,1
73,27,4,75,73,57,"1,2,3",312075,93.623,C,3,S6,1
73,92,12,112,57,27,3,172368,51.71,A,1,S1,1
73,41,6,101,81,62,"1,2,3",507222,152.167,A,1,S2,1
73,53,7,90,66,65,"1,2,3",386100,115.83,A,1,S1,1
73,66,9,65,30,30,"2,3",58500,17.55,A,1,S1,1
73,93,12,112,57,27,3,172368,51.71,B,2,S4,1
73,12,2,102,95,33,3,319770,95.931,B,2,S4,1
73,82,11,96,52,45,"2,3",224640,67.392,C,3,S6,1
73,42,6,101,81,62,"1,2,3",507222,152.167,A,1,S1,1
73,19,3,117,38,30,"2,3",133380,40.014,A,1,S3,1
73,86,11,96,52,45,"2,3",224640,67.392,C,3,S6,1
73,23,3,117,38,30,"2,3",133380,40.014,A,1,S3,1
73,16,2,102,95,33,3,319770,95.931,A,1,S3,0
73,15,2,102,95,33,3,319770,95.931,B,2,S4,1
73,47,6,101,81,62,"1,2,3",507222,152.167,B,2,S4,1
73,34,4,75,73,57,"1,2,3",312075,93.623,B,2,S4,0
73,90,12,112,57,27,3,172368,51.71,A,1,S2,1
73,32,4,75,73,57,"1,2,3",312075,93.623,A,1,S2,1
73,7,2,102,95,33,3,319770,95.931,A,1,S2,1
73,48,6,101,81,62,"1,2,3",507222,152.167,A,1,S3,1
73,59,8,76,69,51,"1,2,3",267444,80.233,A,1,S1,1
73,33,4,75,73,57,"1,2,3",312075,93.623,A,1,S1,1
73,108,15,92,30,27,"2,3",74520,22.356,A,1,S1,1
73,21,3,117,38,30,"2,3",133380,40.014,C,3,S6,1
73,24,3,117,38,30,"2,3",133380,40.014,A,1,S1,0
73,99,13,103,93,54,"1,2,3",517266,155.18,A,1,S3,1
73,22,3,117,38,30,"2,3",133380,40.014,A,1,S1,1
73,94,12,112,57,27,3,172368,51.71,A,1,S1,1
73,63,9,65,30,30,"2,3",58500,17.55,A,1,S3,1
73,38,5,86,36,34,"2,3",105264,31.579,B,2,S4,1
73,89,12,112,57,27,3,172368,51.71,B,2,S5,1
73,96,12,112,57,27,3,172368,51.71,B,2,S4,1
73,28,4,75,73,57,"1,2,3",312075,93.623,B,2,S4,1
73,51,7,90,66,65,"1,2,3",386100,115.83,B,2,S4,1
73,29,4,75,73,57,"1,2,3",312075,93.623,B,2,S5,1
73,103,14,110,84,68,"1,2,3",628320,188.496,B,2,S5,1
73,65,9,65,30,30,"2,3",58500,17.55,B,2,S4,1
73,45,6,101,81,62,"1,2,3",507222,152.167,B,2,S5,1
73,56,7,90,66,65,"1,2,3",386100,115.83,B,2,S4,1
73,101,14,110,84,68,"1,2,3",628320,188.496,B,2,S5,1
73,31,4,75,73,57,"1,2,3",312075,93.623,C,3,S6,0
73,87,11,96,52,45,"2,3",224640,67.392,A,1,S1,1
73,97,13,103,93,54,"1,2,3",517266,155.18,A,1,S2,1
73,78,10,61,46,37,"1,2,3",103822,31.147,A,1,S1,1
73,102,14,110,84,68,"1,2,3",628320,188.496,A,1,S2,1
73,50,7,90,66,65,"1,2,3",386100,115.83,A,1,S3,1
73,107,14,110,84,68,"1,2,3",628320,188.496,A,1,S1,1
73,98,13,103,93,54,"1,2,3",517266,155.18,A,1,S1,1
73,80,11,96,52,45,"2,3",224640,67.392,A,1,S3,1
73,74,10,61,46,37,"1,2,3",103822,31.147,B,2,S5,1
73,52,7,90,66,65,"1,2,3",386100,115.83,B,2,S5,1
73,112,15,92,30,27,"2,3",74520,22.356,B,2,S4,1
73,62,8,76,69,51,"1,2,3",267444,80.233,C,3,S6,1
73,81,11,96,52,45,"2,3",224640,67.392,B,2,S4,1
73,17,3,117,38,30,"2,3",133380,40.014,A,1,S1,1
73,18,3,117,38,30,"2,3",133380,40.014,A,1,S3,1
73,76,10,61,46,37,"1,2,3",103822,31.147,A,1,S2,1
73,100,13,103,93,54,"1,2,3",517266,155.18,C,3,S6,1
73,114,15,92,30,27,"2,3",74520,22.356,C,3,S6,1
73,5,1,90,73,37,"2,3",243090,72.927,B,2,S5,0
73,39,5,86,36,34,"2,3",105264,31.579,C,3,S6,1
73,71,9,65,30,30,"2,3",58500,17.55,C,3,S6,1
73,43,6,101,81,62,"1,2,3",507222,152.167,B,2,S4,1
73,40,5,86,36,34,"2,3",105264,31.579,B,2,S5,1
73,104,14,110,84,68,"1,2,3",628320,188.496,B,2,S4,1
73,105,14,110,84,68,"1,2,3",628320,188.496,B,2,S4,1
73,6,1,90,73,37,"2,3",243090,72.927,B,2,S5,0
73,46,6,101,81,62,"1,2,3",507222,152.167,B,2,S5,0
73,84,11,96,52,45,"2,3",224640,67.392,B,2,S4,1
73,85,11,96,52,45,"2,3",224640,67.392,B,2,S4,1
73,57,8,76,69,51,"1,2,3",267444,80.233,B,2,S5,0
73,36,5,86,36,34,"2,3",105264,31.579,B,2,S4,0
73,91,12,112,57,27,3,172368,51.71,B,2,S4,1
73,3,1,90,73,37,"2,3",243090,72.927,C,3,S6,1
73,37,5,86,36,34,"2,3",105264,31.579,C,3,S6,0
73,83,11,96,52,45,"2,3",224640,67.392,C,3,S6,1
74,6,1,86,79,69,"1,2,3",468786,140.636,C,3,S6,1
74,66,11,72,69,61,"1,2,3",303048,90.914,C,3,S6,1
74,20,4,119,55,54,"2,3",353430,106.029,A,1,S3,1
74,96,15,72,67,22,3,106128,31.838,B,2,S5,1
74,34,5,77,74,37,3,210826,63.248,B,2,S5,1
74,95,15,72,67,22,3,106128,31.838,B,2,S5,1
74,98,15,72,67,22,3,106128,31.838,A,1,S2,1
74,21,4,119,55,54,"2,3",353430,106.029,A,1,S1,1
74,17,3,96,51,37,"2,3",181152,54.346,A,1,S1,1
74,68,11,72,69,61,"1,2,3",303048,90.914,A,1,S1,1
74,79,13,118,71,53,"2,3",444034,133.21,A,1,S3,1
74,57,10,104,70,69,"1,2,3",502320,150.696,A,1,S1,1
74,39,6,96,73,24,3,168192,50.458,A,1,S3,1
74,36,5,77,74,37,3,210826,63.248,A,1,S3,1
74,99,15,72,67,22,3,106128,31.838,B,2,S5,0
74,58,10,104,70,69,"1,2,3",502320,150.696,A,1,S2,1
74,27,4,119,55,54,"2,3",353430,106.029,A,1,S1,1
74,64,10,104,70,69,"1,2,3",502320,150.696,A,1,S2,1
74,9,2,53,46,31,"1,2,3",75578,22.673,A,1,S3,1
74,75,12,68,51,43,"1,2,3",149124,44.737,B,2,S4,1
74,19,3,96,51,37,"2,3",181152,54.346,B,2,S5,1
74,14,3,96,51,37,"2,3",181152,54.346,B,2,S4,1
74,72,12,68,51,43,"1,2,3",149124,44.737,A,1,S2,1
74,12,3,96,51,37,"2,3",181152,54.346,C,3,S6,1
74,25,4,119,55,54,"2,3",353430,106.029,C,3,S6,1
74,26,4,119,55,54,"2,3",353430,106.029,C,3,S6,1
74,80,13,118,71,53,"2,3",444034,133.21,C,3,S6,1
74,44,7,75,67,54,"1,2,3",271350,81.405,C,3,S6,1
74,46,7,75,67,54,"1,2,3",271350,81.405,C,3,S6,1
74,37,6,96,73,24,3,168192,50.458,C,3,S6,1
74,43,7,75,67,54,"1,2,3",271350,81.405,C,3,S6,1
74,92,14,78,57,54,"1,2,3",240084,72.025,B,2,S4,1
74,33,5,77,74,37,3,210826,63.248,B,2,S4,1
74,50,8,88,71,61,"1,2,3",381128,114.338,B,2,S5,1
74,15,3,96,51,37,"2,3",181152,54.346,B,2,S5,1
74,5,1,86,79,69,"1,2,3",468786,140.636,A,1,S2,1
74,78,13,118,71,53,"2,3",444034,133.21,A,1,S2,1
74,10,2,53,46,31,"1,2,3",75578,22.673,B,2,S5,1
74,29,5,77,74,37,3,210826,63.248,B,2,S5,0
74,82,13,118,71,53,"2,3",444034,133.21,B,2,S4,1
74,13,3,96,51,37,"2,3",181152,54.346,B,2,S5,1
74,4,1,86,79,69,"1,2,3",468786,140.636,B,2,S4,1
74,91,14,78,57,54,"1,2,3",240084,72.025,A,1,S1,1
74,84,13,118,71,53,"2,3",444034,133.21,C,3,S6,1
74,49,8,88,71,61,"1,2,3",381128,114.338,C,3,S6,0
74,30,5,77,74,37,3,210826,63.248,B,2,S5,1
74,51,8,88,71,61,"1,2,3",381128,114.338,B,2,S5,0
74,1,1,86,79,69,"1,2,3",468786,140.636,B,2,S4,1
74,3,1,86,79,69,"1,2,3",468786,140.636,B,2,S4,1
74,60,10,104,70,69,"1,2,3",502320,150.696,B,2,S4,1
74,97,15,72,67,22,3,106128,31.838,B,2,S5,1
74,56,9,120,93,46,3,513360,154.008,B,2,S5,0
74,16,3,96,51,37,"2,3",181152,54.346,B,2,S5,1
74,73,12,68,51,43,"1,2,3",149124,44.737,C,3,S6,1
74,22,4,119,55,54,"2,3",353430,106.029,C,3,S6,1
74,54,9,120,93,46,3,513360,154.008,A,1,S3,0
74,18,3,96,51,37,"2,3",181152,54.346,A,1,S3,1
74,2,1,86,79,69,"1,2,3",468786,140.636,C,3,S6,1
74,100,15,72,67,22,3,106128,31.838,C,3,S6,1
74,24,4,119,55,54,"2,3",353430,106.029,B,2,S5,1
74,42,6,96,73,24,3,168192,50.458,B,2,S4,1
74,41,6,96,73,24,3,168192,50.458,C,3,S6,1
74,93,14,78,57,54,"1,2,3",240084,72.025,C,3,S6,0
74,89,14,78,57,54,"1,2,3",240084,72.025,A,1,S3,1
74,45,7,75,67,54,"1,2,3",271350,81.405,A,1,S2,1
74,62,10,104,70,69,"1,2,3",502320,150.696,A,1,S2,1
74,90,14,78,57,54,"1,2,3",240084,72.025,A,1,S2,1
74,67,11,72,69,61,"1,2,3",303048,90.914,A,1,S1,1
74,53,9,120,93,46,3,513360,154.008,A,1,S1,1
74,85,14,78,57,54,"1,2,3",240084,72.025,A,1,S2,1
74,28,5,77,74,37,3,210826,63.248,A,1,S2,1
74,55,9,120,93,46,3,513360,154.008,A,1,S2,1
74,81,13,118,71,53,"2,3",444034,133.21,C,3,S6,1
74,23,4,119,55,54,"2,3",353430,106.029,C,3,S6,1
74,74,12,68,51,43,"1,2,3",149124,44.737,C,3,S6,1
74,61,10,104,70,69,"1,2,3",502320,150.696,A,1,S1,1
74,8,2,53,46,31,"1,2,3",75578,22.673,A,1,S1,1
74,7,1,86,79,69,"1,2,3",468786,140.636,B,2,S5,1
74,70,11,72,69,61,"1,2,3",303048,90.914,B,2,S5,1
74,59,10,104,70,69,"1,2,3",502320,150.696,B,2,S5,1
74,35,5,77,74,37,3,210826,63.248,B,2,S4,0
74,77,13,118,71,53,"2,3",444034,133.21,A,1,S2,1
74,47,7,75,67,54,"1,2,3",271350,81.405,A,1,S1,1
74,40,6,96,73,24,3,168192,50.458,A,1,S2,1
74,52,9,120,93,46,3,513360,154.008,A,1,S3,1
74,69,11,72,69,61,"1,2,3",303048,90.914,C,3,S6,0
74,65,10,104,70,69,"1,2,3",502320,150.696,C,3,S6,1
74,11,2,53,46,31,"1,2,3",75578,22.673,C,3,S6,1
74,83,13,118,71,53,"2,3",444034,133.21,C,3,S6,1
74,31,5,77,74,37,3,210826,63.248,B,2,S5,1
74,94,15,72,67,22,3,106128,31.838,B,2,S4,1
74,48,8,88,71,61,"1,2,3",381128,114.338,B,2,S4,1
74,63,10,104,70,69,"1,2,3",502320,150.696,B,2,S5,1
74,38,6,96,73,24,3,168192,50.458,B,2,S5,1
74,88,14,78,57,54,"1,2,3",240084,72.025,A,1,S3,1
74,71,12,68,51,43,"1,2,3",149124,44.737,A,1,S1,0
74,32,5,77,74,37,3,210826,63.248,A,1,S3,1
74,87,14,78,57,54,"1,2,3",240084,72.025,A,1,S1,1
74,86,14,78,57,54,"1,2,3",240084,72.025,A,1,S3,1
74,76,12,68,51,43,"1,2,3",149124,44.737,A,1,S1,1
75,22,3,79,72,47,"1,2,3",267336,80.201,B,2,S5,0
75,118,15,79,51,29,"2,3",116841,35.052,B,2,S4,1
75,85,10,77,71,41,"1,2,3",224147,67.244,B,2,S5,1
75,44,6,48,45,35,"1,2,3",75600,22.68,B,2,S5,0
75,62,7,108,84,69,"1,2,3",625968,187.79,B,2,S4,1
75,25,4,90,36,35,"2,3",113400,34.02,A,1,S3,1
75,36,5,68,51,40,"1,2,3",138720,41.616,A,1,S3,1
75,74,9,84,80,62,"1,2,3",416640,124.992,B,2,S4,1
75,105,13,89,42,26,"2,3",97188,29.156,B,2,S5,1
75,19,3,79,72,47,"1,2,3",267336,80.201,A,1,S3,1
75,53,6,48,45,35,"1,2,3",75600,22.68,A,1,S1,1
75,76,9,84,80,62,"1,2,3",416640,124.992,A,1,S2,0
75,91,11,91,78,42,"2,3",298116,89.435,A,1,S2,1
75,14,2,94,72,29,3,196272,58.882,B,2,S4,1
75,33,5,68,51,40,"1,2,3",138720,41.616,B,2,S4,1
75,96,12,82,80,60,"1,2,3",393600,118.08,B,2,S4,1
75,114,15,79,51,29,"2,3",116841,35.052,B,2,S5,1
75,34,5,68,51,40,"1,2,3",138720,41.616,A,1,S1,1
75,3,1,101,81,24,3,196344,58.903,B,2,S4,1
75,29,4,90,36,35,"2,3",113400,34.02,B,2,S5,1
75,39,5,68,51,40,"1,2,3",138720,41.616,B,2,S5,1
75,73,9,84,80,62,"1,2,3",416640,124.992,A,1,S3,1
75,37,5,68,51,40,"1,2,3",138720,41.616,C,3,S6,1
75,99,12,82,80,60,"1,2,3",393600,118.08,C,3,S6,1
75,9,2,94,72,29,3,196272,58.882,A,1,S2,1
75,87,11,91,78,42,"2,3",298116,89.435,A,1,S3,1
75,57,7,108,84,69,"1,2,3",625968,187.79,A,1,S3,1
75,115,15,79,51,29,"2,3",116841,35.052,A,1,S2,1
75,40,5,68,51,40,"1,2,3",138720,41.616,A,1,S1,1
75,2,1,101,81,24,3,196344,58.903,A,1,S3,1
75,70,9,84,80,62,"1,2,3",416640,124.992,A,1,S1,1
75,38,5,68,51,40,"1,2,3",138720,41.616,C,3,S6,1
75,67,8,91,45,31,"2,3",126945,38.084,B,2,S5,0
75,58,7,108,84,69,"1,2,3",625968,187.79,C,3,S6,1
75,100,12,82,80,60,"1,2,3",393600,118.08,A,1,S2,1
75,94,12,82,80,60,"1,2,3",393600,118.08,C,3,S6,1
75,52,6,48,45,35,"1,2,3",75600,22.68,C,3,S6,0
75,56,7,108,84,69,"1,2,3",625968,187.79,C,3,S6,1
75,41,5,68,51,40,"1,2,3",138720,41.616,A,1,S3,1
75,15,3,79,72,47,"1,2,3",267336,80.201,C,3,S6,1
75,47,6,48,45,35,"1,2,3",75600,22.68,C,3,S6,1
75,106,13,89,42,26,"2,3",97188,29.156,A,1,S2,1
75,109,14,45,41,30,"1,2,3",55350,16.605,A,1,S2,1
75,48,6,48,45,35,"1,2,3",75600,22.68,B,2,S4,1
75,10,2,94,72,29,3,196272,58.882,B,2,S4,1
75,54,6,48,45,35,"1,2,3",75600,22.68,B,2,S5,1
75,72,9,84,80,62,"1,2,3",416640,124.992,B,2,S5,1
75,46,6,48,45,35,"1,2,3",75600,22.68,B,2,S4,1
75,42,5,68,51,40,"1,2,3",138720,41.616,B,2,S5,1
75,32,5,68,51,40,"1,2,3",138720,41.616,A,1,S1,1
75,61,7,108,84,69,"1,2,3",625968,187.79,A,1,S2,1
75,110,14,45,41,30,"1,2,3",55350,16.605,B,2,S5,1
75,97,12,82,80,60,"1,2,3",393600,118.08,B,2,S5,1
75,120,15,79,51,29,"2,3",116841,35.052,B,2,S5,1
75,6,1,101,81,24,3,196344,58.903,A,1,S2,1
75,17,3,79,72,47,"1,2,3",267336,80.201,A,1,S1,1
75,80,9,84,80,62,"1,2,3",416640,124.992,A,1,S3,1
75,60,7,108,84,69,"1,2,3",625968,187.79,C,3,S6,1
75,30,4,90,36,35,"2,3",113400,34.02,B,2,S4,0
75,92,12,82,80,60,"1,2,3",393600,118.08,B,2,S4,1
75,90,11,91,78,42,"2,3",298116,89.435,B,2,S5,1
75,98,12,82,80,60,"1,2,3",393600,118.08,B,2,S5,1
75,8,2,94,72,29,3,196272,58.882,B,2,S5,1
75,123,15,79,51,29,"2,3",116841,35.052,B,2,S4,1
75,68,9,84,80,62,"1,2,3",416640,124.992,B,2,S4,1
75,28,4,90,36,35,"2,3",113400,34.02,B,2,S4,1
75,1,1,101,81,24,3,196344,58.903,B,2,S4,1
75,117,15,79,51,29,"2,3",116841,35.052,A,1,S1,1
75,81,9,84,80,62,"1,2,3",416640,124.992,C,3,S6,1
75,64,8,91,45,31,"2,3",126945,38.084,C,3,S6,1
75,103,12,82,80,60,"1,2,3",393600,118.08,B,2,S5,1
75,50,6,48,45,35,"1,2,3",75600,22.68,C,3,S6,1
75,101,12,82,80,60,"1,2,3",393600,118.08,A,1,S2,1
75,24,4,90,36,35,"2,3",113400,34.02,A,1,S3,1
75,11,2,94,72,29,3,196272,58.882,B,2,S4,1
75,31,5,68,51,40,"1,2,3",138720,41.616,B,2,S5,1
75,27,4,90,36,35,"2,3",113400,34.02,B,2,S5,1
75,21,3,79,72,47,"1,2,3",267336,80.201,B,2,S4,1
75,88,11,91,78,42,"2,3",298116,89.435,A,1,S3,1
75,71,9,84,80,62,"1,2,3",416640,124.992,A,1,S1,1
75,18,3,79,72,47,"1,2,3",267336,80.201,C,3,S6,1
75,78,9,84,80,62,"1,2,3",416640,124.992,C,3,S6,1
75,43,5,68,51,40,"1,2,3",138720,41.616,B,2,S5,0
75,75,9,84,80,62,"1,2,3",416640,124.992,B,2,S5,1
75,59,7,108,84,69,"1,2,3",625968,187.79,B,2,S5,1
75,112,14,45,41,30,"1,2,3",55350,16.605,B,2,S5,1
75,86,11,91,78,42,"2,3",298116,89.435,A,1,S1,1
75,20,3,79,72,47,"1,2,3",267336,80.201,C,3,S6,1
75,16,3,79,72,47,"1,2,3",267336,80.201,C,3,S6,1
75,119,15,79,51,29,"2,3",116841,35.052,B,2,S4,0
75,26,4,90,36,35,"2,3",113400,34.02,A,1,S2,1
75,65,8,91,45,31,"2,3",126945,38.084,C,3,S6,1
75,51,6,48,45,35,"1,2,3",75600,22.68,C,3,S6,1
75,7,1,101,81,24,3,196344,58.903,A,1,S2,1
75,84,10,77,71,41,"1,2,3",224147,67.244,A,1,S3,1
75,113,15,79,51,29,"2,3",116841,35.052,A,1,S2,1
75,69,9,84,80,62,"1,2,3",416640,124.992,A,1,S2,1
75,108,13,89,42,26,"2,3",97188,29.156,A,1,S2,1
75,4,1,101,81,24,3,196344,58.903,A,1,S2,1
75,79,9,84,80,62,"1,2,3",416640,124.992,A,1,S3,1
75,83,10,77,71,41,"1,2,3",224147,67.244,A,1,S2,1
75,66,8,91,45,31,"2,3",126945,38.084,A,1,S2,1
75,63,7,108,84,69,"1,2,3",625968,187.79,A,1,S3,1
75,95,12,82,80,60,"1,2,3",393600,118.08,A,1,S1,1
75,23,4,90,36,35,"2,3",113400,34.02,A,1,S2,1
75,49,6,48,45,35,"1,2,3",75600,22.68,A,1,S3,1
75,102,12,82,80,60,"1,2,3",393600,118.08,A,1,S3,1
75,107,13,89,42,26,"2,3",97188,29.156,C,3,S6,1
75,122,15,79,51,29,"2,3",116841,35.052,C,3,S6,1
75,116,15,79,51,29,"2,3",116841,35.052,C,3,S6,1
75,93,12,82,80,60,"1,2,3",393600,118.08,C,3,S6,0
75,89,11,91,78,42,"2,3",298116,89.435,C,3,S6,1
75,104,13,89,42,26,"2,3",97188,29.156,A,1,S1,1
75,5,1,101,81,24,3,196344,58.903,A,1,S2,1
75,35,5,68,51,40,"1,2,3",138720,41.616,A,1,S3,1
75,111,14,45,41,30,"1,2,3",55350,16.605,A,1,S3,1
75,45,6,48,45,35,"1,2,3",75600,22.68,C,3,S6,1
75,77,9,84,80,62,"1,2,3",416640,124.992,C,3,S6,0
75,12,2,94,72,29,3,196272,58.882,C,3,S6,1
75,13,2,94,72,29,3,196272,58.882,C,3,S6,1
75,82,9,84,80,62,"1,2,3",416640,124.992,C,3,S6,0
75,121,15,79,51,29,"2,3",116841,35.052,C,3,S6,0
75,55,7,108,84,69,"1,2,3",625968,187.79,C,3,S6,1
76,7,1,77,42,30,"2,3",97020,29.106,B,2,S4,1
76,80,10,85,74,39,"2,3",245310,73.593,A,1,S3,1
76,30,5,58,44,27,"2,3",68904,20.671,A,1,S2,0
76,76,10,85,74,39,"2,3",245310,73.593,A,1,S2,1
76,60,8,111,49,30,"2,3",163170,48.951,A,1,S1,1
76,100,12,113,91,76,"1,2,3",781508,234.452,B,2,S5,1
76,39,5,58,44,27,"2,3",68904,20.671,C,3,S6,1
76,94,11,106,34,33,"2,3",118932,35.68,A,1,S2,1
76,91,11,106,34,33,"2,3",118932,35.68,B,2,S5,1
76,105,13,57,49,43,"1,2,3",120099,36.03,A,1,S3,1
76,90,11,106,34,33,"2,3",118932,35.68,A,1,S2,1
76,106,13,57,49,43,"1,2,3",120099,36.03,C,3,S6,1
76,10,1,77,42,30,"2,3",97020,29.106,C,3,S6,1
76,66,9,79,66,49,"1,2,3",255486,76.646,A,1,S2,1
76,44,6,108,72,50,"2,3",388800,116.64,B,2,S4,1
76,102,12,113,91,76,"1,2,3",781508,234.452,B,2,S5,1
76,48,6,108,72,50,"2,3",388800,116.64,B,2,S5,1
76,35,5,58,44,27,"2,3",68904,20.671,B,2,S4,1
76,114,15,74,66,31,3,151404,45.421,B,2,S5,1
76,67,9,79,66,49,"1,2,3",255486,76.646,B,2,S5,1
76,5,1,77,42,30,"2,3",97020,29.106,C,3,S6,0
76,26,4,92,77,61,"1,2,3",432124,129.637,B,2,S4,1
76,116,15,74,66,31,3,151404,45.421,B,2,S5,1
76,88,11,106,34,33,"2,3",118932,35.68,A,1,S1,1
76,12,2,98,45,28,"2,3",123480,37.044,C,3,S6,0
76,41,6,108,72,50,"2,3",388800,116.64,C,3,S6,1
76,98,12,113,91,76,"1,2,3",781508,234.452,C,3,S6,1
76,4,1,77,42,30,"2,3",97020,29.106,B,2,S4,1
76,78,10,85,74,39,"2,3",245310,73.593,B,2,S4,1
76,31,5,58,44,27,"2,3",68904,20.671,B,2,S4,1
76,118,15,74,66,31,3,151404,45.421,C,3,S6,1
76,89,11,106,34,33,"2,3",118932,35.68,A,1,S2,1
76,18,3,61,58,32,"1,2,3",113216,33.965,A,1,S1,1
76,20,3,61,58,32,"1,2,3",113216,33.965,B,2,S5,1
76,112,14,103,80,27,3,222480,66.744,B,2,S4,1
76,50,7,93,72,71,"1,2,3",475416,142.625,B,2,S4,1
76,46,6,108,72,50,"2,3",388800,116.64,B,2,S5,1
76,113,14,103,80,27,3,222480,66.744,C,3,S6,1
76,71,9,79,66,49,"1,2,3",255486,76.646,B,2,S4,1
76,24,4,92,77,61,"1,2,3",432124,129.637,B,2,S4,1
76,2,1,77,42,30,"2,3",97020,29.106,B,2,S5,1
76,63,9,79,66,49,"1,2,3",255486,76.646,B,2,S4,1
76,79,10,85,74,39,"2,3",245310,73.593,B,2,S4,1
76,115,15,74,66,31,3,151404,45.421,B,2,S5,1
76,53,7,93,72,71,"1,2,3",475416,142.625,B,2,S4,1
76,109,14,103,80,27,3,222480,66.744,B,2,S4,1
76,23,4,92,77,61,"1,2,3",432124,129.637,B,2,S5,1
76,34,5,58,44,27,"2,3",68904,20.671,A,1,S2,1
76,1,1,77,42,30,"2,3",97020,29.106,A,1,S2,1
76,92,11,106,34,33,"2,3",118932,35.68,A,1,S3,1
76,120,15,74,66,31,3,151404,45.421,A,1,S1,1
76,28,4,92,77,61,"1,2,3",432124,129.637,A,1,S2,1
76,29,4,92,77,61,"1,2,3",432124,129.637,B,2,S5,1
76,70,9,79,66,49,"1,2,3",255486,76.646,B,2,S4,1
76,14,2,98,45,28,"2,3",123480,37.044,A,1,S2,1
76,77,10,85,74,39,"2,3",245310,73.593,A,1,S2,0
76,93,11,106,34,33,"2,3",118932,35.68,A,1,S1,1
76,43,6,108,72,50,"2,3",388800,116.64,A,1,S1,1
76,37,5,58,44,27,"2,3",68904,20.671,A,1,S3,1
76,22,3,61,58,32,"1,2,3",113216,33.965,A,1,S1,0
76,9,1,77,42,30,"2,3",97020,29.106,A,1,S2,1
76,81,10,85,74,39,"2,3",245310,73.593,A,1,S1,1
76,101,12,113,91,76,"1,2,3",781508,234.452,A,1,S1,1
76,49,7,93,72,71,"1,2,3",475416,142.625,A,1,S3,1
76,21,3,61,58,32,"1,2,3",113216,33.965,B,2,S4,1
76,47,6,108,72,50,"2,3",388800,116.64,C,3,S6,1
76,25,4,92,77,61,"1,2,3",432124,129.637,C,3,S6,1
76,111,14,103,80,27,3,222480,66.744,C,3,S6,1
76,11,1,77,42,30,"2,3",97020,29.106,A,1,S3,1
76,8,1,77,42,30,"2,3",97020,29.106,A,1,S2,1
76,52,7,93,72,71,"1,2,3",475416,142.625,A,1,S2,1
76,104,13,57,49,43,"1,2,3",120099,36.03,A,1,S2,1
76,75,10,85,74,39,"2,3",245310,73.593,A,1,S2,1
76,84,10,85,74,39,"2,3",245310,73.593,B,2,S4,1
76,56,8,111,49,30,"2,3",163170,48.951,B,2,S4,1
76,57,8,111,49,30,"2,3",163170,48.951,B,2,S4,1
76,40,5,58,44,27,"2,3",68904,20.671,B,2,S5,1
76,121,15,74,66,31,3,151404,45.421,C,3,S6,1
76,99,12,113,91,76,"1,2,3",781508,234.452,A,1,S3,1
76,85,10,85,74,39,"2,3",245310,73.593,B,2,S4,1
76,17,3,61,58,32,"1,2,3",113216,33.965,B,2,S4,0
76,55,8,111,49,30,"2,3",163170,48.951,B,2,S5,1
76,16,2,98,45,28,"2,3",123480,37.044,B,2,S5,1
76,59,8,111,49,30,"2,3",163170,48.951,C,3,S6,1
76,69,9,79,66,49,"1,2,3",255486,76.646,C,3,S6,1
76,13,2,98,45,28,"2,3",123480,37.044,C,3,S6,1
76,73,9,79,66,49,"1,2,3",255486,76.646,A,1,S2,1
76,15,2,98,45,28,"2,3",123480,37.044,B,2,S5,1
76,45,6,108,72,50,"2,3",388800,116.64,A,1,S1,1
76,19,3,61,58,32,"1,2,3",113216,33.965,C,3,S6,1
76,36,5,58,44,27,"2,3",68904,20.671,B,2,S4,1
76,117,15,74,66,31,3,151404,45.421,B,2,S4,1
76,42,6,108,72,50,"2,3",388800,116.64,C,3,S6,1
76,6,1,77,42,30,"2,3",97020,29.106,C,3,S6,1
76,68,9,79,66,49,"1,2,3",255486,76.646,C,3,S6,0
76,58,8,111,49,30,"2,3",163170,48.951,C,3,S6,0
76,27,4,92,77,61,"1,2,3",432124,129.637,A,1,S2,1
76,61,9,79,66,49,"1,2,3",255486,76.646,B,2,S4,1
76,74,9,79,66,49,"1,2,3",255486,76.646,B,2,S4,0
76,33,5,58,44,27,"2,3",68904,20.671,A,1,S3,1
76,54,7,93,72,71,"1,2,3",475416,142.625,A,1,S2,1
76,107,14,103,80,27,3,222480,66.744,A,1,S3,1
76,87,11,106,34,33,"2,3",118932,35.68,C,3,S6,0
76,82,10,85,74,39,"2,3",245310,73.593,A,1,S1,1
76,86,11,106,34,33,"2,3",118932,35.68,A,1,S1,1
76,51,7,93,72,71,"1,2,3",475416,142.625,C,3,S6,1
76,110,14,103,80,27,3,222480,66.744,C,3,S6,1
76,32,5,58,44,27,"2,3",68904,20.671,A,1,S3,1
76,97,12,113,91,76,"1,2,3",781508,234.452,A,1,S1,0
76,62,9,79,66,49,"1,2,3",255486,76.646,A,1,S2,1
76,122,15,74,66,31,3,151404,45.421,C,3,S6,1
76,3,1,77,42,30,"2,3",97020,29.106,C,3,S6,1
76,119,15,74,66,31,3,151404,45.421,C,3,S6,0
76,64,9,79,66,49,"1,2,3",255486,76.646,C,3,S6,1
76,65,9,79,66,49,"1,2,3",255486,76.646,A,1,S3,1
76,103,13,57,49,43,"1,2,3",120099,36.03,A,1,S3,1
76,108,14,103,80,27,3,222480,66.744,C,3,S6,1
76,95,12,113,91,76,"1,2,3",781508,234.452,A,1,S1,1
76,72,9,79,66,49,"1,2,3",255486,76.646,C,3,S6,1
76,38,5,58,44,27,"2,3",68904,20.671,A,1,S2,1
76,96,12,113,91,76,"1,2,3",781508,234.452,A,1,S1,1
76,83,10,85,74,39,"2,3",245310,73.593,A,1,S1,1
77,19,2,87,49,26,"2,3",110838,33.251,B,2,S5,1
77,140,13,84,72,59,"1,2,3",356832,107.05,B,2,S5,1
77,82,8,75,68,40,"1,2,3",204000,61.2,C,3,S6,1
77,22,2,87,49,26,"2,3",110838,33.251,C,3,S6,1
77,133,12,52,32,27,"1,2,3",44928,13.478,C,3,S6,1
77,25,3,68,53,44,"1,2,3",158576,47.573,C,3,S6,1
77,95,9,104,53,34,"2,3",187408,56.222,C,3,S6,1
77,27,3,68,53,44,"1,2,3",158576,47.573,A,1,S1,1
77,123,11,79,54,49,"1,2,3",209034,62.71,A,1,S2,1
77,21,2,87,49,26,"2,3",110838,33.251,A,1,S1,1
77,44,5,65,49,47,"1,2,3",149695,44.908,A,1,S1,1
77,26,3,68,53,44,"1,2,3",158576,47.573,B,2,S4,1
77,156,15,102,70,27,3,192780,57.834,B,2,S4,1
77,13,2,87,49,26,"2,3",110838,33.251,B,2,S4,1
77,70,7,72,35,26,"2,3",65520,19.656,B,2,S4,1
77,128,11,79,54,49,"1,2,3",209034,62.71,B,2,S5,1
77,98,9,104,53,34,"2,3",187408,56.222,C,3,S6,1
77,137,12,52,32,27,"1,2,3",44928,13.478,C,3,S6,1
77,81,8,75,68,40,"1,2,3",204000,61.2,A,1,S2,1
77,99,9,104,53,34,"2,3",187408,56.222,A,1,S1,1
77,43,5,65,49,47,"1,2,3",149695,44.908,C,3,S6,1
77,97,9,104,53,34,"2,3",187408,56.222,B,2,S5,1
77,62,6,80,65,35,"2,3",182000,54.6,B,2,S4,0
77,35,4,73,57,33,"2,3",137313,41.194,A,1,S2,1
77,18,2,87,49,26,"2,3",110838,33.251,C,3,S6,1
77,148,13,84,72,59,"1,2,3",356832,107.05,A,1,S1,1
77,102,9,104,53,34,"2,3",187408,56.222,A,1,S2,1
77,50,5,65,49,47,"1,2,3",149695,44.908,A,1,S1,1
77,158,15,102,70,27,3,192780,57.834,A,1,S3,0
77,120,11,79,54,49,"1,2,3",209034,62.71,C,3,S6,1
77,116,11,79,54,49,"1,2,3",209034,62.71,B,2,S5,0
77,101,9,104,53,34,"2,3",187408,56.222,B,2,S5,1
77,139,13,84,72,59,"1,2,3",356832,107.05,A,1,S3,1
77,24,3,68,53,44,"1,2,3",158576,47.573,C,3,S6,1
77,40,4,73,57,33,"2,3",137313,41.194,A,1,S2,1
77,110,10,97,93,45,3,405945,121.783,A,1,S1,1
77,105,10,97,93,45,3,405945,121.783,B,2,S5,0
77,94,9,104,53,34,"2,3",187408,56.222,C,3,S6,1
77,130,11,79,54,49,"1,2,3",209034,62.71,C,3,S6,0
77,8,1,73,73,36,3,191844,57.553,B,2,S4,1
77,153,14,74,71,53,"1,2,3",278462,83.539,B,2,S4,1
77,103,9,104,53,34,"2,3",187408,56.222,C,3,S6,1
77,100,9,104,53,34,"2,3",187408,56.222,A,1,S2,1
77,157,15,102,70,27,3,192780,57.834,A,1,S2,0
77,134,12,52,32,27,"1,2,3",44928,13.478,A,1,S3,1
77,80,8,75,68,40,"1,2,3",204000,61.2,A,1,S3,1
77,68,6,80,65,35,"2,3",182000,54.6,A,1,S3,1
77,39,4,73,57,33,"2,3",137313,41.194,A,1,S2,1
77,142,13,84,72,59,"1,2,3",356832,107.05,B,2,S5,1
77,78,7,72,35,26,"2,3",65520,19.656,C,3,S6,1
77,9,1,73,73,36,3,191844,57.553,C,3,S6,1
77,144,13,84,72,59,"1,2,3",356832,107.05,C,3,S6,1
77,54,5,65,49,47,"1,2,3",149695,44.908,C,3,S6,1
77,83,8,75,68,40,"1,2,3",204000,61.2,A,1,S1,1
77,3,1,73,73,36,3,191844,57.553,A,1,S2,1
77,52,5,65,49,47,"1,2,3",149695,44.908,A,1,S1,0
77,73,7,72,35,26,"2,3",65520,19.656,B,2,S4,1
77,31,4,73,57,33,"2,3",137313,41.194,B,2,S4,1
77,63,6,80,65,35,"2,3",182000,54.6,B,2,S4,1
77,91,9,104,53,34,"2,3",187408,56.222,A,1,S1,1
77,109,10,97,93,45,3,405945,121.783,C,3,S6,1
77,92,9,104,53,34,"2,3",187408,56.222,C,3,S6,1
77,28,3,68,53,44,"1,2,3",158576,47.573,C,3,S6,1
77,79,7,72,35,26,"2,3",65520,19.656,A,1,S1,1
77,129,11,79,54,49,"1,2,3",209034,62.71,B,2,S4,1
77,48,5,65,49,47,"1,2,3",149695,44.908,B,2,S5,1
77,141,13,84,72,59,"1,2,3",356832,107.05,A,1,S2,1
77,151,14,74,71,53,"1,2,3",278462,83.539,A,1,S2,1
77,23,2,87,49,26,"2,3",110838,33.251,A,1,S1,1
77,90,9,104,53,34,"2,3",187408,56.222,A,1,S3,1
77,71,7,72,35,26,"2,3",65520,19.656,B,2,S5,1
77,154,14,74,71,53,"1,2,3",278462,83.539,B,2,S5,1
77,58,5,65,49,47,"1,2,3",149695,44.908,B,2,S4,1
77,75,7,72,35,26,"2,3",65520,19.656,B,2,S5,1
77,122,11,79,54,49,"1,2,3",209034,62.71,A,1,S1,1
77,111,10,97,93,45,3,405945,121.783,A,1,S1,1
77,15,2,87,49,26,"2,3",110838,33.251,C,3,S6,1
77,45,5,65,49,47,"1,2,3",149695,44.908,A,1,S3,1
77,93,9,104,53,34,"2,3",187408,56.222,C,3,S6,1
77,87,9,104,53,34,"2,3",187408,56.222,C,3,S6,0
77,135,12,52,32,27,"1,2,3",44928,13.478,A,1,S2,1
77,56,5,65,49,47,"1,2,3",149695,44.908,A,1,S2,1
77,64,6,80,65,35,"2,3",182000,54.6,C,3,S6,1
77,4,1,73,73,36,3,191844,57.553,A,1,S3,1
77,152,14,74,71,53,"1,2,3",278462,83.539,A,1,S3,1
77,42,5,65,49,47,"1,2,3",149695,44.908,A,1,S3,1
77,124,11,79,54,49,"1,2,3",209034,62.71,B,2,S4,1
77,143,13,84,72,59,"1,2,3",356832,107.05,B,2,S5,1
77,149,13,84,72,59,"1,2,3",356832,107.05,B,2,S5,1
77,33,4,73,57,33,"2,3",137313,41.194,B,2,S4,1
77,41,5,65,49,47,"1,2,3",149695,44.908,B,2,S4,0
77,7,1,73,73,36,3,191844,57.553,C,3,S6,1
77,88,9,104,53,34,"2,3",187408,56.222,C,3,S6,1
77,14,2,87,49,26,"2,3",110838,33.251,C,3,S6,1
77,53,5,65,49,47,"1,2,3",149695,44.908,C,3,S6,1
77,51,5,65,49,47,"1,2,3",149695,44.908,C,3,S6,1
77,60,6,80,65,35,"2,3",182000,54.6,C,3,S6,1
77,115,11,79,54,49,"1,2,3",209034,62.71,C,3,S6,1
77,96,9,104,53,34,"2,3",187408,56.222,A,1,S3,1
77,77,7,72,35,26,"2,3",65520,19.656,B,2,S4,1
77,108,10,97,93,45,3,405945,121.783,C,3,S6,1
77,86,8,75,68,40,"1,2,3",204000,61.2,C,3,S6,1
77,126,11,79,54,49,"1,2,3",209034,62.71,A,1,S3,1
77,61,6,80,65,35,"2,3",182000,54.6,B,2,S5,1
77,74,7,72,35,26,"2,3",65520,19.656,C,3,S6,1
77,47,5,65,49,47,"1,2,3",149695,44.908,A,1,S2,1
77,125,11,79,54,49,"1,2,3",209034,62.71,A,1,S3,1
77,29,3,68,53,44,"1,2,3",158576,47.573,C,3,S6,1
77,34,4,73,57,33,"2,3",137313,41.194,C,3,S6,1
77,10,1,73,73,36,3,191844,57.553,C,3,S6,1
77,118,11,79,54,49,"1,2,3",209034,62.71,C,3,S6,1
77,55,5,65,49,47,"1,2,3",149695,44.908,B,2,S4,1
77,6,1,73,73,36,3,191844,57.553,B,2,S4,0
77,2,1,73,73,36,3,191844,57.553,B,2,S5,1
77,84,8,75,68,40,"1,2,3",204000,61.2,A,1,S1,1
77,121,11,79,54,49,"1,2,3",209034,62.71,B,2,S5,1
77,11,1,73,73,36,3,191844,57.553,A,1,S3,0
77,69,6,80,65,35,"2,3",182000,54.6,B,2,S5,1
77,145,13,84,72,59,"1,2,3",356832,107.05,A,1,S1,1
77,49,5,65,49,47,"1,2,3",149695,44.908,B,2,S4,1
77,57,5,65,49,47,"1,2,3",149695,44.908,B,2,S4,1
77,1,1,73,73,36,3,191844,57.553,B,2,S4,1
77,119,11,79,54,49,"1,2,3",209034,62.71,A,1,S3,1
77,117,11,79,54,49,"1,2,3",209034,62.71,A,1,S1,0
77,112,10,97,93,45,3,405945,121.783,A,1,S3,1
77,20,2,87,49,26,"2,3",110838,33.251,B,2,S4,1
77,155,15,102,70,27,3,192780,57.834,B,2,S5,1
77,30,3,68,53,44,"1,2,3",158576,47.573,B,2,S4,1
77,150,14,74,71,53,"1,2,3",278462,83.539,B,2,S5,1
77,146,13,84,72,59,"1,2,3",356832,107.05,B,2,S5,1
77,66,6,80,65,35,"2,3",182000,54.6,B,2,S5,1
77,37,4,73,57,33,"2,3",137313,41.194,B,2,S5,1
77,76,7,72,35,26,"2,3",65520,19.656,A,1,S3,0
77,147,13,84,72,59,"1,2,3",356832,107.05,B,2,S4,1
77,114,11,79,54,49,"1,2,3",209034,62.71,B,2,S5,1
77,65,6,80,65,35,"2,3",182000,54.6,B,2,S4,1
77,131,12,52,32,27,"1,2,3",44928,13.478,B,2,S4,1
77,106,10,97,93,45,3,405945,121.783,B,2,S5,1
77,46,5,65,49,47,"1,2,3",149695,44.908,A,1,S2,1
77,107,10,97,93,45,3,405945,121.783,A,1,S2,1
77,132,12,52,32,27,"1,2,3",44928,13.478,A,1,S3,1
77,113,10,97,93,45,3,405945,121.783,A,1,S2,1
77,59,5,65,49,47,"1,2,3",149695,44.908,A,1,S3,1
77,32,4,73,57,33,"2,3",137313,41.194,A,1,S2,1
77,85,8,75,68,40,"1,2,3",204000,61.2,A,1,S3,1
77,17,2,87,49,26,"2,3",110838,33.251,A,1,S3,0
77,12,2,87,49,26,"2,3",110838,33.251,C,3,S6,1
77,89,9,104,53,34,"2,3",187408,56.222,A,1,S2,1
77,16,2,87,49,26,"2,3",110838,33.251,B,2,S4,1
77,138,13,84,72,59,"1,2,3",356832,107.05,B,2,S4,0
77,136,12,52,32,27,"1,2,3",44928,13.478,B,2,S4,1
77,5,1,73,73,36,3,191844,57.553,A,1,S1,1
77,127,11,79,54,49,"1,2,3",209034,62.71,A,1,S1,1
77,104,9,104,53,34,"2,3",187408,56.222,A,1,S3,1
77,38,4,73,57,33,"2,3",137313,41.194,B,2,S4,1
77,67,6,80,65,35,"2,3",182000,54.6,A,1,S2,0
77,36,4,73,57,33,"2,3",137313,41.194,A,1,S3,1
77,72,7,72,35,26,"2,3",65520,19.656,A,1,S2,1
78,28,3,79,73,26,3,149942,44.983,B,2,S5,1
78,31,3,79,73,26,3,149942,44.983,A,1,S1,1
78,57,5,50,41,40,"1,2,3",82000,24.6,C,3,S6,1
78,134,14,60,38,26,"2,3",59280,17.784,B,2,S5,1
78,99,10,78,64,25,3,124800,37.44,B,2,S4,1
78,87,9,68,50,39,"1,2,3",132600,39.78,C,3,S6,1
78,91,9,68,50,39,"1,2,3",132600,39.78,A,1,S2,1
78,150,15,82,65,64,"1,2,3",341120,102.336,A,1,S1,1
78,98,10,78,64,25,3,124800,37.44,A,1,S3,1
78,133,13,87,76,44,"1,2,3",290928,87.278,A,1,S3,1
78,132,13,87,76,44,"1,2,3",290928,87.278,A,1,S1,1
78,25,3,79,73,26,3,149942,44.983,A,1,S3,1
78,83,9,68,50,39,"1,2,3",132600,39.78,C,3,S6,1
78,54,5,50,41,40,"1,2,3",82000,24.6,C,3,S6,1
78,34,4,95,53,38,"2,3",191330,57.399,C,3,S6,0
78,36,4,95,53,38,"2,3",191330,57.399,C,3,S6,1
78,33,3,79,73,26,3,149942,44.983,A,1,S2,1
78,62,6,80,59,52,"1,2,3",245440,73.632,A,1,S1,1
78,97,10,78,64,25,3,124800,37.44,A,1,S2,0
78,104,11,73,65,52,"1,2,3",246740,74.022,A,1,S2,1
78,30,3,79,73,26,3,149942,44.983,A,1,S3,1
78,22,3,79,73,26,3,149942,44.983,B,2,S4,1
78,146,15,82,65,64,"1,2,3",341120,102.336,B,2,S4,1
78,66,6,80,59,52,"1,2,3",245440,73.632,A,1,S3,1
78,19,2,75,37,24,"2,3",66600,19.98,A,1,S3,1
78,49,5,50,41,40,"1,2,3",82000,24.6,A,1,S2,1
78,45,4,95,53,38,"2,3",191330,57.399,A,1,S3,1
78,154,15,82,65,64,"1,2,3",341120,102.336,B,2,S4,1
78,47,5,50,41,40,"1,2,3",82000,24.6,B,2,S5,0
78,139,14,60,38,26,"2,3",59280,17.784,A,1,S2,1
78,15,2,75,37,24,"2,3",66600,19.98,A,1,S3,1
78,141,14,60,38,26,"2,3",59280,17.784,B,2,S5,1
78,12,2,75,37,24,"2,3",66600,19.98,A,1,S1,1
78,18,2,75,37,24,"2,3",66600,19.98,A,1,S1,1
78,27,3,79,73,26,3,149942,44.983,A,1,S2,1
78,130,13,87,76,44,"1,2,3",290928,87.278,A,1,S3,1
78,122,13,87,76,44,"1,2,3",290928,87.278,B,2,S5,1
78,151,15,82,65,64,"1,2,3",341120,102.336,B,2,S5,1
78,118,12,83,48,38,"2,3",151392,45.418,B,2,S4,1
78,108,11,73,65,52,"1,2,3",246740,74.022,A,1,S1,0
78,113,12,83,48,38,"2,3",151392,45.418,C,3,S6,1
78,72,8,87,60,60,"1,2,3",313200,93.96,A,1,S3,1
78,6,1,105,68,42,"2,3",299880,89.964,A,1,S2,1
78,90,9,68,50,39,"1,2,3",132600,39.78,B,2,S4,1
78,144,15,82,65,64,"1,2,3",341120,102.336,B,2,S5,1
78,89,9,68,50,39,"1,2,3",132600,39.78,B,2,S4,1
78,105,11,73,65,52,"1,2,3",246740,74.022,B,2,S5,1
78,43,4,95,53,38,"2,3",191330,57.399,B,2,S4,1
78,74,8,87,60,60,"1,2,3",313200,93.96,B,2,S4,1
78,84,9,68,50,39,"1,2,3",132600,39.78,B,2,S5,1
78,107,11,73,65,52,"1,2,3",246740,74.022,B,2,S5,1
78,4,1,105,68,42,"2,3",299880,89.964,B,2,S5,0
78,29,3,79,73,26,3,149942,44.983,C,3,S6,1
78,155,15,82,65,64,"1,2,3",341120,102.336,C,3,S6,1
78,3,1,105,68,42,"2,3",299880,89.964,C,3,S6,1
78,88,9,68,50,39,"1,2,3",132600,39.78,C,3,S6,1
78,109,11,73,65,52,"1,2,3",246740,74.022,A,1,S2,1
78,81,9,68,50,39,"1,2,3",132600,39.78,A,1,S3,1
78,58,6,80,59,52,"1,2,3",245440,73.632,A,1,S3,1
78,117,12,83,48,38,"2,3",151392,45.418,B,2,S5,1
78,68,7,90,74,35,3,233100,69.93,B,2,S4,1
78,95,10,78,64,25,3,124800,37.44,B,2,S5,1
78,85,9,68,50,39,"1,2,3",132600,39.78,B,2,S5,1
78,121,12,83,48,38,"2,3",151392,45.418,B,2,S5,1
78,100,10,78,64,25,3,124800,37.44,C,3,S6,0
78,137,14,60,38,26,"2,3",59280,17.784,C,3,S6,1
78,70,7,90,74,35,3,233100,69.93,C,3,S6,1
78,64,6,80,59,52,"1,2,3",245440,73.632,C,3,S6,1
78,8,1,105,68,42,"2,3",299880,89.964,A,1,S3,1
78,26,3,79,73,26,3,149942,44.983,A,1,S2,0
78,149,15,82,65,64,"1,2,3",341120,102.336,B,2,S4,1
78,65,6,80,59,52,"1,2,3",245440,73.632,B,2,S4,1
78,71,7,90,74,35,3,233100,69.93,B,2,S5,1
78,92,9,68,50,39,"1,2,3",132600,39.78,A,1,S2,1
78,116,12,83,48,38,"2,3",151392,45.418,B,2,S4,1
78,24,3,79,73,26,3,149942,44.983,A,1,S2,1
78,41,4,95,53,38,"2,3",191330,57.399,A,1,S2,1
78,112,11,73,65,52,"1,2,3",246740,74.022,B,2,S4,0
78,138,14,60,38,26,"2,3",59280,17.784,A,1,S3,1
78,39,4,95,53,38,"2,3",191330,57.399,A,1,S3,1
78,63,6,80,59,52,"1,2,3",245440,73.632,A,1,S2,1
78,17,2,75,37,24,"2,3",66600,19.98,C,3,S6,1
78,140,14,60,38,26,"2,3",59280,17.784,A,1,S1,1
78,35,4,95,53,38,"2,3",191330,57.399,A,1,S3,1
78,67,7,90,74,35,3,233100,69.93,A,1,S2,1
78,61,6,80,59,52,"1,2,3",245440,73.632,A,1,S1,1
78,13,2,75,37,24,"2,3",66600,19.98,A,1,S2,1
78,102,10,78,64,25,3,124800,37.44,A,1,S3,1
78,115,12,83,48,38,"2,3",151392,45.418,A,1,S1,1
78,32,3,79,73,26,3,149942,44.983,A,1,S3,1
78,148,15,82,65,64,"1,2,3",341120,102.336,C,3,S6,1
78,44,4,95,53,38,"2,3",191330,57.399,A,1,S2,1
78,40,4,95,53,38,"2,3",191330,57.399,C,3,S6,1
78,136,14,60,38,26,"2,3",59280,17.784,C,3,S6,1
78,76,8,87,60,60,"1,2,3",313200,93.96,C,3,S6,1
78,86,9,68,50,39,"1,2,3",132600,39.78,B,2,S4,1
78,46,4,95,53,38,"2,3",191330,57.399,C,3,S6,1
78,51,5,50,41,40,"1,2,3",82000,24.6,B,2,S5,1
78,120,12,83,48,38,"2,3",151392,45.418,A,1,S2,1
78,143,15,82,65,64,"1,2,3",341120,102.336,A,1,S1,1
78,77,8,87,60,60,"1,2,3",313200,93.96,A,1,S1,1
78,127,13,87,76,44,"1,2,3",290928,87.278,A,1,S2,1
78,1,1,105,68,42,"2,3",299880,89.964,C,3,S6,1
78,11,2,75,37,24,"2,3",66600,19.98,A,1,S3,1
78,73,8,87,60,60,"1,2,3",313200,93.96,A,1,S1,1
78,114,12,83,48,38,"2,3",151392,45.418,A,1,S2,1
78,101,10,78,64,25,3,124800,37.44,B,2,S5,1
78,78,8,87,60,60,"1,2,3",313200,93.96,A,1,S3,0
78,119,12,83,48,38,"2,3",151392,45.418,B,2,S5,1
78,125,13,87,76,44,"1,2,3",290928,87.278,C,3,S6,1
78,56,5,50,41,40,"1,2,3",82000,24.6,A,1,S2,0
78,129,13,87,76,44,"1,2,3",290928,87.278,B,2,S4,1
78,75,8,87,60,60,"1,2,3",313200,93.96,A,1,S3,1
78,5,1,105,68,42,"2,3",299880,89.964,B,2,S5,1
78,123,13,87,76,44,"1,2,3",290928,87.278,B,2,S5,1
78,82,9,68,50,39,"1,2,3",132600,39.78,A,1,S3,1
78,50,5,50,41,40,"1,2,3",82000,24.6,A,1,S2,1
78,110,11,73,65,52,"1,2,3",246740,74.022,A,1,S3,1
78,37,4,95,53,38,"2,3",191330,57.399,A,1,S2,0
78,152,15,82,65,64,"1,2,3",341120,102.336,C,3,S6,1
78,53,5,50,41,40,"1,2,3",82000,24.6,A,1,S1,1
78,55,5,50,41,40,"1,2,3",82000,24.6,A,1,S3,1
78,135,14,60,38,26,"2,3",59280,17.784,C,3,S6,1
78,20,2,75,37,24,"2,3",66600,19.98,C,3,S6,1
78,10,2,75,37,24,"2,3",66600,19.98,C,3,S6,0
78,131,13,87,76,44,"1,2,3",290928,87.278,B,2,S4,1
78,7,1,105,68,42,"2,3",299880,89.964,B,2,S5,1
78,9,1,105,68,42,"2,3",299880,89.964,C,3,S6,1
78,147,15,82,65,64,"1,2,3",341120,102.336,C,3,S6,1
78,2,1,105,68,42,"2,3",299880,89.964,B,2,S4,1
78,94,10,78,64,25,3,124800,37.44,B,2,S4,1
78,60,6,80,59,52,"1,2,3",245440,73.632,B,2,S5,0
78,124,13,87,76,44,"1,2,3",290928,87.278,C,3,S6,1
78,38,4,95,53,38,"2,3",191330,57.399,C,3,S6,1
78,153,15,82,65,64,"1,2,3",341120,102.336,C,3,S6,1
78,42,4,95,53,38,"2,3",191330,57.399,C,3,S6,1
78,79,8,87,60,60,"1,2,3",313200,93.96,C,3,S6,0
78,21,2,75,37,24,"2,3",66600,19.98,A,1,S2,1
78,126,13,87,76,44,"1,2,3",290928,87.278,C,3,S6,1
78,52,5,50,41,40,"1,2,3",82000,24.6,C,3,S6,1
78,80,8,87,60,60,"1,2,3",313200,93.96,C,3,S6,1
78,14,2,75,37,24,"2,3",66600,19.98,C,3,S6,1
78,142,14,60,38,26,"2,3",59280,17.784,B,2,S5,1
78,69,7,90,74,35,3,233100,69.93,B,2,S4,1
78,128,13,87,76,44,"1,2,3",290928,87.278,B,2,S4,0
78,96,10,78,64,25,3,124800,37.44,C,3,S6,1
78,103,11,73,65,52,"1,2,3",246740,74.022,B,2,S5,1
78,93,10,78,64,25,3,124800,37.44,B,2,S5,1
78,59,6,80,59,52,"1,2,3",245440,73.632,B,2,S4,1
78,16,2,75,37,24,"2,3",66600,19.98,B,2,S4,1
78,23,3,79,73,26,3,149942,44.983,B,2,S5,1
78,111,11,73,65,52,"1,2,3",246740,74.022,B,2,S4,0
78,106,11,73,65,52,"1,2,3",246740,74.022,B,2,S5,1
78,145,15,82,65,64,"1,2,3",341120,102.336,B,2,S5,1
78,48,5,50,41,40,"1,2,3",82000,24.6,B,2,S4,1
79,131,12,113,64,50,"2,3",361600,108.48,C,3,S6,1
79,120,11,116,93,21,3,226548,67.964,C,3,S6,1
79,110,10,50,32,32,"1,2,3",51200,15.36,C,3,S6,1
79,25,2,79,25,22,"2,3",43450,13.035,C,3,S6,1
79,147,14,96,76,46,"2,3",335616,100.685,C,3,S6,1
79,127,12,113,64,50,"2,3",361600,108.48,B,2,S5,1
79,86,8,80,44,29,"2,3",102080,30.624,B,2,S5,1
79,18,2,79,25,22,"2,3",43450,13.035,B,2,S5,1
79,48,4,79,66,34,"2,3",177276,53.183,A,1,S1,0
79,16,2,79,25,22,"2,3",43450,13.035,A,1,S1,1
79,35,3,89,85,33,3,249645,74.894,A,1,S3,1
79,49,4,79,66,34,"2,3",177276,53.183,A,1,S1,1
79,115,10,50,32,32,"1,2,3",51200,15.36,A,1,S3,1
79,30,3,89,85,33,3,249645,74.894,A,1,S1,1
79,112,10,50,32,32,"1,2,3",51200,15.36,A,1,S1,1
79,37,3,89,85,33,3,249645,74.894,A,1,S3,1
79,39,3,89,85,33,3,249645,74.894,C,3,S6,1
79,135,13,101,80,31,3,250480,75.144,C,3,S6,1
79,63,5,79,54,31,"2,3",132246,39.674,C,3,S6,0
79,41,3,89,85,33,3,249645,74.894,C,3,S6,1
79,160,14,96,76,46,"2,3",335616,100.685,C,3,S6,1
79,26,3,89,85,33,3,249645,74.894,A,1,S3,1
79,52,5,79,54,31,"2,3",132246,39.674,B,2,S4,1
79,152,14,96,76,46,"2,3",335616,100.685,B,2,S4,1
79,102,9,66,33,26,"2,3",56628,16.988,B,2,S4,1
79,149,14,96,76,46,"2,3",335616,100.685,B,2,S4,1
79,97,8,80,44,29,"2,3",102080,30.624,C,3,S6,1
79,47,4,79,66,34,"2,3",177276,53.183,A,1,S2,1
79,54,5,79,54,31,"2,3",132246,39.674,A,1,S3,1
79,114,10,50,32,32,"1,2,3",51200,15.36,A,1,S3,1
79,59,5,79,54,31,"2,3",132246,39.674,A,1,S2,1
79,66,5,79,54,31,"2,3",132246,39.674,A,1,S2,0
79,89,8,80,44,29,"2,3",102080,30.624,B,2,S5,0
79,51,4,79,66,34,"2,3",177276,53.183,B,2,S4,1
79,142,13,101,80,31,3,250480,75.144,B,2,S4,0
79,153,14,96,76,46,"2,3",335616,100.685,A,1,S1,1
79,23,2,79,25,22,"2,3",43450,13.035,A,1,S1,1
79,163,15,61,61,26,3,96746,29.024,A,1,S3,1
79,57,5,79,54,31,"2,3",132246,39.674,A,1,S1,1
79,27,3,89,85,33,3,249645,74.894,A,1,S1,1
79,34,3,89,85,33,3,249645,74.894,A,1,S1,1
79,5,1,64,48,46,"1,2,3",141312,42.394,C,3,S6,1
79,24,2,79,25,22,"2,3",43450,13.035,A,1,S2,1
79,137,13,101,80,31,3,250480,75.144,C,3,S6,1
79,107,9,66,33,26,"2,3",56628,16.988,C,3,S6,1
79,122,11,116,93,21,3,226548,67.964,A,1,S1,1
79,159,14,96,76,46,"2,3",335616,100.685,B,2,S5,1
79,117,11,116,93,21,3,226548,67.964,A,1,S1,1
79,74,6,115,95,22,3,240350,72.105,B,2,S4,1
79,19,2,79,25,22,"2,3",43450,13.035,B,2,S4,1
79,109,10,50,32,32,"1,2,3",51200,15.36,B,2,S5,1
79,118,11,116,93,21,3,226548,67.964,B,2,S5,1
79,83,7,76,54,44,"1,2,3",180576,54.173,C,3,S6,1
79,75,6,115,95,22,3,240350,72.105,A,1,S1,1
79,128,12,113,64,50,"2,3",361600,108.48,B,2,S5,1
79,123,11,116,93,21,3,226548,67.964,B,2,S4,1
79,101,9,66,33,26,"2,3",56628,16.988,B,2,S4,0
79,46,4,79,66,34,"2,3",177276,53.183,B,2,S5,1
79,32,3,89,85,33,3,249645,74.894,B,2,S4,0
79,145,13,101,80,31,3,250480,75.144,B,2,S4,1
79,42,4,79,66,34,"2,3",177276,53.183,B,2,S5,1
79,143,13,101,80,31,3,250480,75.144,C,3,S6,1
79,144,13,101,80,31,3,250480,75.144,C,3,S6,0
79,2,1,64,48,46,"1,2,3",141312,42.394,A,1,S2,1
79,76,6,115,95,22,3,240350,72.105,A,1,S1,1
79,100,8,80,44,29,"2,3",102080,30.624,A,1,S2,1
79,125,12,113,64,50,"2,3",361600,108.48,A,1,S1,1
79,90,8,80,44,29,"2,3",102080,30.624,A,1,S2,1
79,44,4,79,66,34,"2,3",177276,53.183,B,2,S4,1
79,4,1,64,48,46,"1,2,3",141312,42.394,A,1,S3,1
79,93,8,80,44,29,"2,3",102080,30.624,A,1,S3,1
79,150,14,96,76,46,"2,3",335616,100.685,A,1,S1,0
79,53,5,79,54,31,"2,3",132246,39.674,A,1,S1,1
79,1,1,64,48,46,"1,2,3",141312,42.394,B,2,S5,1
79,103,9,66,33,26,"2,3",56628,16.988,B,2,S4,1
79,36,3,89,85,33,3,249645,74.894,B,2,S4,1
79,134,13,101,80,31,3,250480,75.144,B,2,S4,1
79,60,5,79,54,31,"2,3",132246,39.674,A,1,S1,0
79,139,13,101,80,31,3,250480,75.144,A,1,S1,1
79,14,2,79,25,22,"2,3",43450,13.035,B,2,S5,1
79,119,11,116,93,21,3,226548,67.964,A,1,S3,1
79,50,4,79,66,34,"2,3",177276,53.183,A,1,S3,1
79,85,8,80,44,29,"2,3",102080,30.624,C,3,S6,1
79,92,8,80,44,29,"2,3",102080,30.624,C,3,S6,1
79,161,15,61,61,26,3,96746,29.024,B,2,S4,1
79,11,2,79,25,22,"2,3",43450,13.035,B,2,S4,1
79,40,3,89,85,33,3,249645,74.894,B,2,S5,1
79,38,3,89,85,33,3,249645,74.894,B,2,S4,1
79,106,9,66,33,26,"2,3",56628,16.988,B,2,S4,1
79,67,6,115,95,22,3,240350,72.105,A,1,S1,1
79,95,8,80,44,29,"2,3",102080,30.624,B,2,S4,1
79,82,7,76,54,44,"1,2,3",180576,54.173,A,1,S1,1
79,126,12,113,64,50,"2,3",361600,108.48,A,1,S1,1
79,87,8,80,44,29,"2,3",102080,30.624,A,1,S3,1
79,55,5,79,54,31,"2,3",132246,39.674,C,3,S6,1
79,65,5,79,54,31,"2,3",132246,39.674,C,3,S6,1
79,151,14,96,76,46,"2,3",335616,100.685,A,1,S1,1
79,3,1,64,48,46,"1,2,3",141312,42.394,A,1,S1,0
79,136,13,101,80,31,3,250480,75.144,A,1,S3,1
79,77,7,76,54,44,"1,2,3",180576,54.173,A,1,S3,1
79,69,6,115,95,22,3,240350,72.105,A,1,S3,1
79,155,14,96,76,46,"2,3",335616,100.685,C,3,S6,1
79,162,15,61,61,26,3,96746,29.024,C,3,S6,1
79,124,11,116,93,21,3,226548,67.964,C,3,S6,1
79,80,7,76,54,44,"1,2,3",180576,54.173,A,1,S1,1
79,10,1,64,48,46,"1,2,3",141312,42.394,A,1,S2,1
79,81,7,76,54,44,"1,2,3",180576,54.173,B,2,S5,1
79,91,8,80,44,29,"2,3",102080,30.624,A,1,S3,1
79,12,2,79,25,22,"2,3",43450,13.035,A,1,S2,1
79,129,12,113,64,50,"2,3",361600,108.48,A,1,S1,1
79,157,14,96,76,46,"2,3",335616,100.685,A,1,S3,1
79,64,5,79,54,31,"2,3",132246,39.674,C,3,S6,1
79,140,13,101,80,31,3,250480,75.144,C,3,S6,1
79,33,3,89,85,33,3,249645,74.894,B,2,S4,1
79,130,12,113,64,50,"2,3",361600,108.48,A,1,S2,1
79,29,3,89,85,33,3,249645,74.894,A,1,S2,1
79,148,14,96,76,46,"2,3",335616,100.685,A,1,S1,1
79,141,13,101,80,31,3,250480,75.144,A,1,S2,1
79,133,12,113,64,50,"2,3",361600,108.48,A,1,S1,1
79,167,15,61,61,26,3,96746,29.024,B,2,S4,1
79,9,1,64,48,46,"1,2,3",141312,42.394,B,2,S5,1
79,70,6,115,95,22,3,240350,72.105,B,2,S5,1
79,104,9,66,33,26,"2,3",56628,16.988,C,3,S6,1
79,88,8,80,44,29,"2,3",102080,30.624,C,3,S6,1
79,45,4,79,66,34,"2,3",177276,53.183,C,3,S6,1
79,99,8,80,44,29,"2,3",102080,30.624,C,3,S6,1
79,8,1,64,48,46,"1,2,3",141312,42.394,B,2,S5,0
79,68,6,115,95,22,3,240350,72.105,A,1,S1,1
79,73,6,115,95,22,3,240350,72.105,A,1,S1,1
79,168,15,61,61,26,3,96746,29.024,A,1,S1,1
79,111,10,50,32,32,"1,2,3",51200,15.36,A,1,S2,1
79,78,7,76,54,44,"1,2,3",180576,54.173,A,1,S1,1
79,13,2,79,25,22,"2,3",43450,13.035,A,1,S1,1
79,113,10,50,32,32,"1,2,3",51200,15.36,C,3,S6,1
79,71,6,115,95,22,3,240350,72.105,A,1,S3,1
79,7,1,64,48,46,"1,2,3",141312,42.394,A,1,S1,0
79,6,1,64,48,46,"1,2,3",141312,42.394,B,2,S5,1
79,98,8,80,44,29,"2,3",102080,30.624,B,2,S4,1
79,164,15,61,61,26,3,96746,29.024,B,2,S5,1
79,20,2,79,25,22,"2,3",43450,13.035,B,2,S4,1
79,132,12,113,64,50,"2,3",361600,108.48,B,2,S4,1
79,154,14,96,76,46,"2,3",335616,100.685,C,3,S6,1
79,94,8,80,44,29,"2,3",102080,30.624,C,3,S6,1
79,17,2,79,25,22,"2,3",43450,13.035,C,3,S6,1
79,166,15,61,61,26,3,96746,29.024,A,1,S1,0
79,58,5,79,54,31,"2,3",132246,39.674,A,1,S2,0
79,22,2,79,25,22,"2,3",43450,13.035,B,2,S4,0
79,138,13,101,80,31,3,250480,75.144,B,2,S4,1
79,121,11,116,93,21,3,226548,67.964,B,2,S5,1
79,61,5,79,54,31,"2,3",132246,39.674,B,2,S4,1
79,105,9,66,33,26,"2,3",56628,16.988,C,3,S6,1
79,158,14,96,76,46,"2,3",335616,100.685,C,3,S6,1
79,96,8,80,44,29,"2,3",102080,30.624,B,2,S4,1
79,28,3,89,85,33,3,249645,74.894,B,2,S4,1
79,56,5,79,54,31,"2,3",132246,39.674,C,3,S6,1
79,43,4,79,66,34,"2,3",177276,53.183,B,2,S4,1
79,72,6,115,95,22,3,240350,72.105,B,2,S5,1
79,146,13,101,80,31,3,250480,75.144,B,2,S5,1
79,15,2,79,25,22,"2,3",43450,13.035,C,3,S6,1
79,84,8,80,44,29,"2,3",102080,30.624,C,3,S6,0
79,108,9,66,33,26,"2,3",56628,16.988,C,3,S6,1
79,21,2,79,25,22,"2,3",43450,13.035,B,2,S5,1
79,116,11,116,93,21,3,226548,67.964,C,3,S6,1
79,62,5,79,54,31,"2,3",132246,39.674,B,2,S5,1
79,31,3,89,85,33,3,249645,74.894,C,3,S6,1
79,165,15,61,61,26,3,96746,29.024,B,2,S4,1
79,156,14,96,76,46,"2,3",335616,100.685,B,2,S4,1
79,79,7,76,54,44,"1,2,3",180576,54.173,B,2,S5,1
80,99,9,89,88,21,3,164472,49.342,A,1,S3,1
80,82,8,100,48,29,"2,3",139200,41.76,A,1,S2,1
80,37,4,91,59,37,"2,3",198653,59.596,A,1,S3,1
80,124,11,89,37,36,"2,3",118548,35.564,A,1,S2,1
80,44,5,112,57,56,"2,3",357504,107.251,B,2,S5,1
80,123,11,89,37,36,"2,3",118548,35.564,C,3,S6,1
80,62,6,88,46,34,"2,3",137632,41.29,C,3,S6,1
80,16,2,120,52,20,3,124800,37.44,B,2,S5,1
80,29,3,100,67,54,"1,2,3",361800,108.54,C,3,S6,1
80,147,14,64,49,32,"2,3",100352,30.106,C,3,S6,1
80,61,6,88,46,34,"2,3",137632,41.29,C,3,S6,1
80,104,10,90,40,21,"2,3",75600,22.68,C,3,S6,1
80,65,6,88,46,34,"2,3",137632,41.29,A,1,S2,1
80,148,14,64,49,32,"2,3",100352,30.106,C,3,S6,1
80,80,8,100,48,29,"2,3",139200,41.76,C,3,S6,1
80,119,11,89,37,36,"2,3",118548,35.564,A,1,S1,1
80,72,7,108,78,53,"2,3",446472,133.942,B,2,S5,1
80,95,9,89,88,21,3,164472,49.342,B,2,S4,1
80,78,7,108,78,53,"2,3",446472,133.942,C,3,S6,1
80,56,6,88,46,34,"2,3",137632,41.29,C,3,S6,0
80,140,14,64,49,32,"2,3",100352,30.106,A,1,S2,0
80,46,5,112,57,56,"2,3",357504,107.251,A,1,S2,1
80,114,10,90,40,21,"2,3",75600,22.68,B,2,S4,0
80,137,13,116,48,40,"2,3",222720,66.816,B,2,S4,1
80,21,2,120,52,20,3,124800,37.44,C,3,S6,1
80,3,1,78,59,54,"1,2,3",248508,74.552,B,2,S5,0
80,34,4,91,59,37,"2,3",198653,59.596,A,1,S3,1
80,93,9,89,88,21,3,164472,49.342,C,3,S6,1
80,128,12,62,53,20,3,65720,19.716,A,1,S3,1
80,97,9,89,88,21,3,164472,49.342,A,1,S3,1
80,88,8,100,48,29,"2,3",139200,41.76,C,3,S6,1
80,40,4,91,59,37,"2,3",198653,59.596,A,1,S3,1
80,102,9,89,88,21,3,164472,49.342,A,1,S3,1
80,73,7,108,78,53,"2,3",446472,133.942,C,3,S6,1
80,92,9,89,88,21,3,164472,49.342,C,3,S6,1
80,135,13,116,48,40,"2,3",222720,66.816,C,3,S6,1
80,60,6,88,46,34,"2,3",137632,41.29,B,2,S4,1
80,142,14,64,49,32,"2,3",100352,30.106,B,2,S5,0
80,130,12,62,53,20,3,65720,19.716,A,1,S3,1
80,17,2,120,52,20,3,124800,37.44,C,3,S6,1
80,77,7,108,78,53,"2,3",446472,133.942,C,3,S6,1
80,31,3,100,67,54,"1,2,3",361800,108.54,B,2,S5,1
80,129,12,62,53,20,3,65720,19.716,A,1,S3,1
80,18,2,120,52,20,3,124800,37.44,B,2,S5,1
80,122,11,89,37,36,"2,3",118548,35.564,A,1,S1,1
80,19,2,120,52,20,3,124800,37.44,A,1,S3,1
80,69,7,108,78,53,"2,3",446472,133.942,A,1,S2,1
80,64,6,88,46,34,"2,3",137632,41.29,A,1,S1,1
80,87,8,100,48,29,"2,3",139200,41.76,A,1,S2,1
80,136,13,116,48,40,"2,3",222720,66.816,A,1,S3,1
80,112,10,90,40,21,"2,3",75600,22.68,B,2,S4,1
80,146,14,64,49,32,"2,3",100352,30.106,C,3,S6,1
80,139,13,116,48,40,"2,3",222720,66.816,C,3,S6,1
80,105,10,90,40,21,"2,3",75600,22.68,A,1,S1,1
80,133,13,116,48,40,"2,3",222720,66.816,A,1,S2,1
80,117,10,90,40,21,"2,3",75600,22.68,A,1,S1,1
80,141,14,64,49,32,"2,3",100352,30.106,A,1,S3,1
80,113,10,90,40,21,"2,3",75600,22.68,A,1,S2,1
80,75,7,108,78,53,"2,3",446472,133.942,A,1,S3,1
80,118,10,90,40,21,"2,3",75600,22.68,A,1,S2,1
80,127,12,62,53,20,3,65720,19.716,C,3,S6,1
80,59,6,88,46,34,"2,3",137632,41.29,C,3,S6,1
80,49,6,88,46,34,"2,3",137632,41.29,B,2,S5,1
80,91,9,89,88,21,3,164472,49.342,A,1,S2,1
80,157,15,63,56,41,"1,2,3",144648,43.394,A,1,S3,1
80,52,6,88,46,34,"2,3",137632,41.29,A,1,S1,1
80,28,3,100,67,54,"1,2,3",361800,108.54,A,1,S1,1
80,27,3,100,67,54,"1,2,3",361800,108.54,A,1,S1,1
80,100,9,89,88,21,3,164472,49.342,A,1,S3,1
80,152,15,63,56,41,"1,2,3",144648,43.394,B,2,S5,1
80,116,10,90,40,21,"2,3",75600,22.68,B,2,S5,0
80,151,15,63,56,41,"1,2,3",144648,43.394,B,2,S4,0
80,107,10,90,40,21,"2,3",75600,22.68,B,2,S4,1
80,76,7,108,78,53,"2,3",446472,133.942,A,1,S3,1
80,84,8,100,48,29,"2,3",139200,41.76,B,2,S5,1
80,71,7,108,78,53,"2,3",446472,133.942,B,2,S5,1
80,89,8,100,48,29,"2,3",139200,41.76,B,2,S5,1
80,132,13,116,48,40,"2,3",222720,66.816,B,2,S4,1
80,98,9,89,88,21,3,164472,49.342,B,2,S4,0
80,32,3,100,67,54,"1,2,3",361800,108.54,B,2,S5,1
80,50,6,88,46,34,"2,3",137632,41.29,B,2,S4,1
80,156,15,63,56,41,"1,2,3",144648,43.394,A,1,S1,1
80,154,15,63,56,41,"1,2,3",144648,43.394,A,1,S3,1
80,158,15,63,56,41,"1,2,3",144648,43.394,A,1,S1,0
80,48,5,112,57,56,"2,3",357504,107.251,A,1,S2,1
80,143,14,64,49,32,"2,3",100352,30.106,A,1,S2,1
80,9,1,78,59,54,"1,2,3",248508,74.552,B,2,S5,1
80,126,12,62,53,20,3,65720,19.716,A,1,S1,1
80,45,5,112,57,56,"2,3",357504,107.251,A,1,S1,1
80,74,7,108,78,53,"2,3",446472,133.942,A,1,S1,1
80,4,1,78,59,54,"1,2,3",248508,74.552,A,1,S3,1
80,70,7,108,78,53,"2,3",446472,133.942,A,1,S1,1
80,94,9,89,88,21,3,164472,49.342,C,3,S6,1
80,138,13,116,48,40,"2,3",222720,66.816,C,3,S6,0
80,120,11,89,37,36,"2,3",118548,35.564,C,3,S6,1
80,58,6,88,46,34,"2,3",137632,41.29,C,3,S6,1
80,12,2,120,52,20,3,124800,37.44,A,1,S2,1
80,96,9,89,88,21,3,164472,49.342,A,1,S3,1
80,33,4,91,59,37,"2,3",198653,59.596,B,2,S5,1
80,25,3,100,67,54,"1,2,3",361800,108.54,A,1,S2,1
80,11,2,120,52,20,3,124800,37.44,B,2,S4,1
80,103,9,89,88,21,3,164472,49.342,A,1,S1,1
80,85,8,100,48,29,"2,3",139200,41.76,A,1,S2,1
80,149,14,64,49,32,"2,3",100352,30.106,A,1,S3,1
80,42,5,112,57,56,"2,3",357504,107.251,A,1,S3,1
80,43,5,112,57,56,"2,3",357504,107.251,C,3,S6,1
80,153,15,63,56,41,"1,2,3",144648,43.394,C,3,S6,1
80,47,5,112,57,56,"2,3",357504,107.251,C,3,S6,1
80,23,2,120,52,20,3,124800,37.44,B,2,S4,1
80,22,2,120,52,20,3,124800,37.44,C,3,S6,1
80,2,1,78,59,54,"1,2,3",248508,74.552,A,1,S2,0
80,55,6,88,46,34,"2,3",137632,41.29,A,1,S2,1
80,101,9,89,88,21,3,164472,49.342,A,1,S2,1
80,8,1,78,59,54,"1,2,3",248508,74.552,A,1,S1,1
80,63,6,88,46,34,"2,3",137632,41.29,A,1,S3,1
80,131,12,62,53,20,3,65720,19.716,B,2,S5,0
80,155,15,63,56,41,"1,2,3",144648,43.394,C,3,S6,1
80,125,12,62,53,20,3,65720,19.716,B,2,S5,1
80,1,1,78,59,54,"1,2,3",248508,74.552,B,2,S4,1
80,54,6,88,46,34,"2,3",137632,41.29,B,2,S4,1
80,26,3,100,67,54,"1,2,3",361800,108.54,C,3,S6,1
80,108,10,90,40,21,"2,3",75600,22.68,C,3,S6,1
80,20,2,120,52,20,3,124800,37.44,A,1,S2,1
80,6,1,78,59,54,"1,2,3",248508,74.552,A,1,S2,1
80,57,6,88,46,34,"2,3",137632,41.29,A,1,S2,1
80,39,4,91,59,37,"2,3",198653,59.596,A,1,S2,1
80,86,8,100,48,29,"2,3",139200,41.76,A,1,S1,1
80,111,10,90,40,21,"2,3",75600,22.68,A,1,S3,1
80,68,7,108,78,53,"2,3",446472,133.942,B,2,S5,1
80,30,3,100,67,54,"1,2,3",361800,108.54,B,2,S5,1
80,15,2,120,52,20,3,124800,37.44,B,2,S4,1
80,83,8,100,48,29,"2,3",139200,41.76,B,2,S5,0
80,67,7,108,78,53,"2,3",446472,133.942,B,2,S5,1
80,41,5,112,57,56,"2,3",357504,107.251,C,3,S6,1
80,134,13,116,48,40,"2,3",222720,66.816,B,2,S4,1
80,7,1,78,59,54,"1,2,3",248508,74.552,C,3,S6,1
80,10,1,78,59,54,"1,2,3",248508,74.552,B,2,S5,1
80,24,3,100,67,54,"1,2,3",361800,108.54,B,2,S5,1
80,106,10,90,40,21,"2,3",75600,22.68,B,2,S4,1
80,53,6,88,46,34,"2,3",137632,41.29,B,2,S5,1
80,145,14,64,49,32,"2,3",100352,30.106,B,2,S5,1
80,36,4,91,59,37,"2,3",198653,59.596,B,2,S4,0
80,115,10,90,40,21,"2,3",75600,22.68,C,3,S6,1
80,35,4,91,59,37,"2,3",198653,59.596,B,2,S5,1
80,66,6,88,46,34,"2,3",137632,41.29,C,3,S6,1
80,109,10,90,40,21,"2,3",75600,22.68,C,3,S6,1
80,81,8,100,48,29,"2,3",139200,41.76,C,3,S6,0
80,51,6,88,46,34,"2,3",137632,41.29,C,3,S6,1
80,121,11,89,37,36,"2,3",118548,35.564,B,2,S4,1
80,79,8,100,48,29,"2,3",139200,41.76,B,2,S5,1
80,90,9,89,88,21,3,164472,49.342,B,2,S5,1
80,150,15,63,56,41,"1,2,3",144648,43.394,B,2,S4,1
80,110,10,90,40,21,"2,3",75600,22.68,B,2,S5,0
80,5,1,78,59,54,"1,2,3",248508,74.552,B,2,S4,1
80,38,4,91,59,37,"2,3",198653,59.596,B,2,S4,1
80,13,2,120,52,20,3,124800,37.44,B,2,S5,1
80,14,2,120,52,20,3,124800,37.44,B,2,S5,1
80,144,14,64,49,32,"2,3",100352,30.106,B,2,S5,1
81,18,4,100,72,40,"2,3",288000,86.4,C,3,S6,1
81,10,2,80,78,71,"1,2,3",443040,132.912,B,2,S5,0
81,33,6,70,60,49,"1,2,3",205800,61.74,B,2,S4,1
81,55,9,75,52,37,"2,3",144300,43.29,A,1,S2,1
81,84,14,98,80,31,3,243040,72.912,A,1,S1,1
81,53,9,75,52,37,"2,3",144300,43.29,A,1,S2,1
81,12,3,110,75,50,"2,3",412500,123.75,B,2,S5,1
81,75,13,75,64,40,"1,2,3",192000,57.6,B,2,S5,1
81,42,8,120,74,67,"1,2,3",594960,178.488,A,1,S1,1
81,78,14,98,80,31,3,243040,72.912,B,2,S5,0
81,91,15,112,100,52,"2,3",582400,174.72,B,2,S5,1
81,28,5,103,60,32,"2,3",197760,59.328,B,2,S5,1
81,93,15,112,100,52,"2,3",582400,174.72,A,1,S1,1
81,83,14,98,80,31,3,243040,72.912,B,2,S4,1
81,44,8,120,74,67,"1,2,3",594960,178.488,B,2,S4,1
81,71,12,83,73,36,3,218124,65.437,A,1,S3,1
81,6,2,80,78,71,"1,2,3",443040,132.912,C,3,S6,1
81,45,8,120,74,67,"1,2,3",594960,178.488,A,1,S2,1
81,46,8,120,74,67,"1,2,3",594960,178.488,A,1,S1,1
81,1,1,110,60,55,"2,3",363000,108.9,C,3,S6,1
81,86,15,112,100,52,"2,3",582400,174.72,B,2,S4,1
81,58,10,57,54,48,"1,2,3",147744,44.323,C,3,S6,1
81,73,13,75,64,40,"1,2,3",192000,57.6,C,3,S6,1
81,57,9,75,52,37,"2,3",144300,43.29,B,2,S4,1
81,30,6,70,60,49,"1,2,3",205800,61.74,B,2,S5,1
81,32,6,70,60,49,"1,2,3",205800,61.74,B,2,S4,1
81,23,5,103,60,32,"2,3",197760,59.328,B,2,S4,1
81,87,15,112,100,52,"2,3",582400,174.72,B,2,S4,1
81,89,15,112,100,52,"2,3",582400,174.72,A,1,S3,0
81,26,5,103,60,32,"2,3",197760,59.328,A,1,S3,1
81,81,14,98,80,31,3,243040,72.912,B,2,S4,1
81,92,15,112,100,52,"2,3",582400,174.72,C,3,S6,1
81,65,11,62,55,53,"1,2,3",180730,54.219,C,3,S6,0
81,38,7,80,72,62,"1,2,3",357120,107.136,B,2,S4,1
81,36,7,80,72,62,"1,2,3",357120,107.136,B,2,S5,1
81,62,10,57,54,48,"1,2,3",147744,44.323,A,1,S2,1
81,67,12,83,73,36,3,218124,65.437,A,1,S1,1
81,14,3,110,75,50,"2,3",412500,123.75,A,1,S2,1
81,39,7,80,72,62,"1,2,3",357120,107.136,A,1,S3,1
81,61,10,57,54,48,"1,2,3",147744,44.323,B,2,S5,1
81,11,2,80,78,71,"1,2,3",443040,132.912,B,2,S5,1
81,4,1,110,60,55,"2,3",363000,108.9,A,1,S3,1
81,74,13,75,64,40,"1,2,3",192000,57.6,A,1,S2,1
81,82,14,98,80,31,3,243040,72.912,B,2,S5,1
81,16,4,100,72,40,"2,3",288000,86.4,B,2,S4,1
81,64,11,62,55,53,"1,2,3",180730,54.219,B,2,S4,1
81,8,2,80,78,71,"1,2,3",443040,132.912,B,2,S4,1
81,79,14,98,80,31,3,243040,72.912,A,1,S3,1
81,80,14,98,80,31,3,243040,72.912,A,1,S1,1
81,9,2,80,78,71,"1,2,3",443040,132.912,B,2,S4,1
81,63,10,57,54,48,"1,2,3",147744,44.323,A,1,S1,1
81,22,5,103,60,32,"2,3",197760,59.328,A,1,S1,1
81,17,4,100,72,40,"2,3",288000,86.4,A,1,S2,1
81,29,5,103,60,32,"2,3",197760,59.328,A,1,S1,1
81,90,15,112,100,52,"2,3",582400,174.72,B,2,S5,1
81,20,4,100,72,40,"2,3",288000,86.4,A,1,S1,0
81,69,12,83,73,36,3,218124,65.437,A,1,S2,0
81,27,5,103,60,32,"2,3",197760,59.328,A,1,S1,1
81,13,3,110,75,50,"2,3",412500,123.75,C,3,S6,1
81,2,1,110,60,55,"2,3",363000,108.9,C,3,S6,1
81,77,14,98,80,31,3,243040,72.912,C,3,S6,1
81,19,4,100,72,40,"2,3",288000,86.4,A,1,S3,1
81,76,13,75,64,40,"1,2,3",192000,57.6,B,2,S5,1
81,37,7,80,72,62,"1,2,3",357120,107.136,B,2,S4,1
81,5,2,80,78,71,"1,2,3",443040,132.912,A,1,S2,1
81,41,8,120,74,67,"1,2,3",594960,178.488,A,1,S2,1
81,60,10,57,54,48,"1,2,3",147744,44.323,A,1,S3,1
81,66,11,62,55,53,"1,2,3",180730,54.219,B,2,S5,0
81,15,3,110,75,50,"2,3",412500,123.75,B,2,S4,1
81,7,2,80,78,71,"1,2,3",443040,132.912,B,2,S4,1
81,49,9,75,52,37,"2,3",144300,43.29,A,1,S2,1
81,52,9,75,52,37,"2,3",144300,43.29,C,3,S6,1
81,56,9,75,52,37,"2,3",144300,43.29,C,3,S6,1
81,40,8,120,74,67,"1,2,3",594960,178.488,C,3,S6,1
81,21,4,100,72,40,"2,3",288000,86.4,C,3,S6,1
81,70,12,83,73,36,3,218124,65.437,A,1,S1,1
81,68,12,83,73,36,3,218124,65.437,C,3,S6,1
81,31,6,70,60,49,"1,2,3",205800,61.74,C,3,S6,1
81,85,14,98,80,31,3,243040,72.912,B,2,S5,1
81,48,8,120,74,67,"1,2,3",594960,178.488,B,2,S4,1
81,88,15,112,100,52,"2,3",582400,174.72,C,3,S6,1
81,54,9,75,52,37,"2,3",144300,43.29,A,1,S1,1
81,24,5,103,60,32,"2,3",197760,59.328,A,1,S3,1
81,35,7,80,72,62,"1,2,3",357120,107.136,A,1,S2,1
81,25,5,103,60,32,"2,3",197760,59.328,A,1,S2,1
81,72,12,83,73,36,3,218124,65.437,A,1,S2,1
81,50,9,75,52,37,"2,3",144300,43.29,A,1,S2,1
81,3,1,110,60,55,"2,3",363000,108.9,C,3,S6,1
81,51,9,75,52,37,"2,3",144300,43.29,C,3,S6,1
81,34,6,70,60,49,"1,2,3",205800,61.74,C,3,S6,0
81,47,8,120,74,67,"1,2,3",594960,178.488,C,3,S6,0
81,94,15,112,100,52,"2,3",582400,174.72,C,3,S6,1
81,59,10,57,54,48,"1,2,3",147744,44.323,C,3,S6,1
81,43,8,120,74,67,"1,2,3",594960,178.488,C,3,S6,1
82,63,7,71,35,21,"2,3",52185,15.655,B,2,S4,1
82,136,15,92,62,47,"1,2,3",268088,80.426,B,2,S5,1
82,134,15,92,62,47,"1,2,3",268088,80.426,B,2,S4,0
82,70,8,85,59,49,"1,2,3",245735,73.721,A,1,S1,1
82,118,13,55,35,20,"2,3",38500,11.55,A,1,S1,1
82,68,8,85,59,49,"1,2,3",245735,73.721,A,1,S2,1
82,51,6,64,33,32,"2,3",67584,20.275,B,2,S4,1
82,48,6,64,33,32,"2,3",67584,20.275,B,2,S5,1
82,13,2,113,78,28,3,246792,74.038,B,2,S5,1
82,94,11,75,69,35,"2,3",181125,54.338,B,2,S4,1
82,54,7,71,35,21,"2,3",52185,15.655,B,2,S4,1
82,65,8,85,59,49,"1,2,3",245735,73.721,B,2,S5,1
82,9,2,113,78,28,3,246792,74.038,B,2,S5,1
82,36,4,71,53,20,3,75260,22.578,A,1,S3,1
82,119,13,55,35,20,"2,3",38500,11.55,C,3,S6,1
82,91,11,75,69,35,"2,3",181125,54.338,A,1,S2,1
82,105,12,114,85,53,"2,3",513570,154.071,A,1,S1,1
82,11,2,113,78,28,3,246792,74.038,C,3,S6,0
82,37,5,94,70,64,"1,2,3",421120,126.336,C,3,S6,0
82,112,13,55,35,20,"2,3",38500,11.55,C,3,S6,1
82,52,6,64,33,32,"2,3",67584,20.275,C,3,S6,1
82,106,12,114,85,53,"2,3",513570,154.071,A,1,S1,1
82,123,14,89,72,66,"1,2,3",422928,126.878,A,1,S3,1
82,26,3,120,35,32,"2,3",134400,40.32,A,1,S2,1
82,127,15,92,62,47,"1,2,3",268088,80.426,A,1,S3,1
82,124,14,89,72,66,"1,2,3",422928,126.878,B,2,S4,1
82,56,7,71,35,21,"2,3",52185,15.655,B,2,S4,1
82,12,2,113,78,28,3,246792,74.038,B,2,S4,1
82,104,12,114,85,53,"2,3",513570,154.071,B,2,S5,1
82,97,11,75,69,35,"2,3",181125,54.338,C,3,S6,1
82,18,3,120,35,32,"2,3",134400,40.32,A,1,S2,1
82,131,15,92,62,47,"1,2,3",268088,80.426,B,2,S4,0
82,58,7,71,35,21,"2,3",52185,15.655,A,1,S2,1
82,113,13,55,35,20,"2,3",38500,11.55,B,2,S4,1
82,73,9,108,62,53,"2,3",354888,106.466,A,1,S1,0
82,85,10,116,56,25,3,162400,48.72,A,1,S2,1
82,66,8,85,59,49,"1,2,3",245735,73.721,C,3,S6,1
82,38,5,94,70,64,"1,2,3",421120,126.336,A,1,S2,1
82,109,12,114,85,53,"2,3",513570,154.071,B,2,S5,1
82,110,12,114,85,53,"2,3",513570,154.071,B,2,S4,1
82,139,15,92,62,47,"1,2,3",268088,80.426,C,3,S6,0
82,79,9,108,62,53,"2,3",354888,106.466,A,1,S1,0
82,15,2,113,78,28,3,246792,74.038,C,3,S6,1
82,96,11,75,69,35,"2,3",181125,54.338,B,2,S4,1
82,29,4,71,53,20,3,75260,22.578,C,3,S6,1
82,117,13,55,35,20,"2,3",38500,11.55,B,2,S4,1
82,55,7,71,35,21,"2,3",52185,15.655,B,2,S5,1
82,120,13,55,35,20,"2,3",38500,11.55,B,2,S5,1
82,78,9,108,62,53,"2,3",354888,106.466,B,2,S5,1
82,39,5,94,70,64,"1,2,3",421120,126.336,A,1,S2,1
82,116,13,55,35,20,"2,3",38500,11.55,A,1,S2,0
82,92,11,75,69,35,"2,3",181125,54.338,C,3,S6,1
82,10,2,113,78,28,3,246792,74.038,A,1,S1,0
82,53,6,64,33,32,"2,3",67584,20.275,A,1,S2,1
82,88,10,116,56,25,3,162400,48.72,A,1,S2,1
82,47,6,64,33,32,"2,3",67584,20.275,B,2,S4,1
82,23,3,120,35,32,"2,3",134400,40.32,B,2,S5,1
82,60,7,71,35,21,"2,3",52185,15.655,B,2,S5,1
82,62,7,71,35,21,"2,3",52185,15.655,C,3,S6,1
82,83,10,116,56,25,3,162400,48.72,C,3,S6,1
82,67,8,85,59,49,"1,2,3",245735,73.721,A,1,S1,1
82,108,12,114,85,53,"2,3",513570,154.071,A,1,S3,1
82,121,13,55,35,20,"2,3",38500,11.55,A,1,S2,1
82,115,13,55,35,20,"2,3",38500,11.55,A,1,S2,1
82,84,10,116,56,25,3,162400,48.72,A,1,S1,1
82,19,3,120,35,32,"2,3",134400,40.32,A,1,S2,1
82,50,6,64,33,32,"2,3",67584,20.275,A,1,S1,1
82,21,3,120,35,32,"2,3",134400,40.32,A,1,S2,1
82,24,3,120,35,32,"2,3",134400,40.32,A,1,S2,1
82,86,10,116,56,25,3,162400,48.72,A,1,S2,1
82,126,15,92,62,47,"1,2,3",268088,80.426,A,1,S2,1
82,114,13,55,35,20,"2,3",38500,11.55,A,1,S3,1
82,5,1,65,51,50,"1,2,3",165750,49.725,C,3,S6,1
82,4,1,65,51,50,"1,2,3",165750,49.725,A,1,S3,1
82,128,15,92,62,47,"1,2,3",268088,80.426,A,1,S2,1
82,44,5,94,70,64,"1,2,3",421120,126.336,A,1,S1,1
82,2,1,65,51,50,"1,2,3",165750,49.725,C,3,S6,1
82,32,4,71,53,20,3,75260,22.578,C,3,S6,1
82,64,7,71,35,21,"2,3",52185,15.655,B,2,S5,1
82,72,8,85,59,49,"1,2,3",245735,73.721,A,1,S3,1
82,61,7,71,35,21,"2,3",52185,15.655,A,1,S2,0
82,7,1,65,51,50,"1,2,3",165750,49.725,A,1,S1,1
82,46,6,64,33,32,"2,3",67584,20.275,C,3,S6,1
82,74,9,108,62,53,"2,3",354888,106.466,C,3,S6,1
82,14,2,113,78,28,3,246792,74.038,B,2,S4,1
82,27,3,120,35,32,"2,3",134400,40.32,C,3,S6,0
82,22,3,120,35,32,"2,3",134400,40.32,B,2,S4,1
82,75,9,108,62,53,"2,3",354888,106.466,B,2,S4,1
82,8,2,113,78,28,3,246792,74.038,C,3,S6,1
82,95,11,75,69,35,"2,3",181125,54.338,C,3,S6,1
82,87,10,116,56,25,3,162400,48.72,B,2,S5,1
82,100,11,75,69,35,"2,3",181125,54.338,B,2,S4,0
82,42,5,94,70,64,"1,2,3",421120,126.336,B,2,S5,1
82,89,10,116,56,25,3,162400,48.72,B,2,S4,1
82,3,1,65,51,50,"1,2,3",165750,49.725,B,2,S5,1
82,71,8,85,59,49,"1,2,3",245735,73.721,B,2,S4,1
82,17,2,113,78,28,3,246792,74.038,A,1,S3,1
82,132,15,92,62,47,"1,2,3",268088,80.426,B,2,S5,1
82,137,15,92,62,47,"1,2,3",268088,80.426,C,3,S6,1
82,33,4,71,53,20,3,75260,22.578,C,3,S6,1
82,125,14,89,72,66,"1,2,3",422928,126.878,C,3,S6,1
82,77,9,108,62,53,"2,3",354888,106.466,A,1,S1,1
82,98,11,75,69,35,"2,3",181125,54.338,B,2,S5,1
82,130,15,92,62,47,"1,2,3",268088,80.426,C,3,S6,1
82,40,5,94,70,64,"1,2,3",421120,126.336,C,3,S6,1
82,49,6,64,33,32,"2,3",67584,20.275,B,2,S4,1
82,35,4,71,53,20,3,75260,22.578,B,2,S5,1
82,138,15,92,62,47,"1,2,3",268088,80.426,B,2,S5,1
82,41,5,94,70,64,"1,2,3",421120,126.336,B,2,S4,1
82,133,15,92,62,47,"1,2,3",268088,80.426,B,2,S4,0
82,30,4,71,53,20,3,75260,22.578,B,2,S5,1
82,1,1,65,51,50,"1,2,3",165750,49.725,A,1,S3,1
82,102,12,114,85,53,"2,3",513570,154.071,A,1,S3,1
82,31,4,71,53,20,3,75260,22.578,B,2,S5,1
82,43,5,94,70,64,"1,2,3",421120,126.336,B,2,S4,1
82,135,15,92,62,47,"1,2,3",268088,80.426,A,1,S1,1
82,57,7,71,35,21,"2,3",52185,15.655,A,1,S3,1
82,82,10,116,56,25,3,162400,48.72,A,1,S2,1
82,129,15,92,62,47,"1,2,3",268088,80.426,A,1,S1,1
82,59,7,71,35,21,"2,3",52185,15.655,A,1,S2,1
82,76,9,108,62,53,"2,3",354888,106.466,A,1,S1,1
82,99,11,75,69,35,"2,3",181125,54.338,C,3,S6,1
82,45,6,64,33,32,"2,3",67584,20.275,A,1,S2,0
82,93,11,75,69,35,"2,3",181125,54.338,C,3,S6,1
82,101,12,114,85,53,"2,3",513570,154.071,C,3,S6,1
82,122,14,89,72,66,"1,2,3",422928,126.878,C,3,S6,1
82,80,9,108,62,53,"2,3",354888,106.466,C,3,S6,1
82,25,3,120,35,32,"2,3",134400,40.32,C,3,S6,1
82,28,4,71,53,20,3,75260,22.578,B,2,S4,1
82,111,13,55,35,20,"2,3",38500,11.55,B,2,S4,1
82,6,1,65,51,50,"1,2,3",165750,49.725,A,1,S1,1
82,103,12,114,85,53,"2,3",513570,154.071,A,1,S3,1
82,16,2,113,78,28,3,246792,74.038,C,3,S6,1
82,34,4,71,53,20,3,75260,22.578,C,3,S6,1
82,20,3,120,35,32,"2,3",134400,40.32,C,3,S6,1
82,90,11,75,69,35,"2,3",181125,54.338,B,2,S4,1
82,107,12,114,85,53,"2,3",513570,154.071,A,1,S2,1
82,69,8,85,59,49,"1,2,3",245735,73.721,A,1,S1,1
82,81,9,108,62,53,"2,3",354888,106.466,A,1,S2,1
83,8,1,83,71,46,"1,2,3",271078,81.323,A,1,S2,0
83,3,1,83,71,46,"1,2,3",271078,81.323,A,1,S1,1
83,94,11,99,94,24,3,223344,67.003,A,1,S3,0
83,12,1,83,71,46,"1,2,3",271078,81.323,A,1,S2,1
83,76,9,72,69,48,"1,2,3",238464,71.539,A,1,S2,1
83,95,11,99,94,24,3,223344,67.003,A,1,S3,1
83,104,12,96,69,53,"1,2,3",351072,105.322,A,1,S2,1
83,109,13,71,70,36,"1,2,3",178920,53.676,C,3,S6,1
83,81,10,83,64,58,"1,2,3",308096,92.429,C,3,S6,1
83,54,6,95,79,57,"1,2,3",427785,128.335,C,3,S6,1
83,89,10,83,64,58,"1,2,3",308096,92.429,C,3,S6,1
83,27,3,91,56,40,"2,3",203840,61.152,A,1,S2,1
83,24,2,76,63,54,"1,2,3",258552,77.566,C,3,S6,1
83,123,14,57,52,45,"1,2,3",133380,40.014,B,2,S5,1
83,10,1,83,71,46,"1,2,3",271078,81.323,B,2,S4,1
83,4,1,83,71,46,"1,2,3",271078,81.323,B,2,S4,1
83,52,6,95,79,57,"1,2,3",427785,128.335,B,2,S4,1
83,49,6,95,79,57,"1,2,3",427785,128.335,B,2,S5,1
83,92,11,99,94,24,3,223344,67.003,B,2,S5,1
83,62,7,90,80,23,3,165600,49.68,C,3,S6,1
83,28,3,91,56,40,"2,3",203840,61.152,B,2,S4,1
83,114,14,57,52,45,"1,2,3",133380,40.014,B,2,S4,1
83,20,2,76,63,54,"1,2,3",258552,77.566,A,1,S3,1
83,35,4,61,42,34,"1,2,3",87108,26.132,A,1,S1,1
83,71,8,69,43,28,"2,3",83076,24.923,A,1,S1,1
83,97,11,99,94,24,3,223344,67.003,A,1,S3,1
83,125,15,99,71,43,"2,3",302247,90.674,B,2,S5,1
83,43,5,84,67,47,"1,2,3",264516,79.355,B,2,S4,1
83,79,9,72,69,48,"1,2,3",238464,71.539,B,2,S5,1
83,61,7,90,80,23,3,165600,49.68,B,2,S5,1
83,84,10,83,64,58,"1,2,3",308096,92.429,B,2,S5,1
83,103,12,96,69,53,"1,2,3",351072,105.322,A,1,S3,1
83,98,12,96,69,53,"1,2,3",351072,105.322,A,1,S3,1
83,93,11,99,94,24,3,223344,67.003,A,1,S1,1
83,18,2,76,63,54,"1,2,3",258552,77.566,B,2,S4,0
83,91,10,83,64,58,"1,2,3",308096,92.429,C,3,S6,0
83,51,6,95,79,57,"1,2,3",427785,128.335,C,3,S6,1
83,48,6,95,79,57,"1,2,3",427785,128.335,C,3,S6,0
83,72,8,69,43,28,"2,3",83076,24.923,C,3,S6,1
83,116,14,57,52,45,"1,2,3",133380,40.014,A,1,S1,1
83,124,14,57,52,45,"1,2,3",133380,40.014,C,3,S6,1
83,73,8,69,43,28,"2,3",83076,24.923,A,1,S1,1
83,68,8,69,43,28,"2,3",83076,24.923,A,1,S2,1
83,113,13,71,70,36,"1,2,3",178920,53.676,A,1,S3,1
83,42,4,61,42,34,"1,2,3",87108,26.132,C,3,S6,1
83,90,10,83,64,58,"1,2,3",308096,92.429,C,3,S6,1
83,21,2,76,63,54,"1,2,3",258552,77.566,C,3,S6,0
83,57,7,90,80,23,3,165600,49.68,A,1,S1,1
83,129,15,99,71,43,"2,3",302247,90.674,C,3,S6,1
83,88,10,83,64,58,"1,2,3",308096,92.429,B,2,S5,1
83,96,11,99,94,24,3,223344,67.003,B,2,S4,1
83,115,14,57,52,45,"1,2,3",133380,40.014,B,2,S5,1
83,74,9,72,69,48,"1,2,3",238464,71.539,B,2,S5,1
83,66,7,90,80,23,3,165600,49.68,C,3,S6,1
83,30,3,91,56,40,"2,3",203840,61.152,C,3,S6,1
83,9,1,83,71,46,"1,2,3",271078,81.323,C,3,S6,1
83,7,1,83,71,46,"1,2,3",271078,81.323,B,2,S5,1
83,44,5,84,67,47,"1,2,3",264516,79.355,C,3,S6,1
83,1,1,83,71,46,"1,2,3",271078,81.323,B,2,S4,1
83,83,10,83,64,58,"1,2,3",308096,92.429,B,2,S5,0
83,58,7,90,80,23,3,165600,49.68,B,2,S5,1
83,36,4,61,42,34,"1,2,3",87108,26.132,A,1,S3,1
83,19,2,76,63,54,"1,2,3",258552,77.566,B,2,S5,1
83,100,12,96,69,53,"1,2,3",351072,105.322,B,2,S5,1
83,41,4,61,42,34,"1,2,3",87108,26.132,B,2,S5,1
83,110,13,71,70,36,"1,2,3",178920,53.676,B,2,S4,1
83,65,7,90,80,23,3,165600,49.68,B,2,S5,1
83,22,2,76,63,54,"1,2,3",258552,77.566,A,1,S2,1
83,11,1,83,71,46,"1,2,3",271078,81.323,A,1,S2,1
83,122,14,57,52,45,"1,2,3",133380,40.014,B,2,S5,1
83,60,7,90,80,23,3,165600,49.68,B,2,S4,1
83,38,4,61,42,34,"1,2,3",87108,26.132,B,2,S5,1
83,107,13,71,70,36,"1,2,3",178920,53.676,B,2,S5,1
83,5,1,83,71,46,"1,2,3",271078,81.323,B,2,S5,1
83,77,9,72,69,48,"1,2,3",238464,71.539,A,1,S1,1
83,75,9,72,69,48,"1,2,3",238464,71.539,B,2,S4,1
83,128,15,99,71,43,"2,3",302247,90.674,B,2,S4,1
83,13,1,83,71,46,"1,2,3",271078,81.323,C,3,S6,1
83,34,4,61,42,34,"1,2,3",87108,26.132,B,2,S4,1
83,120,14,57,52,45,"1,2,3",133380,40.014,B,2,S4,0
83,53,6,95,79,57,"1,2,3",427785,128.335,B,2,S5,1
83,87,10,83,64,58,"1,2,3",308096,92.429,B,2,S5,1
83,46,5,84,67,47,"1,2,3",264516,79.355,C,3,S6,1
83,55,6,95,79,57,"1,2,3",427785,128.335,B,2,S5,1
83,63,7,90,80,23,3,165600,49.68,B,2,S5,1
83,14,2,76,63,54,"1,2,3",258552,77.566,B,2,S5,1
83,40,4,61,42,34,"1,2,3",87108,26.132,B,2,S4,1
83,119,14,57,52,45,"1,2,3",133380,40.014,B,2,S4,1
83,111,13,71,70,36,"1,2,3",178920,53.676,B,2,S5,1
83,25,3,91,56,40,"2,3",203840,61.152,B,2,S5,1
83,85,10,83,64,58,"1,2,3",308096,92.429,A,1,S3,0
83,2,1,83,71,46,"1,2,3",271078,81.323,A,1,S3,1
83,50,6,95,79,57,"1,2,3",427785,128.335,C,3,S6,1
83,118,14,57,52,45,"1,2,3",133380,40.014,A,1,S1,1
83,112,13,71,70,36,"1,2,3",178920,53.676,A,1,S3,1
83,105,13,71,70,36,"1,2,3",178920,53.676,C,3,S6,1
83,106,13,71,70,36,"1,2,3",178920,53.676,C,3,S6,1
83,102,12,96,69,53,"1,2,3",351072,105.322,C,3,S6,1
83,47,5,84,67,47,"1,2,3",264516,79.355,C,3,S6,1
83,33,3,91,56,40,"2,3",203840,61.152,A,1,S1,1
83,17,2,76,63,54,"1,2,3",258552,77.566,A,1,S2,1
83,101,12,96,69,53,"1,2,3",351072,105.322,A,1,S1,0
83,82,10,83,64,58,"1,2,3",308096,92.429,C,3,S6,1
83,117,14,57,52,45,"1,2,3",133380,40.014,C,3,S6,0
83,121,14,57,52,45,"1,2,3",133380,40.014,C,3,S6,0
83,37,4,61,42,34,"1,2,3",87108,26.132,C,3,S6,1
83,78,9,72,69,48,"1,2,3",238464,71.539,A,1,S3,1
83,45,5,84,67,47,"1,2,3",264516,79.355,A,1,S3,1
83,26,3,91,56,40,"2,3",203840,61.152,C,3,S6,1
83,31,3,91,56,40,"2,3",203840,61.152,C,3,S6,1
83,99,12,96,69,53,"1,2,3",351072,105.322,A,1,S1,1
83,127,15,99,71,43,"2,3",302247,90.674,A,1,S2,0
83,64,7,90,80,23,3,165600,49.68,A,1,S1,1
83,6,1,83,71,46,"1,2,3",271078,81.323,A,1,S2,1
83,56,6,95,79,57,"1,2,3",427785,128.335,A,1,S3,1
83,126,15,99,71,43,"2,3",302247,90.674,A,1,S2,1
83,23,2,76,63,54,"1,2,3",258552,77.566,A,1,S3,1
83,16,2,76,63,54,"1,2,3",258552,77.566,A,1,S1,1
83,32,3,91,56,40,"2,3",203840,61.152,A,1,S1,1
83,86,10,83,64,58,"1,2,3",308096,92.429,A,1,S3,1
83,70,8,69,43,28,"2,3",83076,24.923,A,1,S1,1
83,29,3,91,56,40,"2,3",203840,61.152,A,1,S3,1
83,15,2,76,63,54,"1,2,3",258552,77.566,A,1,S2,1
83,39,4,61,42,34,"1,2,3",87108,26.132,A,1,S3,1
83,67,8,69,43,28,"2,3",83076,24.923,A,1,S1,1
83,59,7,90,80,23,3,165600,49.68,A,1,S1,1
83,69,8,69,43,28,"2,3",83076,24.923,A,1,S3,1
83,80,9,72,69,48,"1,2,3",238464,71.539,A,1,S3,1
83,108,13,71,70,36,"1,2,3",178920,53.676,A,1,S2,1
84,118,13,85,53,31,"2,3",139655,41.896,C,3,S6,1
84,125,14,115,94,38,3,410780,123.234,A,1,S2,1
84,72,8,89,46,28,"2,3",114632,34.39,A,1,S3,1
84,65,7,89,54,25,3,120150,36.045,A,1,S1,1
84,58,6,93,67,20,3,124620,37.386,A,1,S3,1
84,29,4,104,91,41,3,388024,116.407,A,1,S3,0
84,128,14,115,94,38,3,410780,123.234,A,1,S2,0
84,87,9,36,35,24,"1,2,3",30240,9.072,C,3,S6,1
84,129,14,115,94,38,3,410780,123.234,C,3,S6,1
84,86,9,36,35,24,"1,2,3",30240,9.072,C,3,S6,0
84,4,1,114,77,42,"2,3",368676,110.603,A,1,S2,1
84,19,2,105,81,74,"1,2,3",629370,188.811,A,1,S1,1
84,110,12,84,32,24,"2,3",64512,19.354,C,3,S6,1
84,73,8,89,46,28,"2,3",114632,34.39,C,3,S6,0
84,74,8,89,46,28,"2,3",114632,34.39,B,2,S5,1
84,56,6,93,67,20,3,124620,37.386,B,2,S4,1
84,131,15,60,51,38,"1,2,3",116280,34.884,B,2,S4,1
84,95,10,72,50,29,"2,3",104400,31.32,B,2,S4,1
84,59,6,93,67,20,3,124620,37.386,B,2,S5,1
84,51,6,93,67,20,3,124620,37.386,B,2,S5,1
84,40,5,75,70,23,3,120750,36.225,B,2,S5,1
84,130,15,60,51,38,"1,2,3",116280,34.884,B,2,S5,1
84,9,2,105,81,74,"1,2,3",629370,188.811,B,2,S4,1
84,2,1,114,77,42,"2,3",368676,110.603,B,2,S4,1
84,83,9,36,35,24,"1,2,3",30240,9.072,B,2,S4,1
84,80,9,36,35,24,"1,2,3",30240,9.072,A,1,S3,1
84,84,9,36,35,24,"1,2,3",30240,9.072,A,1,S3,1
84,76,8,89,46,28,"2,3",114632,34.39,A,1,S2,1
84,82,9,36,35,24,"1,2,3",30240,9.072,A,1,S1,1
84,21,3,76,73,50,"1,2,3",277400,83.22,A,1,S2,1
84,52,6,93,67,20,3,124620,37.386,A,1,S2,1
84,31,4,104,91,41,3,388024,116.407,B,2,S4,1
84,39,4,104,91,41,3,388024,116.407,C,3,S6,1
84,102,11,72,41,38,"1,2,3",112176,33.653,A,1,S1,1
84,15,2,105,81,74,"1,2,3",629370,188.811,A,1,S3,1
84,91,10,72,50,29,"2,3",104400,31.32,A,1,S2,1
84,94,10,72,50,29,"2,3",104400,31.32,C,3,S6,0
84,55,6,93,67,20,3,124620,37.386,C,3,S6,1
84,7,1,114,77,42,"2,3",368676,110.603,A,1,S2,1
84,78,8,89,46,28,"2,3",114632,34.39,A,1,S1,1
84,22,3,76,73,50,"1,2,3",277400,83.22,A,1,S2,1
84,11,2,105,81,74,"1,2,3",629370,188.811,B,2,S4,1
84,3,1,114,77,42,"2,3",368676,110.603,B,2,S4,1
84,32,4,104,91,41,3,388024,116.407,B,2,S5,1
84,97,11,72,41,38,"1,2,3",112176,33.653,B,2,S5,1
84,115,13,85,53,31,"2,3",139655,41.896,C,3,S6,1
84,71,8,89,46,28,"2,3",114632,34.39,C,3,S6,1
84,12,2,105,81,74,"1,2,3",629370,188.811,A,1,S2,1
84,109,12,84,32,24,"2,3",64512,19.354,A,1,S1,0
84,122,14,115,94,38,3,410780,123.234,A,1,S1,1
84,46,5,75,70,23,3,120750,36.225,A,1,S3,1
84,81,9,36,35,24,"1,2,3",30240,9.072,A,1,S3,1
84,137,15,60,51,38,"1,2,3",116280,34.884,A,1,S3,1
84,101,11,72,41,38,"1,2,3",112176,33.653,A,1,S2,1
84,88,9,36,35,24,"1,2,3",30240,9.072,A,1,S2,1
84,47,5,75,70,23,3,120750,36.225,A,1,S3,1
84,16,2,105,81,74,"1,2,3",629370,188.811,A,1,S2,1
84,113,13,85,53,31,"2,3",139655,41.896,B,2,S5,1
84,25,3,76,73,50,"1,2,3",277400,83.22,A,1,S3,0
84,117,13,85,53,31,"2,3",139655,41.896,A,1,S2,1
84,57,6,93,67,20,3,124620,37.386,A,1,S1,1
84,133,15,60,51,38,"1,2,3",116280,34.884,C,3,S6,1
84,124,14,115,94,38,3,410780,123.234,A,1,S2,1
84,112,13,85,53,31,"2,3",139655,41.896,A,1,S2,1
84,123,14,115,94,38,3,410780,123.234,C,3,S6,1
84,136,15,60,51,38,"1,2,3",116280,34.884,A,1,S1,0
84,70,8,89,46,28,"2,3",114632,34.39,A,1,S1,1
84,69,7,89,54,25,3,120150,36.045,A,1,S3,1
84,85,9,36,35,24,"1,2,3",30240,9.072,A,1,S3,1
84,36,4,104,91,41,3,388024,116.407,A,1,S3,1
84,38,4,104,91,41,3,388024,116.407,C,3,S6,1
84,30,4,104,91,41,3,388024,116.407,A,1,S1,1
84,103,11,72,41,38,"1,2,3",112176,33.653,A,1,S1,1
84,63,7,89,54,25,3,120150,36.045,B,2,S5,1
84,1,1,114,77,42,"2,3",368676,110.603,A,1,S1,1
84,49,6,93,67,20,3,124620,37.386,A,1,S3,1
84,6,1,114,77,42,"2,3",368676,110.603,A,1,S2,1
84,106,12,84,32,24,"2,3",64512,19.354,A,1,S1,1
84,68,7,89,54,25,3,120150,36.045,A,1,S3,1
84,93,10,72,50,29,"2,3",104400,31.32,A,1,S2,1
84,5,1,114,77,42,"2,3",368676,110.603,A,1,S3,1
84,33,4,104,91,41,3,388024,116.407,A,1,S2,1
84,100,11,72,41,38,"1,2,3",112176,33.653,A,1,S3,1
84,13,2,105,81,74,"1,2,3",629370,188.811,A,1,S2,1
84,127,14,115,94,38,3,410780,123.234,B,2,S5,1
84,20,2,105,81,74,"1,2,3",629370,188.811,B,2,S5,1
84,114,13,85,53,31,"2,3",139655,41.896,B,2,S5,1
84,107,12,84,32,24,"2,3",64512,19.354,B,2,S5,1
84,18,2,105,81,74,"1,2,3",629370,188.811,B,2,S5,1
84,120,13,85,53,31,"2,3",139655,41.896,B,2,S4,1
84,53,6,93,67,20,3,124620,37.386,B,2,S4,1
84,66,7,89,54,25,3,120150,36.045,A,1,S2,1
84,17,2,105,81,74,"1,2,3",629370,188.811,B,2,S4,0
84,77,8,89,46,28,"2,3",114632,34.39,A,1,S3,1
84,111,12,84,32,24,"2,3",64512,19.354,C,3,S6,1
84,105,12,84,32,24,"2,3",64512,19.354,C,3,S6,1
84,43,5,75,70,23,3,120750,36.225,C,3,S6,1
84,27,3,76,73,50,"1,2,3",277400,83.22,B,2,S4,1
84,35,4,104,91,41,3,388024,116.407,B,2,S5,1
84,60,7,89,54,25,3,120150,36.045,B,2,S4,1
84,132,15,60,51,38,"1,2,3",116280,34.884,B,2,S4,1
84,119,13,85,53,31,"2,3",139655,41.896,C,3,S6,0
84,50,6,93,67,20,3,124620,37.386,B,2,S4,1
84,99,11,72,41,38,"1,2,3",112176,33.653,B,2,S4,1
84,14,2,105,81,74,"1,2,3",629370,188.811,B,2,S5,1
84,10,2,105,81,74,"1,2,3",629370,188.811,B,2,S4,1
84,64,7,89,54,25,3,120150,36.045,A,1,S3,1
84,108,12,84,32,24,"2,3",64512,19.354,B,2,S5,1
84,41,5,75,70,23,3,120750,36.225,B,2,S5,1
84,45,5,75,70,23,3,120750,36.225,B,2,S4,1
84,37,4,104,91,41,3,388024,116.407,B,2,S4,0
84,24,3,76,73,50,"1,2,3",277400,83.22,B,2,S4,1
84,126,14,115,94,38,3,410780,123.234,B,2,S5,1
84,8,1,114,77,42,"2,3",368676,110.603,C,3,S6,1
84,67,7,89,54,25,3,120150,36.045,B,2,S5,1
84,89,9,36,35,24,"1,2,3",30240,9.072,C,3,S6,1
84,48,5,75,70,23,3,120750,36.225,B,2,S5,1
84,104,11,72,41,38,"1,2,3",112176,33.653,C,3,S6,1
84,121,14,115,94,38,3,410780,123.234,C,3,S6,1
84,26,3,76,73,50,"1,2,3",277400,83.22,C,3,S6,1
84,23,3,76,73,50,"1,2,3",277400,83.22,C,3,S6,0
84,92,10,72,50,29,"2,3",104400,31.32,C,3,S6,1
84,75,8,89,46,28,"2,3",114632,34.39,B,2,S5,1
84,42,5,75,70,23,3,120750,36.225,B,2,S4,1
84,34,4,104,91,41,3,388024,116.407,B,2,S5,1
84,96,11,72,41,38,"1,2,3",112176,33.653,B,2,S4,0
84,98,11,72,41,38,"1,2,3",112176,33.653,B,2,S5,1
84,61,7,89,54,25,3,120150,36.045,B,2,S5,1
84,44,5,75,70,23,3,120750,36.225,C,3,S6,1
84,135,15,60,51,38,"1,2,3",116280,34.884,C,3,S6,1
84,79,8,89,46,28,"2,3",114632,34.39,C,3,S6,1
84,90,9,36,35,24,"1,2,3",30240,9.072,C,3,S6,1
84,62,7,89,54,25,3,120150,36.045,C,3,S6,1
84,134,15,60,51,38,"1,2,3",116280,34.884,C,3,S6,0
84,28,3,76,73,50,"1,2,3",277400,83.22,C,3,S6,1
84,54,6,93,67,20,3,124620,37.386,C,3,S6,1
84,116,13,85,53,31,"2,3",139655,41.896,C,3,S6,1
85,72,8,109,73,65,"1,2,3",517205,155.162,C,3,S6,1
85,63,7,108,98,27,3,285768,85.73,A,1,S1,1
85,38,5,74,66,61,"1,2,3",297924,89.377,A,1,S1,1
85,19,2,72,55,31,"2,3",122760,36.828,B,2,S4,1
85,81,10,109,80,62,"1,2,3",540640,162.192,A,1,S1,0
85,37,5,74,66,61,"1,2,3",297924,89.377,B,2,S5,1
85,74,9,97,92,40,3,356960,107.088,A,1,S2,1
85,120,15,97,34,31,"2,3",102238,30.671,A,1,S2,1
85,105,13,100,69,67,"1,2,3",462300,138.69,C,3,S6,1
85,76,9,97,92,40,3,356960,107.088,C,3,S6,1
85,126,15,97,34,31,"2,3",102238,30.671,C,3,S6,1
85,49,6,43,39,32,"1,2,3",53664,16.099,C,3,S6,1
85,78,9,97,92,40,3,356960,107.088,C,3,S6,1
85,22,2,72,55,31,"2,3",122760,36.828,C,3,S6,1
85,58,7,108,98,27,3,285768,85.73,C,3,S6,1
85,82,10,109,80,62,"1,2,3",540640,162.192,C,3,S6,1
85,79,9,97,92,40,3,356960,107.088,C,3,S6,1
85,80,9,97,92,40,3,356960,107.088,A,1,S2,1
85,77,9,97,92,40,3,356960,107.088,A,1,S1,1
85,98,12,114,43,41,"2,3",200982,60.295,A,1,S2,1
85,87,10,109,80,62,"1,2,3",540640,162.192,A,1,S3,1
85,109,13,100,69,67,"1,2,3",462300,138.69,A,1,S3,1
85,6,1,55,37,22,"2,3",44770,13.431,A,1,S2,0
85,25,3,61,56,36,"1,2,3",122976,36.893,B,2,S5,1
85,31,4,76,72,22,3,120384,36.115,A,1,S1,0
85,113,14,82,68,24,3,133824,40.147,A,1,S3,1
85,115,14,82,68,24,3,133824,40.147,A,1,S1,1
85,39,5,74,66,61,"1,2,3",297924,89.377,A,1,S2,1
85,18,2,72,55,31,"2,3",122760,36.828,A,1,S1,1
85,108,13,100,69,67,"1,2,3",462300,138.69,A,1,S3,1
85,24,3,61,56,36,"1,2,3",122976,36.893,A,1,S1,1
85,125,15,97,34,31,"2,3",102238,30.671,A,1,S1,1
85,36,5,74,66,61,"1,2,3",297924,89.377,A,1,S1,1
85,29,4,76,72,22,3,120384,36.115,A,1,S2,0
85,92,11,57,57,45,"1,2,3",146205,43.861,B,2,S4,1
85,117,14,82,68,24,3,133824,40.147,A,1,S3,1
85,118,14,82,68,24,3,133824,40.147,A,1,S1,1
85,111,13,100,69,67,"1,2,3",462300,138.69,A,1,S1,1
85,51,6,43,39,32,"1,2,3",53664,16.099,B,2,S5,1
85,62,7,108,98,27,3,285768,85.73,A,1,S3,1
85,64,7,108,98,27,3,285768,85.73,A,1,S1,1
85,85,10,109,80,62,"1,2,3",540640,162.192,A,1,S1,1
85,60,7,108,98,27,3,285768,85.73,A,1,S1,1
85,75,9,97,92,40,3,356960,107.088,C,3,S6,1
85,69,8,109,73,65,"1,2,3",517205,155.162,C,3,S6,1
85,128,15,97,34,31,"2,3",102238,30.671,A,1,S3,1
85,119,15,97,34,31,"2,3",102238,30.671,A,1,S1,1
85,32,4,76,72,22,3,120384,36.115,A,1,S1,1
85,89,10,109,80,62,"1,2,3",540640,162.192,A,1,S3,1
85,68,8,109,73,65,"1,2,3",517205,155.162,A,1,S1,1
85,112,14,82,68,24,3,133824,40.147,A,1,S1,1
85,1,1,55,37,22,"2,3",44770,13.431,B,2,S5,1
85,21,2,72,55,31,"2,3",122760,36.828,B,2,S4,1
85,65,8,109,73,65,"1,2,3",517205,155.162,C,3,S6,1
85,55,7,108,98,27,3,285768,85.73,C,3,S6,1
85,42,5,74,66,61,"1,2,3",297924,89.377,A,1,S3,1
85,102,12,114,43,41,"2,3",200982,60.295,A,1,S3,1
85,26,3,61,56,36,"1,2,3",122976,36.893,A,1,S3,1
85,91,11,57,57,45,"1,2,3",146205,43.861,C,3,S6,1
85,8,1,55,37,22,"2,3",44770,13.431,C,3,S6,1
85,86,10,109,80,62,"1,2,3",540640,162.192,C,3,S6,1
85,97,12,114,43,41,"2,3",200982,60.295,B,2,S5,1
85,40,5,74,66,61,"1,2,3",297924,89.377,C,3,S6,1
85,123,15,97,34,31,"2,3",102238,30.671,A,1,S1,1
85,27,3,61,56,36,"1,2,3",122976,36.893,A,1,S2,1
85,33,4,76,72,22,3,120384,36.115,B,2,S5,1
85,13,2,72,55,31,"2,3",122760,36.828,A,1,S1,1
85,84,10,109,80,62,"1,2,3",540640,162.192,C,3,S6,0
85,23,3,61,56,36,"1,2,3",122976,36.893,C,3,S6,0
85,106,13,100,69,67,"1,2,3",462300,138.69,C,3,S6,1
85,11,2,72,55,31,"2,3",122760,36.828,C,3,S6,1
85,90,11,57,57,45,"1,2,3",146205,43.861,C,3,S6,0
85,88,10,109,80,62,"1,2,3",540640,162.192,C,3,S6,1
85,93,11,57,57,45,"1,2,3",146205,43.861,B,2,S4,1
85,14,2,72,55,31,"2,3",122760,36.828,A,1,S2,1
85,107,13,100,69,67,"1,2,3",462300,138.69,A,1,S1,1
85,110,13,100,69,67,"1,2,3",462300,138.69,C,3,S6,1
85,70,8,109,73,65,"1,2,3",517205,155.162,C,3,S6,0
85,96,12,114,43,41,"2,3",200982,60.295,C,3,S6,1
85,44,5,74,66,61,"1,2,3",297924,89.377,C,3,S6,0
85,9,1,55,37,22,"2,3",44770,13.431,B,2,S4,1
85,20,2,72,55,31,"2,3",122760,36.828,B,2,S4,1
85,7,1,55,37,22,"2,3",44770,13.431,B,2,S4,1
85,61,7,108,98,27,3,285768,85.73,B,2,S5,1
85,114,14,82,68,24,3,133824,40.147,B,2,S5,1
85,17,2,72,55,31,"2,3",122760,36.828,B,2,S4,1
85,100,12,114,43,41,"2,3",200982,60.295,B,2,S5,1
85,16,2,72,55,31,"2,3",122760,36.828,B,2,S4,1
85,95,11,57,57,45,"1,2,3",146205,43.861,A,1,S1,1
85,73,9,97,92,40,3,356960,107.088,C,3,S6,1
85,3,1,55,37,22,"2,3",44770,13.431,C,3,S6,1
85,52,6,43,39,32,"1,2,3",53664,16.099,C,3,S6,1
85,43,5,74,66,61,"1,2,3",297924,89.377,C,3,S6,0
85,127,15,97,34,31,"2,3",102238,30.671,B,2,S5,0
85,124,15,97,34,31,"2,3",102238,30.671,B,2,S4,1
85,30,4,76,72,22,3,120384,36.115,B,2,S4,1
85,116,14,82,68,24,3,133824,40.147,B,2,S5,1
85,34,4,76,72,22,3,120384,36.115,B,2,S5,1
85,122,15,97,34,31,"2,3",102238,30.671,B,2,S5,1
85,35,4,76,72,22,3,120384,36.115,B,2,S5,1
85,15,2,72,55,31,"2,3",122760,36.828,B,2,S4,1
85,83,10,109,80,62,"1,2,3",540640,162.192,B,2,S4,1
85,46,6,43,39,32,"1,2,3",53664,16.099,B,2,S5,1
85,104,13,100,69,67,"1,2,3",462300,138.69,A,1,S2,1
85,57,7,108,98,27,3,285768,85.73,A,1,S3,1
85,56,7,108,98,27,3,285768,85.73,B,2,S5,1
85,99,12,114,43,41,"2,3",200982,60.295,B,2,S5,1
85,121,15,97,34,31,"2,3",102238,30.671,B,2,S4,1
85,54,6,43,39,32,"1,2,3",53664,16.099,A,1,S1,1
85,50,6,43,39,32,"1,2,3",53664,16.099,B,2,S5,1
85,5,1,55,37,22,"2,3",44770,13.431,B,2,S5,1
85,41,5,74,66,61,"1,2,3",297924,89.377,A,1,S2,1
85,71,8,109,73,65,"1,2,3",517205,155.162,B,2,S4,1
85,59,7,108,98,27,3,285768,85.73,A,1,S3,1
85,66,8,109,73,65,"1,2,3",517205,155.162,A,1,S1,1
85,67,8,109,73,65,"1,2,3",517205,155.162,A,1,S3,1
85,94,11,57,57,45,"1,2,3",146205,43.861,A,1,S1,1
85,47,6,43,39,32,"1,2,3",53664,16.099,B,2,S4,0
85,12,2,72,55,31,"2,3",122760,36.828,B,2,S4,1
85,28,3,61,56,36,"1,2,3",122976,36.893,B,2,S5,1
85,2,1,55,37,22,"2,3",44770,13.431,B,2,S5,0
85,101,12,114,43,41,"2,3",200982,60.295,B,2,S5,1
85,48,6,43,39,32,"1,2,3",53664,16.099,B,2,S4,1
85,45,5,74,66,61,"1,2,3",297924,89.377,B,2,S5,1
85,103,12,114,43,41,"2,3",200982,60.295,B,2,S5,1
85,4,1,55,37,22,"2,3",44770,13.431,B,2,S5,1
85,10,1,55,37,22,"2,3",44770,13.431,B,2,S4,1
85,53,6,43,39,32,"1,2,3",53664,16.099,B,2,S4,1
86,114,12,57,55,54,"1,2,3",169290,50.787,A,1,S2,1
86,130,14,71,50,41,"1,2,3",145550,43.665,C,3,S6,1
86,93,10,88,76,33,3,220704,66.211,B,2,S4,1
86,85,9,84,57,56,"1,2,3",268128,80.438,B,2,S4,1
86,30,3,71,57,38,"1,2,3",153786,46.136,A,1,S1,1
86,88,10,88,76,33,3,220704,66.211,B,2,S4,1
86,110,12,57,55,54,"1,2,3",169290,50.787,B,2,S5,1
86,113,12,57,55,54,"1,2,3",169290,50.787,A,1,S2,1
86,44,5,77,56,37,"2,3",159544,47.863,A,1,S2,1
86,60,7,72,31,29,"2,3",64728,19.418,A,1,S1,1
86,32,4,63,53,47,"1,2,3",156933,47.08,B,2,S4,1
86,38,4,63,53,47,"1,2,3",156933,47.08,B,2,S4,1
86,79,8,84,58,38,"2,3",185136,55.541,B,2,S5,1
86,34,4,63,53,47,"1,2,3",156933,47.08,B,2,S5,1
86,73,8,84,58,38,"2,3",185136,55.541,A,1,S1,1
86,94,10,88,76,33,3,220704,66.211,A,1,S2,1
86,9,1,87,33,28,"2,3",80388,24.116,A,1,S2,1
86,3,1,87,33,28,"2,3",80388,24.116,C,3,S6,1
86,13,2,97,70,57,"1,2,3",387030,116.109,B,2,S4,1
86,2,1,87,33,28,"2,3",80388,24.116,B,2,S5,1
86,7,1,87,33,28,"2,3",80388,24.116,C,3,S6,1
86,74,8,84,58,38,"2,3",185136,55.541,C,3,S6,1
86,123,13,115,26,25,"2,3",74750,22.425,C,3,S6,1
86,24,3,71,57,38,"1,2,3",153786,46.136,C,3,S6,1
86,56,6,102,67,47,"2,3",321198,96.359,C,3,S6,0
86,99,11,109,76,73,"1,2,3",604732,181.42,C,3,S6,1
86,54,6,102,67,47,"2,3",321198,96.359,A,1,S1,1
86,103,11,109,76,73,"1,2,3",604732,181.42,A,1,S2,1
86,101,11,109,76,73,"1,2,3",604732,181.42,A,1,S2,1
86,37,4,63,53,47,"1,2,3",156933,47.08,B,2,S5,1
86,47,5,77,56,37,"2,3",159544,47.863,B,2,S5,1
86,69,7,72,31,29,"2,3",64728,19.418,A,1,S2,0
86,22,3,71,57,38,"1,2,3",153786,46.136,A,1,S3,1
86,116,13,115,26,25,"2,3",74750,22.425,A,1,S1,1
86,71,8,84,58,38,"2,3",185136,55.541,B,2,S5,1
86,129,14,71,50,41,"1,2,3",145550,43.665,B,2,S5,1
86,134,15,102,59,29,3,174522,52.357,C,3,S6,0
86,138,15,102,59,29,3,174522,52.357,C,3,S6,1
86,112,12,57,55,54,"1,2,3",169290,50.787,C,3,S6,1
86,53,6,102,67,47,"2,3",321198,96.359,C,3,S6,1
86,76,8,84,58,38,"2,3",185136,55.541,C,3,S6,1
86,106,11,109,76,73,"1,2,3",604732,181.42,A,1,S3,1
86,48,5,77,56,37,"2,3",159544,47.863,B,2,S5,1
86,21,3,71,57,38,"1,2,3",153786,46.136,C,3,S6,1
86,90,10,88,76,33,3,220704,66.211,C,3,S6,1
86,126,14,71,50,41,"1,2,3",145550,43.665,C,3,S6,1
86,15,2,97,70,57,"1,2,3",387030,116.109,B,2,S4,1
86,28,3,71,57,38,"1,2,3",153786,46.136,B,2,S5,1
86,52,5,77,56,37,"2,3",159544,47.863,B,2,S4,1
86,49,5,77,56,37,"2,3",159544,47.863,A,1,S1,0
86,119,13,115,26,25,"2,3",74750,22.425,B,2,S4,1
86,86,10,88,76,33,3,220704,66.211,B,2,S4,1
86,80,8,84,58,38,"2,3",185136,55.541,C,3,S6,1
86,125,14,71,50,41,"1,2,3",145550,43.665,A,1,S1,1
86,17,2,97,70,57,"1,2,3",387030,116.109,C,3,S6,1
86,108,12,57,55,54,"1,2,3",169290,50.787,A,1,S2,1
86,87,10,88,76,33,3,220704,66.211,C,3,S6,0
86,102,11,109,76,73,"1,2,3",604732,181.42,C,3,S6,1
86,70,8,84,58,38,"2,3",185136,55.541,C,3,S6,1
86,61,7,72,31,29,"2,3",64728,19.418,B,2,S5,1
86,122,13,115,26,25,"2,3",74750,22.425,B,2,S5,1
86,65,7,72,31,29,"2,3",64728,19.418,A,1,S3,1
86,115,12,57,55,54,"1,2,3",169290,50.787,A,1,S3,0
86,51,5,77,56,37,"2,3",159544,47.863,A,1,S3,1
86,89,10,88,76,33,3,220704,66.211,A,1,S3,1
86,81,9,84,57,56,"1,2,3",268128,80.438,C,3,S6,1
86,50,5,77,56,37,"2,3",159544,47.863,B,2,S5,1
86,62,7,72,31,29,"2,3",64728,19.418,B,2,S5,1
86,121,13,115,26,25,"2,3",74750,22.425,B,2,S4,1
86,25,3,71,57,38,"1,2,3",153786,46.136,B,2,S5,1
86,42,5,77,56,37,"2,3",159544,47.863,B,2,S5,1
86,5,1,87,33,28,"2,3",80388,24.116,B,2,S5,1
86,1,1,87,33,28,"2,3",80388,24.116,B,2,S5,1
86,137,15,102,59,29,3,174522,52.357,A,1,S3,1
86,43,5,77,56,37,"2,3",159544,47.863,A,1,S3,1
86,98,11,109,76,73,"1,2,3",604732,181.42,B,2,S4,1
86,136,15,102,59,29,3,174522,52.357,B,2,S4,1
86,55,6,102,67,47,"2,3",321198,96.359,A,1,S3,0
86,107,12,57,55,54,"1,2,3",169290,50.787,A,1,S2,1
86,57,6,102,67,47,"2,3",321198,96.359,A,1,S1,1
86,82,9,84,57,56,"1,2,3",268128,80.438,B,2,S4,1
86,8,1,87,33,28,"2,3",80388,24.116,B,2,S5,1
86,46,5,77,56,37,"2,3",159544,47.863,C,3,S6,1
86,77,8,84,58,38,"2,3",185136,55.541,A,1,S1,1
86,105,11,109,76,73,"1,2,3",604732,181.42,A,1,S3,1
86,132,15,102,59,29,3,174522,52.357,A,1,S1,1
86,18,2,97,70,57,"1,2,3",387030,116.109,B,2,S4,1
86,127,14,71,50,41,"1,2,3",145550,43.665,B,2,S5,1
86,29,3,71,57,38,"1,2,3",153786,46.136,B,2,S4,1
86,95,11,109,76,73,"1,2,3",604732,181.42,C,3,S6,1
86,59,6,102,67,47,"2,3",321198,96.359,B,2,S4,1
86,4,1,87,33,28,"2,3",80388,24.116,A,1,S3,1
86,111,12,57,55,54,"1,2,3",169290,50.787,C,3,S6,1
86,19,2,97,70,57,"1,2,3",387030,116.109,C,3,S6,1
86,40,5,77,56,37,"2,3",159544,47.863,C,3,S6,1
86,91,10,88,76,33,3,220704,66.211,B,2,S4,1
86,63,7,72,31,29,"2,3",64728,19.418,B,2,S4,1
86,84,9,84,57,56,"1,2,3",268128,80.438,B,2,S4,1
86,39,4,63,53,47,"1,2,3",156933,47.08,C,3,S6,0
86,14,2,97,70,57,"1,2,3",387030,116.109,C,3,S6,1
86,67,7,72,31,29,"2,3",64728,19.418,A,1,S2,1
86,72,8,84,58,38,"2,3",185136,55.541,A,1,S1,1
86,64,7,72,31,29,"2,3",64728,19.418,A,1,S3,1
86,100,11,109,76,73,"1,2,3",604732,181.42,B,2,S5,1
86,26,3,71,57,38,"1,2,3",153786,46.136,B,2,S4,1
86,27,3,71,57,38,"1,2,3",153786,46.136,B,2,S5,1
86,66,7,72,31,29,"2,3",64728,19.418,C,3,S6,1
86,12,2,97,70,57,"1,2,3",387030,116.109,B,2,S4,1
86,97,11,109,76,73,"1,2,3",604732,181.42,B,2,S4,1
86,35,4,63,53,47,"1,2,3",156933,47.08,A,1,S3,1
86,45,5,77,56,37,"2,3",159544,47.863,A,1,S3,1
86,33,4,63,53,47,"1,2,3",156933,47.08,A,1,S3,1
86,96,11,109,76,73,"1,2,3",604732,181.42,A,1,S1,1
86,83,9,84,57,56,"1,2,3",268128,80.438,A,1,S3,1
86,118,13,115,26,25,"2,3",74750,22.425,B,2,S5,1
86,131,15,102,59,29,3,174522,52.357,B,2,S4,0
86,68,7,72,31,29,"2,3",64728,19.418,B,2,S4,0
86,78,8,84,58,38,"2,3",185136,55.541,A,1,S1,1
86,23,3,71,57,38,"1,2,3",153786,46.136,C,3,S6,1
86,10,2,97,70,57,"1,2,3",387030,116.109,C,3,S6,1
86,41,5,77,56,37,"2,3",159544,47.863,A,1,S1,1
86,104,11,109,76,73,"1,2,3",604732,181.42,A,1,S3,1
86,36,4,63,53,47,"1,2,3",156933,47.08,A,1,S1,1
86,120,13,115,26,25,"2,3",74750,22.425,A,1,S3,1
86,31,3,71,57,38,"1,2,3",153786,46.136,A,1,S3,1
86,124,14,71,50,41,"1,2,3",145550,43.665,A,1,S3,1
86,117,13,115,26,25,"2,3",74750,22.425,C,3,S6,0
86,58,6,102,67,47,"2,3",321198,96.359,C,3,S6,0
86,16,2,97,70,57,"1,2,3",387030,116.109,A,1,S1,1
86,92,10,88,76,33,3,220704,66.211,A,1,S2,0
86,20,2,97,70,57,"1,2,3",387030,116.109,A,1,S1,1
86,6,1,87,33,28,"2,3",80388,24.116,A,1,S3,0
86,109,12,57,55,54,"1,2,3",169290,50.787,A,1,S3,1
86,133,15,102,59,29,3,174522,52.357,A,1,S2,1
86,128,14,71,50,41,"1,2,3",145550,43.665,A,1,S3,1
86,135,15,102,59,29,3,174522,52.357,A,1,S2,1
86,75,8,84,58,38,"2,3",185136,55.541,A,1,S2,1
86,11,2,97,70,57,"1,2,3",387030,116.109,A,1,S2,1
87,29,4,109,43,33,"2,3",154671,46.401,B,2,S4,1
87,6,1,119,34,28,"2,3",113288,33.986,B,2,S5,0
87,85,11,96,82,28,3,220416,66.125,B,2,S4,1
87,107,15,96,81,25,3,194400,58.32,B,2,S4,1
87,80,11,96,82,28,3,220416,66.125,B,2,S5,0
87,67,9,111,73,71,"1,2,3",575313,172.594,B,2,S5,1
87,84,11,96,82,28,3,220416,66.125,A,1,S2,1
87,23,3,97,82,78,"1,2,3",620412,186.124,A,1,S3,1
87,19,3,97,82,78,"1,2,3",620412,186.124,A,1,S1,1
87,9,2,84,69,48,"1,2,3",278208,83.462,A,1,S1,1
87,24,3,97,82,78,"1,2,3",620412,186.124,A,1,S1,1
87,8,1,119,34,28,"2,3",113288,33.986,B,2,S5,1
87,32,4,109,43,33,"2,3",154671,46.401,B,2,S5,1
87,28,4,109,43,33,"2,3",154671,46.401,B,2,S5,1
87,69,9,111,73,71,"1,2,3",575313,172.594,A,1,S1,1
87,22,3,97,82,78,"1,2,3",620412,186.124,B,2,S5,1
87,79,11,96,82,28,3,220416,66.125,A,1,S1,1
87,41,5,80,75,47,"1,2,3",282000,84.6,A,1,S1,1
87,14,2,84,69,48,"1,2,3",278208,83.462,A,1,S1,1
87,103,14,108,91,58,"1,2,3",570024,171.007,A,1,S1,1
87,18,3,97,82,78,"1,2,3",620412,186.124,B,2,S4,1
87,12,2,84,69,48,"1,2,3",278208,83.462,B,2,S5,1
87,2,1,119,34,28,"2,3",113288,33.986,B,2,S4,1
87,97,14,108,91,58,"1,2,3",570024,171.007,B,2,S4,1
87,54,7,40,35,31,"1,2,3",43400,13.02,C,3,S6,1
87,60,8,58,43,26,"2,3",64844,19.453,C,3,S6,0
87,30,4,109,43,33,"2,3",154671,46.401,A,1,S1,1
87,16,2,84,69,48,"1,2,3",278208,83.462,A,1,S1,1
87,15,2,84,69,48,"1,2,3",278208,83.462,A,1,S1,1
87,7,1,119,34,28,"2,3",113288,33.986,A,1,S1,1
87,81,11,96,82,28,3,220416,66.125,A,1,S2,1
87,93,13,62,42,38,"1,2,3",98952,29.686,A,1,S2,1
87,72,9,111,73,71,"1,2,3",575313,172.594,A,1,S2,0
87,68,9,111,73,71,"1,2,3",575313,172.594,A,1,S2,1
87,108,15,96,81,25,3,194400,58.32,B,2,S4,1
87,89,12,84,73,66,"1,2,3",404712,121.414,B,2,S4,1
87,76,10,95,66,43,"2,3",269610,80.883,B,2,S5,1
87,40,5,80,75,47,"1,2,3",282000,84.6,B,2,S4,1
87,35,4,109,43,33,"2,3",154671,46.401,C,3,S6,0
87,95,13,62,42,38,"1,2,3",98952,29.686,C,3,S6,1
87,50,6,74,62,30,3,137640,41.292,C,3,S6,1
87,49,6,74,62,30,3,137640,41.292,C,3,S6,1
87,59,8,58,43,26,"2,3",64844,19.453,C,3,S6,1
87,106,15,96,81,25,3,194400,58.32,C,3,S6,1
87,63,8,58,43,26,"2,3",64844,19.453,B,2,S4,1
87,62,8,58,43,26,"2,3",64844,19.453,C,3,S6,1
87,56,7,40,35,31,"1,2,3",43400,13.02,C,3,S6,1
87,77,10,95,66,43,"2,3",269610,80.883,C,3,S6,1
87,100,14,108,91,58,"1,2,3",570024,171.007,C,3,S6,1
87,75,10,95,66,43,"2,3",269610,80.883,C,3,S6,1
87,61,8,58,43,26,"2,3",64844,19.453,A,1,S1,1
87,39,5,80,75,47,"1,2,3",282000,84.6,B,2,S5,1
87,78,10,95,66,43,"2,3",269610,80.883,B,2,S5,1
87,45,5,80,75,47,"1,2,3",282000,84.6,B,2,S5,1
87,17,3,97,82,78,"1,2,3",620412,186.124,B,2,S5,1
87,3,1,119,34,28,"2,3",113288,33.986,A,1,S3,1
87,102,14,108,91,58,"1,2,3",570024,171.007,A,1,S3,0
87,70,9,111,73,71,"1,2,3",575313,172.594,C,3,S6,1
87,34,4,109,43,33,"2,3",154671,46.401,A,1,S3,1
87,25,3,97,82,78,"1,2,3",620412,186.124,A,1,S1,1
87,55,7,40,35,31,"1,2,3",43400,13.02,A,1,S2,1
87,33,4,109,43,33,"2,3",154671,46.401,A,1,S2,1
87,44,5,80,75,47,"1,2,3",282000,84.6,A,1,S3,1
87,91,13,62,42,38,"1,2,3",98952,29.686,A,1,S3,1
87,65,8,58,43,26,"2,3",64844,19.453,A,1,S2,1
87,74,10,95,66,43,"2,3",269610,80.883,B,2,S5,0
87,20,3,97,82,78,"1,2,3",620412,186.124,A,1,S1,1
87,47,6,74,62,30,3,137640,41.292,A,1,S1,1
87,4,1,119,34,28,"2,3",113288,33.986,C,3,S6,1
87,57,7,40,35,31,"1,2,3",43400,13.02,B,2,S5,1
87,64,8,58,43,26,"2,3",64844,19.453,B,2,S4,1
87,99,14,108,91,58,"1,2,3",570024,171.007,A,1,S2,1
87,51,6,74,62,30,3,137640,41.292,C,3,S6,1
87,10,2,84,69,48,"1,2,3",278208,83.462,A,1,S2,1
87,66,9,111,73,71,"1,2,3",575313,172.594,B,2,S5,0
87,31,4,109,43,33,"2,3",154671,46.401,B,2,S5,1
87,1,1,119,34,28,"2,3",113288,33.986,B,2,S4,1
87,86,11,96,82,28,3,220416,66.125,B,2,S5,1
87,83,11,96,82,28,3,220416,66.125,B,2,S5,1
87,26,4,109,43,33,"2,3",154671,46.401,B,2,S4,1
87,48,6,74,62,30,3,137640,41.292,C,3,S6,1
87,96,13,62,42,38,"1,2,3",98952,29.686,C,3,S6,1
87,98,14,108,91,58,"1,2,3",570024,171.007,C,3,S6,0
87,105,15,96,81,25,3,194400,58.32,B,2,S4,1
87,11,2,84,69,48,"1,2,3",278208,83.462,C,3,S6,1
87,101,14,108,91,58,"1,2,3",570024,171.007,C,3,S6,1
87,38,5,80,75,47,"1,2,3",282000,84.6,B,2,S4,1
87,87,11,96,82,28,3,220416,66.125,A,1,S3,1
87,58,7,40,35,31,"1,2,3",43400,13.02,A,1,S2,1
87,82,11,96,82,28,3,220416,66.125,A,1,S2,1
87,104,14,108,91,58,"1,2,3",570024,171.007,A,1,S2,1
87,5,1,119,34,28,"2,3",113288,33.986,A,1,S1,1
87,37,5,80,75,47,"1,2,3",282000,84.6,A,1,S3,1
87,92,13,62,42,38,"1,2,3",98952,29.686,A,1,S2,1
87,21,3,97,82,78,"1,2,3",620412,186.124,A,1,S3,0
87,27,4,109,43,33,"2,3",154671,46.401,A,1,S1,1
87,94,13,62,42,38,"1,2,3",98952,29.686,A,1,S1,1
87,73,9,111,73,71,"1,2,3",575313,172.594,A,1,S1,1
87,52,6,74,62,30,3,137640,41.292,C,3,S6,1
87,88,11,96,82,28,3,220416,66.125,C,3,S6,1
87,13,2,84,69,48,"1,2,3",278208,83.462,C,3,S6,0
87,46,5,80,75,47,"1,2,3",282000,84.6,C,3,S6,1
87,42,5,80,75,47,"1,2,3",282000,84.6,C,3,S6,1
87,43,5,80,75,47,"1,2,3",282000,84.6,C,3,S6,1
87,90,12,84,73,66,"1,2,3",404712,121.414,B,2,S4,1
87,71,9,111,73,71,"1,2,3",575313,172.594,B,2,S4,1
87,36,5,80,75,47,"1,2,3",282000,84.6,B,2,S5,1
87,53,6,74,62,30,3,137640,41.292,B,2,S4,1
88,162,15,61,57,20,3,69540,20.862,C,3,S6,1
88,131,12,115,78,29,3,260130,78.039,C,3,S6,1
88,62,6,77,54,46,"1,2,3",191268,57.38,B,2,S4,0
88,25,3,92,80,38,3,279680,83.904,B,2,S5,1
88,38,4,90,81,24,3,174960,52.488,B,2,S4,1
88,32,4,90,81,24,3,174960,52.488,C,3,S6,1
88,53,5,84,52,38,"2,3",165984,49.795,C,3,S6,0
88,39,4,90,81,24,3,174960,52.488,C,3,S6,1
88,166,15,61,57,20,3,69540,20.862,B,2,S5,1
88,70,7,90,49,33,"2,3",145530,43.659,B,2,S4,1
88,106,10,102,38,27,"2,3",104652,31.396,B,2,S4,1
88,66,7,90,49,33,"2,3",145530,43.659,B,2,S4,1
88,60,6,77,54,46,"1,2,3",191268,57.38,B,2,S5,1
88,78,7,90,49,33,"2,3",145530,43.659,A,1,S3,1
88,16,3,92,80,38,3,279680,83.904,A,1,S1,1
88,151,14,75,64,44,"1,2,3",211200,63.36,A,1,S2,1
88,124,11,55,45,39,"1,2,3",96525,28.957,A,1,S1,1
88,52,5,84,52,38,"2,3",165984,49.795,A,1,S2,1
88,168,15,61,57,20,3,69540,20.862,A,1,S2,1
88,50,5,84,52,38,"2,3",165984,49.795,A,1,S2,1
88,15,2,89,67,34,"2,3",202742,60.823,A,1,S1,1
88,145,14,75,64,44,"1,2,3",211200,63.36,A,1,S1,1
88,94,9,76,57,28,3,121296,36.389,A,1,S2,0
88,103,10,102,38,27,"2,3",104652,31.396,C,3,S6,1
88,22,3,92,80,38,3,279680,83.904,C,3,S6,1
88,43,5,84,52,38,"2,3",165984,49.795,B,2,S4,1
88,65,7,90,49,33,"2,3",145530,43.659,C,3,S6,1
88,130,12,115,78,29,3,260130,78.039,A,1,S2,1
88,11,2,89,67,34,"2,3",202742,60.823,A,1,S1,1
88,13,2,89,67,34,"2,3",202742,60.823,B,2,S4,0
88,6,1,100,60,40,"2,3",240000,72.0,B,2,S5,1
88,164,15,61,57,20,3,69540,20.862,A,1,S1,1
88,144,14,75,64,44,"1,2,3",211200,63.36,A,1,S1,1
88,56,6,77,54,46,"1,2,3",191268,57.38,A,1,S1,1
88,19,3,92,80,38,3,279680,83.904,A,1,S1,1
88,98,10,102,38,27,"2,3",104652,31.396,C,3,S6,1
88,1,1,100,60,40,"2,3",240000,72.0,A,1,S2,1
88,5,1,100,60,40,"2,3",240000,72.0,A,1,S1,1
88,51,5,84,52,38,"2,3",165984,49.795,B,2,S4,1
88,97,10,102,38,27,"2,3",104652,31.396,B,2,S5,1
88,128,12,115,78,29,3,260130,78.039,A,1,S1,1
88,12,2,89,67,34,"2,3",202742,60.823,C,3,S6,1
88,2,1,100,60,40,"2,3",240000,72.0,C,3,S6,1
88,79,7,90,49,33,"2,3",145530,43.659,A,1,S3,1
88,9,2,89,67,34,"2,3",202742,60.823,A,1,S3,1
88,143,14,75,64,44,"1,2,3",211200,63.36,B,2,S4,0
88,54,6,77,54,46,"1,2,3",191268,57.38,B,2,S4,1
88,129,12,115,78,29,3,260130,78.039,C,3,S6,1
88,29,3,92,80,38,3,279680,83.904,B,2,S5,1
88,67,7,90,49,33,"2,3",145530,43.659,B,2,S5,1
88,158,14,75,64,44,"1,2,3",211200,63.36,B,2,S4,1
88,100,10,102,38,27,"2,3",104652,31.396,B,2,S4,1
88,111,11,55,45,39,"1,2,3",96525,28.957,A,1,S3,0
88,120,11,55,45,39,"1,2,3",96525,28.957,A,1,S3,1
88,89,8,78,45,27,"2,3",94770,28.431,A,1,S2,1
88,109,11,55,45,39,"1,2,3",96525,28.957,A,1,S2,1
88,68,7,90,49,33,"2,3",145530,43.659,A,1,S3,1
88,95,9,76,57,28,3,121296,36.389,A,1,S1,1
88,69,7,90,49,33,"2,3",145530,43.659,A,1,S2,1
88,28,3,92,80,38,3,279680,83.904,A,1,S1,1
88,132,12,115,78,29,3,260130,78.039,A,1,S3,1
88,35,4,90,81,24,3,174960,52.488,B,2,S5,1
88,41,4,90,81,24,3,174960,52.488,B,2,S4,1
88,37,4,90,81,24,3,174960,52.488,B,2,S5,1
88,88,8,78,45,27,"2,3",94770,28.431,B,2,S5,1
88,64,6,77,54,46,"1,2,3",191268,57.38,B,2,S4,0
88,159,14,75,64,44,"1,2,3",211200,63.36,B,2,S4,1
88,42,5,84,52,38,"2,3",165984,49.795,A,1,S1,1
88,21,3,92,80,38,3,279680,83.904,A,1,S3,1
88,125,12,115,78,29,3,260130,78.039,A,1,S2,1
88,72,7,90,49,33,"2,3",145530,43.659,A,1,S2,1
88,47,5,84,52,38,"2,3",165984,49.795,A,1,S3,1
88,7,1,100,60,40,"2,3",240000,72.0,B,2,S4,1
88,91,9,76,57,28,3,121296,36.389,B,2,S5,1
88,17,3,92,80,38,3,279680,83.904,A,1,S2,1
88,58,6,77,54,46,"1,2,3",191268,57.38,A,1,S2,1
88,49,5,84,52,38,"2,3",165984,49.795,B,2,S4,1
88,122,11,55,45,39,"1,2,3",96525,28.957,A,1,S3,1
88,71,7,90,49,33,"2,3",145530,43.659,A,1,S3,1
88,149,14,75,64,44,"1,2,3",211200,63.36,A,1,S2,1
88,24,3,92,80,38,3,279680,83.904,C,3,S6,1
88,171,15,61,57,20,3,69540,20.862,B,2,S5,1
88,90,9,76,57,28,3,121296,36.389,A,1,S2,1
88,87,8,78,45,27,"2,3",94770,28.431,A,1,S1,1
88,152,14,75,64,44,"1,2,3",211200,63.36,C,3,S6,0
88,45,5,84,52,38,"2,3",165984,49.795,C,3,S6,1
88,23,3,92,80,38,3,279680,83.904,C,3,S6,1
88,137,13,98,58,53,"1,2,3",301252,90.376,C,3,S6,1
88,160,14,75,64,44,"1,2,3",211200,63.36,B,2,S4,1
88,92,9,76,57,28,3,121296,36.389,A,1,S2,0
88,34,4,90,81,24,3,174960,52.488,A,1,S1,1
88,170,15,61,57,20,3,69540,20.862,C,3,S6,1
88,26,3,92,80,38,3,279680,83.904,C,3,S6,1
88,140,13,98,58,53,"1,2,3",301252,90.376,C,3,S6,1
88,10,2,89,67,34,"2,3",202742,60.823,A,1,S3,1
88,3,1,100,60,40,"2,3",240000,72.0,C,3,S6,0
88,114,11,55,45,39,"1,2,3",96525,28.957,C,3,S6,1
88,136,13,98,58,53,"1,2,3",301252,90.376,C,3,S6,1
88,121,11,55,45,39,"1,2,3",96525,28.957,C,3,S6,1
88,48,5,84,52,38,"2,3",165984,49.795,C,3,S6,1
88,116,11,55,45,39,"1,2,3",96525,28.957,C,3,S6,1
88,155,14,75,64,44,"1,2,3",211200,63.36,A,1,S1,0
88,40,4,90,81,24,3,174960,52.488,C,3,S6,1
88,108,11,55,45,39,"1,2,3",96525,28.957,A,1,S3,1
88,83,8,78,45,27,"2,3",94770,28.431,A,1,S3,1
88,142,14,75,64,44,"1,2,3",211200,63.36,B,2,S5,1
88,141,13,98,58,53,"1,2,3",301252,90.376,A,1,S1,1
88,8,1,100,60,40,"2,3",240000,72.0,A,1,S2,1
88,147,14,75,64,44,"1,2,3",211200,63.36,A,1,S2,1
88,101,10,102,38,27,"2,3",104652,31.396,A,1,S3,1
88,165,15,61,57,20,3,69540,20.862,C,3,S6,1
88,117,11,55,45,39,"1,2,3",96525,28.957,B,2,S5,1
88,93,9,76,57,28,3,121296,36.389,B,2,S5,1
88,4,1,100,60,40,"2,3",240000,72.0,B,2,S4,1
88,104,10,102,38,27,"2,3",104652,31.396,B,2,S5,0
88,123,11,55,45,39,"1,2,3",96525,28.957,B,2,S5,1
88,59,6,77,54,46,"1,2,3",191268,57.38,A,1,S3,1
88,77,7,90,49,33,"2,3",145530,43.659,A,1,S2,1
88,153,14,75,64,44,"1,2,3",211200,63.36,A,1,S2,1
88,85,8,78,45,27,"2,3",94770,28.431,C,3,S6,1
88,156,14,75,64,44,"1,2,3",211200,63.36,C,3,S6,1
88,46,5,84,52,38,"2,3",165984,49.795,A,1,S1,1
88,157,14,75,64,44,"1,2,3",211200,63.36,A,1,S1,1
88,112,11,55,45,39,"1,2,3",96525,28.957,A,1,S2,1
88,99,10,102,38,27,"2,3",104652,31.396,A,1,S2,0
88,81,8,78,45,27,"2,3",94770,28.431,C,3,S6,1
88,36,4,90,81,24,3,174960,52.488,C,3,S6,1
88,86,8,78,45,27,"2,3",94770,28.431,A,1,S3,1
88,55,6,77,54,46,"1,2,3",191268,57.38,A,1,S1,1
88,163,15,61,57,20,3,69540,20.862,A,1,S2,1
88,73,7,90,49,33,"2,3",145530,43.659,B,2,S4,1
88,84,8,78,45,27,"2,3",94770,28.431,B,2,S5,1
88,127,12,115,78,29,3,260130,78.039,B,2,S4,1
88,148,14,75,64,44,"1,2,3",211200,63.36,A,1,S3,1
88,82,8,78,45,27,"2,3",94770,28.431,B,2,S5,1
88,139,13,98,58,53,"1,2,3",301252,90.376,B,2,S4,1
88,134,13,98,58,53,"1,2,3",301252,90.376,B,2,S5,1
88,146,14,75,64,44,"1,2,3",211200,63.36,B,2,S4,1
88,27,3,92,80,38,3,279680,83.904,B,2,S5,1
88,63,6,77,54,46,"1,2,3",191268,57.38,B,2,S4,1
88,61,6,77,54,46,"1,2,3",191268,57.38,B,2,S5,1
88,150,14,75,64,44,"1,2,3",211200,63.36,B,2,S4,1
88,33,4,90,81,24,3,174960,52.488,B,2,S5,0
88,96,9,76,57,28,3,121296,36.389,B,2,S4,1
88,75,7,90,49,33,"2,3",145530,43.659,B,2,S4,1
88,133,13,98,58,53,"1,2,3",301252,90.376,B,2,S5,1
88,154,14,75,64,44,"1,2,3",211200,63.36,A,1,S2,1
88,107,11,55,45,39,"1,2,3",96525,28.957,A,1,S2,1
88,169,15,61,57,20,3,69540,20.862,A,1,S2,1
88,119,11,55,45,39,"1,2,3",96525,28.957,A,1,S3,1
88,115,11,55,45,39,"1,2,3",96525,28.957,B,2,S5,1
88,76,7,90,49,33,"2,3",145530,43.659,B,2,S4,1
88,57,6,77,54,46,"1,2,3",191268,57.38,B,2,S4,1
88,113,11,55,45,39,"1,2,3",96525,28.957,B,2,S4,1
88,126,12,115,78,29,3,260130,78.039,A,1,S1,0
88,44,5,84,52,38,"2,3",165984,49.795,C,3,S6,1
88,161,14,75,64,44,"1,2,3",211200,63.36,B,2,S5,1
88,18,3,92,80,38,3,279680,83.904,C,3,S6,1
88,105,10,102,38,27,"2,3",104652,31.396,C,3,S6,1
88,20,3,92,80,38,3,279680,83.904,C,3,S6,1
88,135,13,98,58,53,"1,2,3",301252,90.376,B,2,S4,1
88,167,15,61,57,20,3,69540,20.862,B,2,S4,0
88,31,4,90,81,24,3,174960,52.488,C,3,S6,1
88,30,3,92,80,38,3,279680,83.904,C,3,S6,1
88,118,11,55,45,39,"1,2,3",96525,28.957,C,3,S6,1
88,102,10,102,38,27,"2,3",104652,31.396,B,2,S5,1
88,138,13,98,58,53,"1,2,3",301252,90.376,B,2,S4,1
88,80,8,78,45,27,"2,3",94770,28.431,C,3,S6,1
88,74,7,90,49,33,"2,3",145530,43.659,C,3,S6,1
88,14,2,89,67,34,"2,3",202742,60.823,C,3,S6,1
88,110,11,55,45,39,"1,2,3",96525,28.957,C,3,S6,0
89,3,1,95,92,46,3,402040,120.612,B,2,S4,1
89,77,11,119,61,58,"2,3",421022,126.307,A,1,S1,1
89,76,11,119,61,58,"2,3",421022,126.307,B,2,S5,1
89,88,13,75,68,58,"1,2,3",295800,88.74,A,1,S3,1
89,36,6,109,92,78,"1,2,3",782184,234.655,A,1,S3,1
89,99,15,95,77,41,"2,3",299915,89.974,C,3,S6,1
89,28,4,71,65,52,"1,2,3",239980,71.994,C,3,S6,0
89,49,8,98,73,64,"1,2,3",457856,137.357,A,1,S1,1
89,83,12,89,55,45,"1,2,3",220275,66.082,A,1,S2,1
89,24,4,71,65,52,"1,2,3",239980,71.994,A,1,S3,1
89,90,13,75,68,58,"1,2,3",295800,88.74,A,1,S2,1
89,84,13,75,68,58,"1,2,3",295800,88.74,A,1,S3,1
89,8,2,65,60,40,"1,2,3",156000,46.8,A,1,S3,1
89,75,11,119,61,58,"2,3",421022,126.307,B,2,S4,1
89,62,9,44,44,40,"1,2,3",77440,23.232,B,2,S4,1
89,66,9,44,44,40,"1,2,3",77440,23.232,A,1,S2,1
89,93,14,43,37,30,"1,2,3",47730,14.319,A,1,S3,0
89,18,3,103,62,59,"1,2,3",376774,113.032,C,3,S6,1
89,98,15,95,77,41,"2,3",299915,89.974,C,3,S6,1
89,68,10,70,69,35,"2,3",169050,50.715,B,2,S5,1
89,10,2,65,60,40,"1,2,3",156000,46.8,B,2,S4,1
89,100,15,95,77,41,"2,3",299915,89.974,B,2,S4,0
89,48,8,98,73,64,"1,2,3",457856,137.357,A,1,S1,0
89,80,12,89,55,45,"1,2,3",220275,66.082,A,1,S3,1
89,37,6,109,92,78,"1,2,3",782184,234.655,B,2,S4,1
89,39,6,109,92,78,"1,2,3",782184,234.655,A,1,S1,1
89,20,3,103,62,59,"1,2,3",376774,113.032,B,2,S5,1
89,5,2,65,60,40,"1,2,3",156000,46.8,B,2,S4,1
89,61,9,44,44,40,"1,2,3",77440,23.232,A,1,S2,1
89,74,11,119,61,58,"2,3",421022,126.307,A,1,S3,1
89,67,10,70,69,35,"2,3",169050,50.715,C,3,S6,1
89,12,3,103,62,59,"1,2,3",376774,113.032,B,2,S4,1
89,11,2,65,60,40,"1,2,3",156000,46.8,B,2,S4,0
89,21,4,71,65,52,"1,2,3",239980,71.994,B,2,S4,1
89,65,9,44,44,40,"1,2,3",77440,23.232,B,2,S5,1
89,33,5,119,87,28,3,289884,86.965,A,1,S2,1
89,73,11,119,61,58,"2,3",421022,126.307,A,1,S3,1
89,44,7,58,54,35,"1,2,3",109620,32.886,A,1,S3,1
89,94,14,43,37,30,"1,2,3",47730,14.319,A,1,S3,1
89,13,3,103,62,59,"1,2,3",376774,113.032,B,2,S4,1
89,26,4,71,65,52,"1,2,3",239980,71.994,B,2,S4,1
89,46,8,98,73,64,"1,2,3",457856,137.357,A,1,S3,1
89,40,6,109,92,78,"1,2,3",782184,234.655,A,1,S1,1
89,52,8,98,73,64,"1,2,3",457856,137.357,B,2,S4,1
89,86,13,75,68,58,"1,2,3",295800,88.74,C,3,S6,1
89,79,11,119,61,58,"2,3",421022,126.307,C,3,S6,1
89,9,2,65,60,40,"1,2,3",156000,46.8,C,3,S6,1
89,64,9,44,44,40,"1,2,3",77440,23.232,B,2,S5,1
89,6,2,65,60,40,"1,2,3",156000,46.8,B,2,S5,1
89,59,9,44,44,40,"1,2,3",77440,23.232,B,2,S4,1
89,54,8,98,73,64,"1,2,3",457856,137.357,B,2,S4,1
89,4,1,95,92,46,3,402040,120.612,B,2,S5,1
89,96,14,43,37,30,"1,2,3",47730,14.319,C,3,S6,1
89,70,10,70,69,35,"2,3",169050,50.715,A,1,S3,1
89,53,8,98,73,64,"1,2,3",457856,137.357,A,1,S2,1
89,27,4,71,65,52,"1,2,3",239980,71.994,A,1,S1,1
89,29,5,119,87,28,3,289884,86.965,A,1,S2,1
89,23,4,71,65,52,"1,2,3",239980,71.994,B,2,S5,1
89,85,13,75,68,58,"1,2,3",295800,88.74,B,2,S5,1
89,22,4,71,65,52,"1,2,3",239980,71.994,B,2,S5,0
89,31,5,119,87,28,3,289884,86.965,B,2,S4,1
89,25,4,71,65,52,"1,2,3",239980,71.994,B,2,S4,1
89,55,9,44,44,40,"1,2,3",77440,23.232,B,2,S4,0
89,17,3,103,62,59,"1,2,3",376774,113.032,B,2,S5,0
89,60,9,44,44,40,"1,2,3",77440,23.232,C,3,S6,1
89,69,10,70,69,35,"2,3",169050,50.715,C,3,S6,1
89,7,2,65,60,40,"1,2,3",156000,46.8,B,2,S4,1
89,35,6,109,92,78,"1,2,3",782184,234.655,B,2,S5,1
89,30,5,119,87,28,3,289884,86.965,A,1,S1,1
89,38,6,109,92,78,"1,2,3",782184,234.655,A,1,S3,1
89,87,13,75,68,58,"1,2,3",295800,88.74,A,1,S3,1
89,56,9,44,44,40,"1,2,3",77440,23.232,A,1,S3,1
89,14,3,103,62,59,"1,2,3",376774,113.032,C,3,S6,1
89,51,8,98,73,64,"1,2,3",457856,137.357,C,3,S6,1
89,92,14,43,37,30,"1,2,3",47730,14.319,B,2,S5,1
89,1,1,95,92,46,3,402040,120.612,A,1,S1,1
89,42,7,58,54,35,"1,2,3",109620,32.886,A,1,S3,1
89,43,7,58,54,35,"1,2,3",109620,32.886,B,2,S4,0
89,97,15,95,77,41,"2,3",299915,89.974,B,2,S4,1
89,16,3,103,62,59,"1,2,3",376774,113.032,C,3,S6,1
89,32,5,119,87,28,3,289884,86.965,C,3,S6,1
89,45,8,98,73,64,"1,2,3",457856,137.357,A,1,S1,1
89,47,8,98,73,64,"1,2,3",457856,137.357,A,1,S1,1
89,82,12,89,55,45,"1,2,3",220275,66.082,A,1,S1,1
89,19,3,103,62,59,"1,2,3",376774,113.032,A,1,S2,1
89,78,11,119,61,58,"2,3",421022,126.307,A,1,S3,1
89,15,3,103,62,59,"1,2,3",376774,113.032,C,3,S6,1
89,2,1,95,92,46,3,402040,120.612,B,2,S4,1
89,91,13,75,68,58,"1,2,3",295800,88.74,C,3,S6,1
89,63,9,44,44,40,"1,2,3",77440,23.232,C,3,S6,1
89,34,5,119,87,28,3,289884,86.965,C,3,S6,1
89,95,14,43,37,30,"1,2,3",47730,14.319,A,1,S3,0
89,50,8,98,73,64,"1,2,3",457856,137.357,A,1,S1,1
89,72,10,70,69,35,"2,3",169050,50.715,A,1,S3,1
89,89,13,75,68,58,"1,2,3",295800,88.74,C,3,S6,1
89,41,6,109,92,78,"1,2,3",782184,234.655,C,3,S6,1
89,58,9,44,44,40,"1,2,3",77440,23.232,C,3,S6,1
89,81,12,89,55,45,"1,2,3",220275,66.082,C,3,S6,1
89,71,10,70,69,35,"2,3",169050,50.715,C,3,S6,1
89,57,9,44,44,40,"1,2,3",77440,23.232,C,3,S6,1
90,1,1,91,52,33,"2,3",156156,46.847,C,3,S6,1
90,73,12,85,62,25,3,131750,39.525,B,2,S5,1
90,82,14,101,87,77,"1,2,3",676599,202.98,C,3,S6,1
90,48,9,96,60,30,3,172800,51.84,C,3,S6,1
90,50,9,96,60,30,3,172800,51.84,B,2,S5,1
90,75,12,85,62,25,3,131750,39.525,B,2,S5,1
90,17,3,113,79,45,"2,3",401715,120.514,C,3,S6,1
90,61,11,93,78,77,"1,2,3",558558,167.567,A,1,S1,1
90,34,5,110,90,66,"1,2,3",653400,196.02,B,2,S4,1
90,9,2,87,81,63,"1,2,3",443961,133.188,C,3,S6,1
90,81,14,101,87,77,"1,2,3",676599,202.98,A,1,S3,1
90,4,1,91,52,33,"2,3",156156,46.847,A,1,S2,1
90,18,3,113,79,45,"2,3",401715,120.514,A,1,S1,1
90,52,9,96,60,30,3,172800,51.84,A,1,S1,1
90,13,3,113,79,45,"2,3",401715,120.514,A,1,S3,1
90,78,14,101,87,77,"1,2,3",676599,202.98,A,1,S3,1
90,38,7,108,67,37,"2,3",267732,80.32,B,2,S5,1
90,16,3,113,79,45,"2,3",401715,120.514,B,2,S4,0
90,70,12,85,62,25,3,131750,39.525,B,2,S4,1
90,66,11,93,78,77,"1,2,3",558558,167.567,B,2,S5,1
90,22,4,114,52,45,"2,3",266760,80.028,A,1,S2,1
90,10,2,87,81,63,"1,2,3",443961,133.188,B,2,S5,1
90,80,14,101,87,77,"1,2,3",676599,202.98,A,1,S3,1
90,31,5,110,90,66,"1,2,3",653400,196.02,A,1,S1,1
90,2,1,91,52,33,"2,3",156156,46.847,C,3,S6,1
90,29,5,110,90,66,"1,2,3",653400,196.02,B,2,S5,1
90,33,5,110,90,66,"1,2,3",653400,196.02,B,2,S4,1
90,41,8,118,82,57,"2,3",551532,165.46,B,2,S5,1
90,43,8,118,82,57,"2,3",551532,165.46,C,3,S6,1
90,6,1,91,52,33,"2,3",156156,46.847,C,3,S6,1
90,49,9,96,60,30,3,172800,51.84,B,2,S5,0
90,5,1,91,52,33,"2,3",156156,46.847,B,2,S5,1
90,47,8,118,82,57,"2,3",551532,165.46,A,1,S1,1
90,39,7,108,67,37,"2,3",267732,80.32,A,1,S2,1
90,57,10,43,42,36,"1,2,3",65016,19.505,A,1,S1,1
90,26,4,114,52,45,"2,3",266760,80.028,C,3,S6,1
90,79,14,101,87,77,"1,2,3",676599,202.98,A,1,S3,1
90,53,9,96,60,30,3,172800,51.84,B,2,S4,1
90,36,6,81,41,31,"2,3",102951,30.885,B,2,S5,1
90,63,11,93,78,77,"1,2,3",558558,167.567,C,3,S6,1
90,37,7,108,67,37,"2,3",267732,80.32,A,1,S2,1
90,65,11,93,78,77,"1,2,3",558558,167.567,A,1,S2,0
90,76,13,93,83,30,3,231570,69.471,A,1,S1,0
90,45,8,118,82,57,"2,3",551532,165.46,B,2,S5,1
90,14,3,113,79,45,"2,3",401715,120.514,B,2,S5,1
90,62,11,93,78,77,"1,2,3",558558,167.567,B,2,S4,1
90,51,9,96,60,30,3,172800,51.84,B,2,S5,1
90,67,12,85,62,25,3,131750,39.525,B,2,S4,1
90,19,3,113,79,45,"2,3",401715,120.514,C,3,S6,1
90,32,5,110,90,66,"1,2,3",653400,196.02,C,3,S6,1
90,11,2,87,81,63,"1,2,3",443961,133.188,B,2,S4,0
90,71,12,85,62,25,3,131750,39.525,B,2,S4,1
90,12,2,87,81,63,"1,2,3",443961,133.188,A,1,S2,1
90,69,12,85,62,25,3,131750,39.525,C,3,S6,1
90,40,8,118,82,57,"2,3",551532,165.46,C,3,S6,1
90,35,6,81,41,31,"2,3",102951,30.885,B,2,S5,1
90,54,9,96,60,30,3,172800,51.84,B,2,S4,1
90,84,15,112,72,56,"2,3",451584,135.475,B,2,S5,1
90,68,12,85,62,25,3,131750,39.525,B,2,S5,1
90,25,4,114,52,45,"2,3",266760,80.028,B,2,S5,1
90,30,5,110,90,66,"1,2,3",653400,196.02,C,3,S6,1
90,7,1,91,52,33,"2,3",156156,46.847,B,2,S4,1
90,83,14,101,87,77,"1,2,3",676599,202.98,B,2,S5,1
90,21,4,114,52,45,"2,3",266760,80.028,A,1,S2,1
90,24,4,114,52,45,"2,3",266760,80.028,C,3,S6,1
90,3,1,91,52,33,"2,3",156156,46.847,C,3,S6,1
90,27,4,114,52,45,"2,3",266760,80.028,C,3,S6,1
90,74,12,85,62,25,3,131750,39.525,C,3,S6,1
90,55,10,43,42,36,"1,2,3",65016,19.505,A,1,S2,1
90,64,11,93,78,77,"1,2,3",558558,167.567,A,1,S3,1
90,72,12,85,62,25,3,131750,39.525,C,3,S6,1
90,8,2,87,81,63,"1,2,3",443961,133.188,C,3,S6,1
90,60,10,43,42,36,"1,2,3",65016,19.505,A,1,S2,1
90,28,4,114,52,45,"2,3",266760,80.028,A,1,S3,1
90,56,10,43,42,36,"1,2,3",65016,19.505,A,1,S3,1
90,20,3,113,79,45,"2,3",401715,120.514,A,1,S3,0
90,15,3,113,79,45,"2,3",401715,120.514,A,1,S2,1
90,46,8,118,82,57,"2,3",551532,165.46,A,1,S3,1
90,42,8,118,82,57,"2,3",551532,165.46,A,1,S1,1
90,58,10,43,42,36,"1,2,3",65016,19.505,A,1,S2,1
90,44,8,118,82,57,"2,3",551532,165.46,A,1,S1,1
90,85,15,112,72,56,"2,3",451584,135.475,A,1,S3,0
90,23,4,114,52,45,"2,3",266760,80.028,A,1,S3,0
90,59,10,43,42,36,"1,2,3",65016,19.505,A,1,S1,1
90,77,14,101,87,77,"1,2,3",676599,202.98,A,1,S2,1
91,55,9,93,76,60,"1,2,3",424080,127.224,B,2,S4,0
91,30,4,85,33,26,"2,3",72930,21.879,B,2,S4,1
91,26,4,85,33,26,"2,3",72930,21.879,A,1,S3,1
91,53,8,47,42,25,"1,2,3",49350,14.805,A,1,S3,1
91,114,14,68,63,60,"1,2,3",257040,77.112,A,1,S1,1
91,83,11,97,66,32,3,204864,61.459,C,3,S6,1
91,49,8,47,42,25,"1,2,3",49350,14.805,C,3,S6,1
91,25,4,85,33,26,"2,3",72930,21.879,A,1,S1,1
91,9,2,61,37,32,"1,2,3",72224,21.667,A,1,S2,1
91,103,13,98,53,47,"2,3",244118,73.235,A,1,S1,1
91,82,11,97,66,32,3,204864,61.459,B,2,S4,1
91,115,14,68,63,60,"1,2,3",257040,77.112,C,3,S6,1
91,79,11,97,66,32,3,204864,61.459,A,1,S2,1
91,35,5,101,94,42,3,398748,119.624,C,3,S6,1
91,1,1,86,65,57,"1,2,3",318630,95.589,C,3,S6,1
91,39,6,65,53,46,"1,2,3",158470,47.541,A,1,S3,1
91,21,3,39,33,27,"1,2,3",34749,10.425,C,3,S6,1
91,89,12,116,78,37,3,334776,100.433,C,3,S6,1
91,62,9,93,76,60,"1,2,3",424080,127.224,C,3,S6,1
91,52,8,47,42,25,"1,2,3",49350,14.805,B,2,S5,1
91,69,10,95,74,51,"1,2,3",358530,107.559,B,2,S5,0
91,10,2,61,37,32,"1,2,3",72224,21.667,B,2,S4,1
91,12,2,61,37,32,"1,2,3",72224,21.667,A,1,S3,1
91,77,11,97,66,32,3,204864,61.459,A,1,S3,0
91,14,2,61,37,32,"1,2,3",72224,21.667,C,3,S6,1
91,71,10,95,74,51,"1,2,3",358530,107.559,C,3,S6,1
91,60,9,93,76,60,"1,2,3",424080,127.224,C,3,S6,1
91,42,7,76,72,39,"1,2,3",213408,64.022,C,3,S6,1
91,20,3,39,33,27,"1,2,3",34749,10.425,B,2,S4,1
91,91,12,116,78,37,3,334776,100.433,B,2,S4,1
91,28,4,85,33,26,"2,3",72930,21.879,C,3,S6,1
91,50,8,47,42,25,"1,2,3",49350,14.805,C,3,S6,1
91,47,8,47,42,25,"1,2,3",49350,14.805,A,1,S3,1
91,58,9,93,76,60,"1,2,3",424080,127.224,A,1,S3,0
91,119,15,93,91,68,"1,2,3",575484,172.645,A,1,S3,1
91,51,8,47,42,25,"1,2,3",49350,14.805,A,1,S2,1
91,96,13,98,53,47,"2,3",244118,73.235,A,1,S3,1
91,88,12,116,78,37,3,334776,100.433,A,1,S1,1
91,87,12,116,78,37,3,334776,100.433,A,1,S1,1
91,8,2,61,37,32,"1,2,3",72224,21.667,A,1,S1,1
91,34,5,101,94,42,3,398748,119.624,B,2,S5,1
91,123,15,93,91,68,"1,2,3",575484,172.645,B,2,S4,0
91,99,13,98,53,47,"2,3",244118,73.235,B,2,S4,1
91,45,7,76,72,39,"1,2,3",213408,64.022,B,2,S5,1
91,93,13,98,53,47,"2,3",244118,73.235,C,3,S6,1
91,32,5,101,94,42,3,398748,119.624,C,3,S6,1
91,73,10,95,74,51,"1,2,3",358530,107.559,C,3,S6,1
91,106,14,68,63,60,"1,2,3",257040,77.112,B,2,S5,1
91,94,13,98,53,47,"2,3",244118,73.235,A,1,S1,1
91,56,9,93,76,60,"1,2,3",424080,127.224,A,1,S1,1
91,11,2,61,37,32,"1,2,3",72224,21.667,A,1,S2,1
91,116,14,68,63,60,"1,2,3",257040,77.112,B,2,S5,1
91,68,10,95,74,51,"1,2,3",358530,107.559,A,1,S3,1
91,43,7,76,72,39,"1,2,3",213408,64.022,B,2,S4,0
91,48,8,47,42,25,"1,2,3",49350,14.805,B,2,S5,1
91,104,13,98,53,47,"2,3",244118,73.235,B,2,S4,1
91,97,13,98,53,47,"2,3",244118,73.235,B,2,S4,1
91,4,1,86,65,57,"1,2,3",318630,95.589,A,1,S1,1
91,59,9,93,76,60,"1,2,3",424080,127.224,A,1,S1,1
91,57,9,93,76,60,"1,2,3",424080,127.224,A,1,S3,1
91,108,14,68,63,60,"1,2,3",257040,77.112,A,1,S2,1
91,84,11,97,66,32,3,204864,61.459,A,1,S2,1
91,17,3,39,33,27,"1,2,3",34749,10.425,C,3,S6,0
91,27,4,85,33,26,"2,3",72930,21.879,C,3,S6,1
91,110,14,68,63,60,"1,2,3",257040,77.112,A,1,S2,1
91,112,14,68,63,60,"1,2,3",257040,77.112,A,1,S2,1
91,74,11,97,66,32,3,204864,61.459,A,1,S2,1
91,120,15,93,91,68,"1,2,3",575484,172.645,A,1,S1,1
91,75,11,97,66,32,3,204864,61.459,A,1,S1,1
91,29,4,85,33,26,"2,3",72930,21.879,B,2,S4,1
91,70,10,95,74,51,"1,2,3",358530,107.559,B,2,S4,1
91,16,3,39,33,27,"1,2,3",34749,10.425,C,3,S6,1
91,6,1,86,65,57,"1,2,3",318630,95.589,A,1,S2,1
91,64,10,95,74,51,"1,2,3",358530,107.559,A,1,S2,1
91,98,13,98,53,47,"2,3",244118,73.235,C,3,S6,1
91,36,5,101,94,42,3,398748,119.624,C,3,S6,1
91,18,3,39,33,27,"1,2,3",34749,10.425,C,3,S6,1
91,22,3,39,33,27,"1,2,3",34749,10.425,B,2,S5,1
91,90,12,116,78,37,3,334776,100.433,B,2,S5,1
91,102,13,98,53,47,"2,3",244118,73.235,B,2,S4,0
91,117,15,93,91,68,"1,2,3",575484,172.645,B,2,S4,1
91,81,11,97,66,32,3,204864,61.459,B,2,S4,1
91,2,1,86,65,57,"1,2,3",318630,95.589,B,2,S4,1
91,3,1,86,65,57,"1,2,3",318630,95.589,B,2,S4,1
91,122,15,93,91,68,"1,2,3",575484,172.645,B,2,S5,1
91,80,11,97,66,32,3,204864,61.459,C,3,S6,1
91,44,7,76,72,39,"1,2,3",213408,64.022,A,1,S2,1
91,86,12,116,78,37,3,334776,100.433,C,3,S6,1
91,118,15,93,91,68,"1,2,3",575484,172.645,C,3,S6,1
91,111,14,68,63,60,"1,2,3",257040,77.112,A,1,S1,1
91,5,1,86,65,57,"1,2,3",318630,95.589,A,1,S1,1
91,109,14,68,63,60,"1,2,3",257040,77.112,C,3,S6,1
91,61,9,93,76,60,"1,2,3",424080,127.224,A,1,S1,1
91,46,8,47,42,25,"1,2,3",49350,14.805,A,1,S1,1
91,76,11,97,66,32,3,204864,61.459,A,1,S2,1
91,33,5,101,94,42,3,398748,119.624,C,3,S6,1
91,54,8,47,42,25,"1,2,3",49350,14.805,B,2,S5,1
91,13,2,61,37,32,"1,2,3",72224,21.667,B,2,S5,1
91,72,10,95,74,51,"1,2,3",358530,107.559,B,2,S5,1
91,101,13,98,53,47,"2,3",244118,73.235,B,2,S4,1
91,100,13,98,53,47,"2,3",244118,73.235,B,2,S5,1
91,66,10,95,74,51,"1,2,3",358530,107.559,B,2,S4,1
91,63,10,95,74,51,"1,2,3",358530,107.559,B,2,S5,1
91,78,11,97,66,32,3,204864,61.459,B,2,S5,1
91,15,3,39,33,27,"1,2,3",34749,10.425,B,2,S4,0
91,41,7,76,72,39,"1,2,3",213408,64.022,B,2,S5,1
91,31,5,101,94,42,3,398748,119.624,B,2,S5,1
91,92,13,98,53,47,"2,3",244118,73.235,B,2,S4,1
91,105,13,98,53,47,"2,3",244118,73.235,B,2,S5,1
91,85,11,97,66,32,3,204864,61.459,B,2,S4,1
91,38,6,65,53,46,"1,2,3",158470,47.541,C,3,S6,0
91,67,10,95,74,51,"1,2,3",358530,107.559,C,3,S6,1
91,37,6,65,53,46,"1,2,3",158470,47.541,A,1,S1,1
91,40,7,76,72,39,"1,2,3",213408,64.022,A,1,S1,1
91,121,15,93,91,68,"1,2,3",575484,172.645,B,2,S4,1
91,113,14,68,63,60,"1,2,3",257040,77.112,C,3,S6,1
91,24,4,85,33,26,"2,3",72930,21.879,A,1,S1,1
91,19,3,39,33,27,"1,2,3",34749,10.425,A,1,S2,0
91,65,10,95,74,51,"1,2,3",358530,107.559,A,1,S1,1
91,107,14,68,63,60,"1,2,3",257040,77.112,A,1,S2,1
91,7,2,61,37,32,"1,2,3",72224,21.667,A,1,S1,1
91,95,13,98,53,47,"2,3",244118,73.235,A,1,S2,1
91,23,4,85,33,26,"2,3",72930,21.879,A,1,S1,0
92,101,13,113,89,63,"1,2,3",633591,190.077,A,1,S1,1
92,74,10,62,59,46,"1,2,3",168268,50.48,A,1,S1,1
92,22,3,86,60,43,"2,3",221880,66.564,B,2,S5,1
92,30,4,90,67,57,"1,2,3",343710,103.113,B,2,S5,1
92,80,10,62,59,46,"1,2,3",168268,50.48,C,3,S6,1
92,6,1,96,82,63,"1,2,3",495936,148.781,A,1,S3,1
92,98,13,113,89,63,"1,2,3",633591,190.077,A,1,S2,1
92,105,14,49,36,33,"1,2,3",58212,17.464,C,3,S6,1
92,7,1,96,82,63,"1,2,3",495936,148.781,C,3,S6,1
92,5,1,96,82,63,"1,2,3",495936,148.781,C,3,S6,1
92,93,12,55,48,33,"1,2,3",87120,26.136,C,3,S6,0
92,102,14,49,36,33,"1,2,3",58212,17.464,C,3,S6,1
92,16,3,86,60,43,"2,3",221880,66.564,A,1,S1,1
92,10,2,74,63,59,"1,2,3",275058,82.517,A,1,S1,1
92,51,7,86,41,35,"2,3",123410,37.023,A,1,S2,1
92,52,7,86,41,35,"2,3",123410,37.023,A,1,S1,1
92,27,4,90,67,57,"1,2,3",343710,103.113,A,1,S3,0
92,110,15,71,63,54,"1,2,3",241542,72.463,B,2,S4,1
92,63,8,67,44,26,"2,3",76648,22.994,B,2,S4,1
92,37,5,97,91,80,"1,2,3",706160,211.848,B,2,S4,1
92,15,3,86,60,43,"2,3",221880,66.564,B,2,S4,1
92,106,14,49,36,33,"1,2,3",58212,17.464,B,2,S4,1
92,18,3,86,60,43,"2,3",221880,66.564,A,1,S3,1
92,96,13,113,89,63,"1,2,3",633591,190.077,A,1,S2,1
92,35,5,97,91,80,"1,2,3",706160,211.848,A,1,S2,1
92,67,9,115,79,31,3,281635,84.491,C,3,S6,1
92,56,7,86,41,35,"2,3",123410,37.023,C,3,S6,1
92,43,6,116,61,28,3,198128,59.438,C,3,S6,0
92,53,7,86,41,35,"2,3",123410,37.023,C,3,S6,1
92,2,1,96,82,63,"1,2,3",495936,148.781,C,3,S6,1
92,86,12,55,48,33,"1,2,3",87120,26.136,C,3,S6,0
92,39,6,116,61,28,3,198128,59.438,C,3,S6,1
92,104,14,49,36,33,"1,2,3",58212,17.464,C,3,S6,1
92,84,11,49,41,39,"1,2,3",78351,23.505,C,3,S6,1
92,90,12,55,48,33,"1,2,3",87120,26.136,A,1,S1,1
92,40,6,116,61,28,3,198128,59.438,B,2,S4,1
92,111,15,71,63,54,"1,2,3",241542,72.463,B,2,S4,1
92,72,9,115,79,31,3,281635,84.491,B,2,S5,1
92,75,10,62,59,46,"1,2,3",168268,50.48,C,3,S6,1
92,49,7,86,41,35,"2,3",123410,37.023,C,3,S6,0
92,32,4,90,67,57,"1,2,3",343710,103.113,C,3,S6,1
92,57,7,86,41,35,"2,3",123410,37.023,C,3,S6,1
92,17,3,86,60,43,"2,3",221880,66.564,C,3,S6,1
92,97,13,113,89,63,"1,2,3",633591,190.077,B,2,S5,1
92,26,4,90,67,57,"1,2,3",343710,103.113,B,2,S5,0
92,21,3,86,60,43,"2,3",221880,66.564,B,2,S5,1
92,92,12,55,48,33,"1,2,3",87120,26.136,B,2,S4,1
92,59,8,67,44,26,"2,3",76648,22.994,B,2,S5,1
92,64,9,115,79,31,3,281635,84.491,C,3,S6,1
92,25,4,90,67,57,"1,2,3",343710,103.113,A,1,S3,1
92,14,2,74,63,59,"1,2,3",275058,82.517,B,2,S4,1
92,20,3,86,60,43,"2,3",221880,66.564,B,2,S5,1
92,50,7,86,41,35,"2,3",123410,37.023,B,2,S5,1
92,61,8,67,44,26,"2,3",76648,22.994,B,2,S4,1
92,89,12,55,48,33,"1,2,3",87120,26.136,C,3,S6,1
92,70,9,115,79,31,3,281635,84.491,C,3,S6,0
92,38,5,97,91,80,"1,2,3",706160,211.848,B,2,S5,0
92,100,13,113,89,63,"1,2,3",633591,190.077,B,2,S4,1
92,11,2,74,63,59,"1,2,3",275058,82.517,B,2,S5,1
92,19,3,86,60,43,"2,3",221880,66.564,C,3,S6,1
92,47,7,86,41,35,"2,3",123410,37.023,A,1,S3,0
92,23,3,86,60,43,"2,3",221880,66.564,C,3,S6,1
92,9,2,74,63,59,"1,2,3",275058,82.517,C,3,S6,1
92,69,9,115,79,31,3,281635,84.491,C,3,S6,1
92,62,8,67,44,26,"2,3",76648,22.994,C,3,S6,1
92,77,10,62,59,46,"1,2,3",168268,50.48,A,1,S3,1
92,76,10,62,59,46,"1,2,3",168268,50.48,B,2,S5,0
92,58,7,86,41,35,"2,3",123410,37.023,B,2,S5,1
92,83,11,49,41,39,"1,2,3",78351,23.505,B,2,S5,1
92,42,6,116,61,28,3,198128,59.438,B,2,S5,1
92,91,12,55,48,33,"1,2,3",87120,26.136,A,1,S2,1
92,55,7,86,41,35,"2,3",123410,37.023,B,2,S4,1
92,29,4,90,67,57,"1,2,3",343710,103.113,B,2,S4,1
92,65,9,115,79,31,3,281635,84.491,B,2,S5,1
92,46,6,116,61,28,3,198128,59.438,B,2,S4,1
92,114,15,71,63,54,"1,2,3",241542,72.463,A,1,S2,0
92,81,10,62,59,46,"1,2,3",168268,50.48,B,2,S4,1
92,113,15,71,63,54,"1,2,3",241542,72.463,A,1,S2,1
92,112,15,71,63,54,"1,2,3",241542,72.463,A,1,S1,1
92,66,9,115,79,31,3,281635,84.491,A,1,S2,1
92,85,11,49,41,39,"1,2,3",78351,23.505,A,1,S3,1
92,4,1,96,82,63,"1,2,3",495936,148.781,B,2,S4,1
92,71,9,115,79,31,3,281635,84.491,A,1,S3,1
92,54,7,86,41,35,"2,3",123410,37.023,A,1,S1,1
92,68,9,115,79,31,3,281635,84.491,A,1,S3,1
92,8,2,74,63,59,"1,2,3",275058,82.517,A,1,S2,1
92,79,10,62,59,46,"1,2,3",168268,50.48,A,1,S1,1
92,60,8,67,44,26,"2,3",76648,22.994,A,1,S1,1
92,103,14,49,36,33,"1,2,3",58212,17.464,B,2,S4,1
92,28,4,90,67,57,"1,2,3",343710,103.113,B,2,S5,1
92,34,5,97,91,80,"1,2,3",706160,211.848,A,1,S2,1
92,87,12,55,48,33,"1,2,3",87120,26.136,A,1,S2,1
92,3,1,96,82,63,"1,2,3",495936,148.781,A,1,S2,1
92,45,6,116,61,28,3,198128,59.438,A,1,S2,1
92,107,14,49,36,33,"1,2,3",58212,17.464,B,2,S5,1
92,1,1,96,82,63,"1,2,3",495936,148.781,B,2,S4,1
92,33,5,97,91,80,"1,2,3",706160,211.848,B,2,S5,1
92,108,14,49,36,33,"1,2,3",58212,17.464,A,1,S2,1
92,36,5,97,91,80,"1,2,3",706160,211.848,A,1,S3,1
92,41,6,116,61,28,3,198128,59.438,B,2,S5,1
92,88,12,55,48,33,"1,2,3",87120,26.136,A,1,S2,1
92,94,13,113,89,63,"1,2,3",633591,190.077,B,2,S5,1
92,82,11,49,41,39,"1,2,3",78351,23.505,B,2,S5,1
92,95,13,113,89,63,"1,2,3",633591,190.077,A,1,S3,1
92,99,13,113,89,63,"1,2,3",633591,190.077,A,1,S2,1
92,13,2,74,63,59,"1,2,3",275058,82.517,A,1,S3,1
92,12,2,74,63,59,"1,2,3",275058,82.517,A,1,S1,1
92,24,3,86,60,43,"2,3",221880,66.564,A,1,S1,1
92,48,7,86,41,35,"2,3",123410,37.023,A,1,S3,1
92,78,10,62,59,46,"1,2,3",168268,50.48,A,1,S1,1
92,73,10,62,59,46,"1,2,3",168268,50.48,A,1,S3,1
92,31,4,90,67,57,"1,2,3",343710,103.113,A,1,S1,1
92,44,6,116,61,28,3,198128,59.438,A,1,S1,1
92,109,15,71,63,54,"1,2,3",241542,72.463,A,1,S3,1
93,67,12,86,60,50,"1,2,3",258000,77.4,A,1,S3,1
93,75,13,80,49,37,"2,3",145040,43.512,B,2,S5,1
93,69,12,86,60,50,"1,2,3",258000,77.4,A,1,S1,1
93,21,4,119,71,47,"2,3",397103,119.131,A,1,S2,1
93,46,9,80,66,47,"1,2,3",248160,74.448,B,2,S5,0
93,37,7,95,90,43,3,367650,110.295,C,3,S6,1
93,34,6,88,76,52,"1,2,3",347776,104.333,A,1,S3,1
93,40,7,95,90,43,3,367650,110.295,A,1,S3,1
93,8,2,115,90,58,"1,2,3",600300,180.09,A,1,S1,1
93,54,10,120,78,67,"1,2,3",627120,188.136,A,1,S3,1
93,36,6,88,76,52,"1,2,3",347776,104.333,A,1,S3,1
93,78,14,94,83,36,3,280872,84.262,A,1,S2,1
93,1,1,78,69,37,"2,3",199134,59.74,A,1,S3,1
93,64,12,86,60,50,"1,2,3",258000,77.4,A,1,S2,1
93,35,6,88,76,52,"1,2,3",347776,104.333,A,1,S3,1
93,11,2,115,90,58,"1,2,3",600300,180.09,B,2,S5,1
93,86,15,92,59,51,"1,2,3",276828,83.048,C,3,S6,1
93,61,11,103,65,60,"1,2,3",401700,120.51,C,3,S6,0
93,72,13,80,49,37,"2,3",145040,43.512,C,3,S6,1
93,14,2,115,90,58,"1,2,3",600300,180.09,C,3,S6,0
93,3,1,78,69,37,"2,3",199134,59.74,C,3,S6,1
93,76,14,94,83,36,3,280872,84.262,B,2,S4,1
93,66,12,86,60,50,"1,2,3",258000,77.4,B,2,S4,1
93,44,8,87,72,62,"1,2,3",388368,116.51,B,2,S4,1
93,32,6,88,76,52,"1,2,3",347776,104.333,B,2,S4,1
93,41,8,87,72,62,"1,2,3",388368,116.51,A,1,S1,1
93,10,2,115,90,58,"1,2,3",600300,180.09,C,3,S6,1
93,50,9,80,66,47,"1,2,3",248160,74.448,B,2,S5,1
93,62,12,86,60,50,"1,2,3",258000,77.4,B,2,S5,1
93,13,2,115,90,58,"1,2,3",600300,180.09,B,2,S5,1
93,24,4,119,71,47,"2,3",397103,119.131,B,2,S4,1
93,17,3,68,53,20,3,72080,21.624,B,2,S4,1
93,71,13,80,49,37,"2,3",145040,43.512,B,2,S5,0
93,70,12,86,60,50,"1,2,3",258000,77.4,B,2,S4,1
93,47,9,80,66,47,"1,2,3",248160,74.448,B,2,S4,1
93,9,2,115,90,58,"1,2,3",600300,180.09,C,3,S6,1
93,74,13,80,49,37,"2,3",145040,43.512,C,3,S6,1
93,28,5,100,82,57,"1,2,3",467400,140.22,B,2,S4,1
93,12,2,115,90,58,"1,2,3",600300,180.09,B,2,S4,1
93,57,11,103,65,60,"1,2,3",401700,120.51,B,2,S5,0
93,56,11,103,65,60,"1,2,3",401700,120.51,B,2,S4,1
93,81,14,94,83,36,3,280872,84.262,B,2,S4,1
93,83,15,92,59,51,"1,2,3",276828,83.048,B,2,S4,1
93,31,6,88,76,52,"1,2,3",347776,104.333,C,3,S6,1
93,33,6,88,76,52,"1,2,3",347776,104.333,A,1,S3,1
93,39,7,95,90,43,3,367650,110.295,B,2,S4,1
93,84,15,92,59,51,"1,2,3",276828,83.048,B,2,S5,1
93,65,12,86,60,50,"1,2,3",258000,77.4,A,1,S1,1
93,30,6,88,76,52,"1,2,3",347776,104.333,A,1,S1,1
93,4,1,78,69,37,"2,3",199134,59.74,A,1,S3,1
93,60,11,103,65,60,"1,2,3",401700,120.51,B,2,S4,1
93,55,10,120,78,67,"1,2,3",627120,188.136,C,3,S6,0
93,16,3,68,53,20,3,72080,21.624,A,1,S2,1
93,20,4,119,71,47,"2,3",397103,119.131,A,1,S2,1
93,6,2,115,90,58,"1,2,3",600300,180.09,A,1,S1,1
93,7,2,115,90,58,"1,2,3",600300,180.09,A,1,S1,1
93,42,8,87,72,62,"1,2,3",388368,116.51,B,2,S4,1
93,45,8,87,72,62,"1,2,3",388368,116.51,B,2,S5,0
93,15,3,68,53,20,3,72080,21.624,A,1,S3,1
93,48,9,80,66,47,"1,2,3",248160,74.448,C,3,S6,1
93,27,5,100,82,57,"1,2,3",467400,140.22,C,3,S6,1
93,82,15,92,59,51,"1,2,3",276828,83.048,B,2,S4,1
93,52,10,120,78,67,"1,2,3",627120,188.136,A,1,S3,1
93,77,14,94,83,36,3,280872,84.262,A,1,S3,1
93,22,4,119,71,47,"2,3",397103,119.131,A,1,S2,1
93,26,5,100,82,57,"1,2,3",467400,140.22,B,2,S5,0
93,79,14,94,83,36,3,280872,84.262,C,3,S6,1
93,23,4,119,71,47,"2,3",397103,119.131,C,3,S6,1
93,68,12,86,60,50,"1,2,3",258000,77.4,C,3,S6,1
93,80,14,94,83,36,3,280872,84.262,A,1,S1,1
93,25,5,100,82,57,"1,2,3",467400,140.22,A,1,S1,1
93,53,10,120,78,67,"1,2,3",627120,188.136,A,1,S1,1
93,58,11,103,65,60,"1,2,3",401700,120.51,A,1,S2,1
93,19,3,68,53,20,3,72080,21.624,A,1,S3,0
93,38,7,95,90,43,3,367650,110.295,A,1,S2,1
93,73,13,80,49,37,"2,3",145040,43.512,B,2,S5,1
93,51,10,120,78,67,"1,2,3",627120,188.136,B,2,S5,1
93,43,8,87,72,62,"1,2,3",388368,116.51,A,1,S3,1
93,49,9,80,66,47,"1,2,3",248160,74.448,A,1,S2,1
93,2,1,78,69,37,"2,3",199134,59.74,A,1,S2,1
93,85,15,92,59,51,"1,2,3",276828,83.048,C,3,S6,1
93,29,5,100,82,57,"1,2,3",467400,140.22,C,3,S6,1
93,63,12,86,60,50,"1,2,3",258000,77.4,C,3,S6,1
93,59,11,103,65,60,"1,2,3",401700,120.51,C,3,S6,1
93,18,3,68,53,20,3,72080,21.624,C,3,S6,1
93,5,1,78,69,37,"2,3",199134,59.74,C,3,S6,1
94,82,8,107,81,56,"1,2,3",485352,145.606,A,1,S2,0
94,106,11,79,76,20,3,120080,36.024,A,1,S3,1
94,97,10,88,75,50,"1,2,3",330000,99.0,B,2,S5,1
94,72,7,54,45,28,"1,2,3",68040,20.412,B,2,S4,1
94,20,3,64,51,41,"1,2,3",133824,40.147,B,2,S4,1
94,39,4,90,52,28,"2,3",131040,39.312,B,2,S4,1
94,84,8,107,81,56,"1,2,3",485352,145.606,C,3,S6,1
94,86,9,63,53,44,"1,2,3",146916,44.075,B,2,S4,1
94,19,3,64,51,41,"1,2,3",133824,40.147,A,1,S3,1
94,45,5,73,33,28,"2,3",67452,20.236,C,3,S6,1
94,85,9,63,53,44,"1,2,3",146916,44.075,B,2,S4,0
94,87,9,63,53,44,"1,2,3",146916,44.075,C,3,S6,0
94,117,12,116,71,66,"1,2,3",543576,163.073,C,3,S6,1
94,125,13,84,52,35,"2,3",152880,45.864,C,3,S6,1
94,116,12,116,71,66,"1,2,3",543576,163.073,A,1,S1,1
94,110,12,116,71,66,"1,2,3",543576,163.073,A,1,S2,0
94,33,4,90,52,28,"2,3",131040,39.312,A,1,S1,1
94,73,7,54,45,28,"1,2,3",68040,20.412,A,1,S3,1
94,75,7,54,45,28,"1,2,3",68040,20.412,A,1,S2,0
94,3,1,75,73,69,"1,2,3",377775,113.332,B,2,S4,1
94,74,7,54,45,28,"1,2,3",68040,20.412,B,2,S4,1
94,70,7,54,45,28,"1,2,3",68040,20.412,B,2,S5,1
94,35,4,90,52,28,"2,3",131040,39.312,B,2,S5,1
94,7,1,75,73,69,"1,2,3",377775,113.332,A,1,S1,1
94,93,9,63,53,44,"1,2,3",146916,44.075,B,2,S4,0
94,64,6,91,76,60,"1,2,3",414960,124.488,B,2,S5,1
94,65,7,54,45,28,"1,2,3",68040,20.412,B,2,S4,1
94,49,5,73,33,28,"2,3",67452,20.236,B,2,S4,1
94,36,4,90,52,28,"2,3",131040,39.312,B,2,S4,0
94,4,1,75,73,69,"1,2,3",377775,113.332,C,3,S6,1
94,50,5,73,33,28,"2,3",67452,20.236,C,3,S6,1
94,71,7,54,45,28,"1,2,3",68040,20.412,C,3,S6,1
94,30,3,64,51,41,"1,2,3",133824,40.147,A,1,S2,1
94,37,4,90,52,28,"2,3",131040,39.312,C,3,S6,1
94,81,8,107,81,56,"1,2,3",485352,145.606,A,1,S2,1
94,130,14,61,56,22,3,75152,22.546,C,3,S6,1
94,8,1,75,73,69,"1,2,3",377775,113.332,B,2,S4,1
94,108,11,79,76,20,3,120080,36.024,A,1,S3,0
94,55,6,91,76,60,"1,2,3",414960,124.488,C,3,S6,1
94,61,6,91,76,60,"1,2,3",414960,124.488,C,3,S6,1
94,131,14,61,56,22,3,75152,22.546,B,2,S4,1
94,9,1,75,73,69,"1,2,3",377775,113.332,C,3,S6,1
94,34,4,90,52,28,"2,3",131040,39.312,C,3,S6,1
94,6,1,75,73,69,"1,2,3",377775,113.332,B,2,S5,0
94,103,10,88,75,50,"1,2,3",330000,99.0,B,2,S5,1
94,24,3,64,51,41,"1,2,3",133824,40.147,B,2,S4,1
94,98,10,88,75,50,"1,2,3",330000,99.0,B,2,S4,1
94,58,6,91,76,60,"1,2,3",414960,124.488,C,3,S6,1
94,112,12,116,71,66,"1,2,3",543576,163.073,A,1,S1,1
94,16,2,66,56,40,"1,2,3",147840,44.352,C,3,S6,1
94,91,9,63,53,44,"1,2,3",146916,44.075,C,3,S6,1
94,83,8,107,81,56,"1,2,3",485352,145.606,C,3,S6,1
94,23,3,64,51,41,"1,2,3",133824,40.147,C,3,S6,1
94,99,10,88,75,50,"1,2,3",330000,99.0,C,3,S6,1
94,124,13,84,52,35,"2,3",152880,45.864,C,3,S6,1
94,89,9,63,53,44,"1,2,3",146916,44.075,C,3,S6,1
94,80,8,107,81,56,"1,2,3",485352,145.606,A,1,S3,1
94,128,13,84,52,35,"2,3",152880,45.864,A,1,S2,1
94,122,13,84,52,35,"2,3",152880,45.864,A,1,S1,1
94,114,12,116,71,66,"1,2,3",543576,163.073,A,1,S2,1
94,48,5,73,33,28,"2,3",67452,20.236,A,1,S2,1
94,51,5,73,33,28,"2,3",67452,20.236,A,1,S1,1
94,46,5,73,33,28,"2,3",67452,20.236,A,1,S3,1
94,18,3,64,51,41,"1,2,3",133824,40.147,A,1,S2,1
94,42,5,73,33,28,"2,3",67452,20.236,A,1,S3,1
94,31,4,90,52,28,"2,3",131040,39.312,A,1,S3,1
94,15,2,66,56,40,"1,2,3",147840,44.352,A,1,S2,0
94,135,15,54,53,31,"1,2,3",88722,26.617,B,2,S4,1
94,133,14,61,56,22,3,75152,22.546,B,2,S4,1
94,115,12,116,71,66,"1,2,3",543576,163.073,B,2,S4,1
94,90,9,63,53,44,"1,2,3",146916,44.075,B,2,S4,1
94,27,3,64,51,41,"1,2,3",133824,40.147,B,2,S5,1
94,127,13,84,52,35,"2,3",152880,45.864,A,1,S3,1
94,26,3,64,51,41,"1,2,3",133824,40.147,B,2,S4,1
94,76,7,54,45,28,"1,2,3",68040,20.412,B,2,S5,1
94,63,6,91,76,60,"1,2,3",414960,124.488,B,2,S5,1
94,11,2,66,56,40,"1,2,3",147840,44.352,B,2,S4,1
94,44,5,73,33,28,"2,3",67452,20.236,B,2,S5,1
94,101,10,88,75,50,"1,2,3",330000,99.0,A,1,S3,0
94,52,5,73,33,28,"2,3",67452,20.236,B,2,S5,1
94,105,11,79,76,20,3,120080,36.024,B,2,S4,1
94,104,10,88,75,50,"1,2,3",330000,99.0,B,2,S5,1
94,22,3,64,51,41,"1,2,3",133824,40.147,A,1,S2,1
94,29,3,64,51,41,"1,2,3",133824,40.147,A,1,S1,1
94,126,13,84,52,35,"2,3",152880,45.864,C,3,S6,1
94,102,10,88,75,50,"1,2,3",330000,99.0,B,2,S4,1
94,137,15,54,53,31,"1,2,3",88722,26.617,A,1,S2,1
94,118,12,116,71,66,"1,2,3",543576,163.073,A,1,S2,1
94,12,2,66,56,40,"1,2,3",147840,44.352,C,3,S6,1
94,77,7,54,45,28,"1,2,3",68040,20.412,B,2,S4,1
94,40,5,73,33,28,"2,3",67452,20.236,B,2,S5,1
94,94,9,63,53,44,"1,2,3",146916,44.075,B,2,S5,1
94,119,13,84,52,35,"2,3",152880,45.864,B,2,S5,1
94,111,12,116,71,66,"1,2,3",543576,163.073,B,2,S5,1
94,121,13,84,52,35,"2,3",152880,45.864,B,2,S4,1
94,107,11,79,76,20,3,120080,36.024,C,3,S6,1
94,41,5,73,33,28,"2,3",67452,20.236,A,1,S2,1
94,88,9,63,53,44,"1,2,3",146916,44.075,A,1,S3,1
94,129,13,84,52,35,"2,3",152880,45.864,A,1,S2,1
94,92,9,63,53,44,"1,2,3",146916,44.075,C,3,S6,1
94,134,14,61,56,22,3,75152,22.546,C,3,S6,1
94,67,7,54,45,28,"1,2,3",68040,20.412,C,3,S6,1
94,5,1,75,73,69,"1,2,3",377775,113.332,C,3,S6,1
94,66,7,54,45,28,"1,2,3",68040,20.412,C,3,S6,1
94,14,2,66,56,40,"1,2,3",147840,44.352,C,3,S6,0
94,2,1,75,73,69,"1,2,3",377775,113.332,A,1,S1,1
94,96,10,88,75,50,"1,2,3",330000,99.0,B,2,S4,1
94,54,6,91,76,60,"1,2,3",414960,124.488,C,3,S6,1
94,59,6,91,76,60,"1,2,3",414960,124.488,C,3,S6,1
94,47,5,73,33,28,"2,3",67452,20.236,C,3,S6,1
94,95,9,63,53,44,"1,2,3",146916,44.075,B,2,S5,1
94,60,6,91,76,60,"1,2,3",414960,124.488,B,2,S4,1
94,10,2,66,56,40,"1,2,3",147840,44.352,B,2,S5,1
94,68,7,54,45,28,"1,2,3",68040,20.412,A,1,S3,1
94,109,11,79,76,20,3,120080,36.024,B,2,S4,1
94,120,13,84,52,35,"2,3",152880,45.864,B,2,S4,0
94,1,1,75,73,69,"1,2,3",377775,113.332,B,2,S4,1
94,43,5,73,33,28,"2,3",67452,20.236,A,1,S1,1
94,53,5,73,33,28,"2,3",67452,20.236,A,1,S3,1
94,13,2,66,56,40,"1,2,3",147840,44.352,A,1,S2,1
94,17,2,66,56,40,"1,2,3",147840,44.352,A,1,S3,1
94,78,8,107,81,56,"1,2,3",485352,145.606,A,1,S2,1
94,113,12,116,71,66,"1,2,3",543576,163.073,A,1,S1,1
94,62,6,91,76,60,"1,2,3",414960,124.488,A,1,S3,1
94,69,7,54,45,28,"1,2,3",68040,20.412,A,1,S2,1
94,79,8,107,81,56,"1,2,3",485352,145.606,A,1,S2,1
94,132,14,61,56,22,3,75152,22.546,A,1,S2,1
94,138,15,54,53,31,"1,2,3",88722,26.617,A,1,S1,1
94,57,6,91,76,60,"1,2,3",414960,124.488,A,1,S2,1
94,25,3,64,51,41,"1,2,3",133824,40.147,A,1,S3,1
94,21,3,64,51,41,"1,2,3",133824,40.147,A,1,S2,1
94,123,13,84,52,35,"2,3",152880,45.864,A,1,S1,1
94,38,4,90,52,28,"2,3",131040,39.312,A,1,S1,1
94,136,15,54,53,31,"1,2,3",88722,26.617,A,1,S3,1
94,32,4,90,52,28,"2,3",131040,39.312,A,1,S1,1
94,56,6,91,76,60,"1,2,3",414960,124.488,A,1,S1,0
94,100,10,88,75,50,"1,2,3",330000,99.0,A,1,S3,1
94,28,3,64,51,41,"1,2,3",133824,40.147,A,1,S3,1
95,109,11,99,49,36,"2,3",174636,52.391,C,3,S6,1
95,6,1,101,69,20,3,139380,41.814,A,1,S3,1
95,40,4,69,61,33,"2,3",138897,41.669,C,3,S6,1
95,83,8,100,41,36,"2,3",147600,44.28,B,2,S5,0
95,50,6,38,32,30,"1,2,3",36480,10.944,B,2,S5,1
95,36,4,69,61,33,"2,3",138897,41.669,B,2,S5,1
95,111,11,99,49,36,"2,3",174636,52.391,A,1,S2,1
95,22,3,74,62,33,"2,3",151404,45.421,A,1,S2,1
95,95,10,83,55,22,3,100430,30.129,B,2,S4,1
95,1,1,101,69,20,3,139380,41.814,C,3,S6,1
95,126,13,66,52,44,"1,2,3",151008,45.302,C,3,S6,1
95,44,5,71,64,31,3,140864,42.259,C,3,S6,1
95,72,7,108,47,37,"2,3",187812,56.344,B,2,S5,1
95,19,3,74,62,33,"2,3",151404,45.421,C,3,S6,1
95,2,1,101,69,20,3,139380,41.814,C,3,S6,1
95,87,9,99,79,39,3,305019,91.506,B,2,S4,1
95,46,5,71,64,31,3,140864,42.259,A,1,S2,1
95,21,3,74,62,33,"2,3",151404,45.421,A,1,S1,1
95,68,7,108,47,37,"2,3",187812,56.344,A,1,S3,0
95,116,12,83,56,22,3,102256,30.677,B,2,S4,1
95,101,10,83,55,22,3,100430,30.129,B,2,S4,1
95,66,7,108,47,37,"2,3",187812,56.344,B,2,S5,1
95,35,4,69,61,33,"2,3",138897,41.669,B,2,S4,1
95,119,12,83,56,22,3,102256,30.677,A,1,S1,0
95,13,2,108,66,54,"2,3",384912,115.474,A,1,S3,1
95,7,1,101,69,20,3,139380,41.814,A,1,S3,1
95,41,4,69,61,33,"2,3",138897,41.669,A,1,S3,1
95,150,15,101,90,50,"2,3",454500,136.35,A,1,S2,1
95,85,9,99,79,39,3,305019,91.506,A,1,S1,0
95,127,13,66,52,44,"1,2,3",151008,45.302,A,1,S3,1
95,93,9,99,79,39,3,305019,91.506,A,1,S1,1
95,65,7,108,47,37,"2,3",187812,56.344,C,3,S6,1
95,34,4,69,61,33,"2,3",138897,41.669,B,2,S4,1
95,16,2,108,66,54,"2,3",384912,115.474,B,2,S5,1
95,138,14,120,69,29,3,240120,72.036,B,2,S5,1
95,76,8,100,41,36,"2,3",147600,44.28,A,1,S2,1
95,25,3,74,62,33,"2,3",151404,45.421,B,2,S5,1
95,128,13,66,52,44,"1,2,3",151008,45.302,B,2,S4,1
95,80,8,100,41,36,"2,3",147600,44.28,C,3,S6,0
95,11,2,108,66,54,"2,3",384912,115.474,C,3,S6,1
95,55,6,38,32,30,"1,2,3",36480,10.944,C,3,S6,1
95,48,5,71,64,31,3,140864,42.259,C,3,S6,1
95,108,11,99,49,36,"2,3",174636,52.391,C,3,S6,1
95,137,14,120,69,29,3,240120,72.036,A,1,S1,1
95,139,14,120,69,29,3,240120,72.036,A,1,S1,1
95,102,10,83,55,22,3,100430,30.129,C,3,S6,1
95,131,14,120,69,29,3,240120,72.036,C,3,S6,1
95,61,6,38,32,30,"1,2,3",36480,10.944,C,3,S6,0
95,14,2,108,66,54,"2,3",384912,115.474,B,2,S5,1
95,120,12,83,56,22,3,102256,30.677,B,2,S5,1
95,74,7,108,47,37,"2,3",187812,56.344,A,1,S3,1
95,123,12,83,56,22,3,102256,30.677,A,1,S1,1
95,96,10,83,55,22,3,100430,30.129,A,1,S1,1
95,100,10,83,55,22,3,100430,30.129,A,1,S2,1
95,28,3,74,62,33,"2,3",151404,45.421,B,2,S5,0
95,17,2,108,66,54,"2,3",384912,115.474,A,1,S1,1
95,29,3,74,62,33,"2,3",151404,45.421,C,3,S6,1
95,129,13,66,52,44,"1,2,3",151008,45.302,C,3,S6,1
95,42,5,71,64,31,3,140864,42.259,C,3,S6,1
95,92,9,99,79,39,3,305019,91.506,C,3,S6,1
95,3,1,101,69,20,3,139380,41.814,C,3,S6,1
95,140,14,120,69,29,3,240120,72.036,C,3,S6,1
95,113,12,83,56,22,3,102256,30.677,B,2,S5,1
95,9,1,101,69,20,3,139380,41.814,A,1,S2,0
95,10,2,108,66,54,"2,3",384912,115.474,A,1,S1,1
95,141,14,120,69,29,3,240120,72.036,C,3,S6,1
95,144,15,101,90,50,"2,3",454500,136.35,A,1,S2,1
95,71,7,108,47,37,"2,3",187812,56.344,A,1,S3,1
95,122,12,83,56,22,3,102256,30.677,A,1,S1,0
95,105,11,99,49,36,"2,3",174636,52.391,A,1,S1,1
95,73,7,108,47,37,"2,3",187812,56.344,A,1,S2,1
95,59,6,38,32,30,"1,2,3",36480,10.944,A,1,S2,1
95,57,6,38,32,30,"1,2,3",36480,10.944,A,1,S1,1
95,98,10,83,55,22,3,100430,30.129,A,1,S1,1
95,58,6,38,32,30,"1,2,3",36480,10.944,C,3,S6,1
95,88,9,99,79,39,3,305019,91.506,C,3,S6,1
95,12,2,108,66,54,"2,3",384912,115.474,A,1,S2,1
95,69,7,108,47,37,"2,3",187812,56.344,B,2,S4,1
95,24,3,74,62,33,"2,3",151404,45.421,B,2,S5,1
95,56,6,38,32,30,"1,2,3",36480,10.944,B,2,S5,1
95,148,15,101,90,50,"2,3",454500,136.35,B,2,S5,1
95,53,6,38,32,30,"1,2,3",36480,10.944,B,2,S5,1
95,84,8,100,41,36,"2,3",147600,44.28,A,1,S3,1
95,20,3,74,62,33,"2,3",151404,45.421,A,1,S2,1
95,60,6,38,32,30,"1,2,3",36480,10.944,A,1,S2,1
95,151,15,101,90,50,"2,3",454500,136.35,B,2,S4,1
95,114,12,83,56,22,3,102256,30.677,B,2,S5,1
95,8,1,101,69,20,3,139380,41.814,C,3,S6,1
95,45,5,71,64,31,3,140864,42.259,B,2,S4,1
95,117,12,83,56,22,3,102256,30.677,B,2,S4,1
95,99,10,83,55,22,3,100430,30.129,C,3,S6,1
95,23,3,74,62,33,"2,3",151404,45.421,A,1,S3,1
95,38,4,69,61,33,"2,3",138897,41.669,C,3,S6,1
95,133,14,120,69,29,3,240120,72.036,B,2,S4,1
95,26,3,74,62,33,"2,3",151404,45.421,B,2,S4,1
95,86,9,99,79,39,3,305019,91.506,B,2,S5,1
95,143,15,101,90,50,"2,3",454500,136.35,B,2,S5,1
95,155,15,101,90,50,"2,3",454500,136.35,C,3,S6,1
95,77,8,100,41,36,"2,3",147600,44.28,B,2,S4,1
95,33,4,69,61,33,"2,3",138897,41.669,C,3,S6,1
95,124,13,66,52,44,"1,2,3",151008,45.302,C,3,S6,1
95,49,5,71,64,31,3,140864,42.259,C,3,S6,0
95,4,1,101,69,20,3,139380,41.814,C,3,S6,1
95,67,7,108,47,37,"2,3",187812,56.344,C,3,S6,0
95,121,12,83,56,22,3,102256,30.677,B,2,S5,1
95,75,7,108,47,37,"2,3",187812,56.344,B,2,S4,0
95,15,2,108,66,54,"2,3",384912,115.474,B,2,S4,1
95,18,2,108,66,54,"2,3",384912,115.474,C,3,S6,1
95,153,15,101,90,50,"2,3",454500,136.35,C,3,S6,1
95,118,12,83,56,22,3,102256,30.677,B,2,S5,1
95,94,9,99,79,39,3,305019,91.506,B,2,S4,0
95,30,4,69,61,33,"2,3",138897,41.669,B,2,S5,1
95,125,13,66,52,44,"1,2,3",151008,45.302,A,1,S3,1
95,70,7,108,47,37,"2,3",187812,56.344,A,1,S3,0
95,62,6,38,32,30,"1,2,3",36480,10.944,A,1,S1,1
95,31,4,69,61,33,"2,3",138897,41.669,B,2,S5,1
95,79,8,100,41,36,"2,3",147600,44.28,A,1,S3,1
95,81,8,100,41,36,"2,3",147600,44.28,A,1,S3,1
95,91,9,99,79,39,3,305019,91.506,A,1,S1,1
95,107,11,99,49,36,"2,3",174636,52.391,B,2,S5,1
95,78,8,100,41,36,"2,3",147600,44.28,B,2,S5,1
95,82,8,100,41,36,"2,3",147600,44.28,B,2,S5,1
95,106,11,99,49,36,"2,3",174636,52.391,A,1,S2,0
95,104,11,99,49,36,"2,3",174636,52.391,B,2,S4,1
95,154,15,101,90,50,"2,3",454500,136.35,B,2,S5,1
95,5,1,101,69,20,3,139380,41.814,C,3,S6,1
95,43,5,71,64,31,3,140864,42.259,C,3,S6,1
95,64,7,108,47,37,"2,3",187812,56.344,C,3,S6,1
95,37,4,69,61,33,"2,3",138897,41.669,A,1,S1,1
95,47,5,71,64,31,3,140864,42.259,B,2,S4,1
95,90,9,99,79,39,3,305019,91.506,B,2,S4,1
95,97,10,83,55,22,3,100430,30.129,A,1,S2,1
95,27,3,74,62,33,"2,3",151404,45.421,A,1,S2,1
95,112,11,99,49,36,"2,3",174636,52.391,A,1,S2,1
95,145,15,101,90,50,"2,3",454500,136.35,A,1,S1,1
95,149,15,101,90,50,"2,3",454500,136.35,A,1,S2,1
95,32,4,69,61,33,"2,3",138897,41.669,B,2,S5,1
95,146,15,101,90,50,"2,3",454500,136.35,B,2,S5,1
95,89,9,99,79,39,3,305019,91.506,B,2,S5,1
95,39,4,69,61,33,"2,3",138897,41.669,B,2,S5,1
95,136,14,120,69,29,3,240120,72.036,A,1,S2,1
95,134,14,120,69,29,3,240120,72.036,A,1,S3,1
95,103,10,83,55,22,3,100430,30.129,A,1,S2,1
95,147,15,101,90,50,"2,3",454500,136.35,A,1,S1,1
95,54,6,38,32,30,"1,2,3",36480,10.944,A,1,S3,1
95,132,14,120,69,29,3,240120,72.036,B,2,S5,1
95,142,15,101,90,50,"2,3",454500,136.35,B,2,S4,1
95,110,11,99,49,36,"2,3",174636,52.391,A,1,S2,1
95,115,12,83,56,22,3,102256,30.677,A,1,S2,1
95,135,14,120,69,29,3,240120,72.036,A,1,S2,1
95,152,15,101,90,50,"2,3",454500,136.35,A,1,S2,1
95,51,6,38,32,30,"1,2,3",36480,10.944,B,2,S5,1
95,130,14,120,69,29,3,240120,72.036,A,1,S3,1
95,63,6,38,32,30,"1,2,3",36480,10.944,A,1,S3,0
95,52,6,38,32,30,"1,2,3",36480,10.944,A,1,S2,1
96,112,14,87,79,55,"1,2,3",378015,113.404,A,1,S2,1
96,33,4,90,49,33,"2,3",145530,43.659,C,3,S6,1
96,96,12,94,86,38,3,307192,92.158,C,3,S6,1
96,21,3,92,85,21,3,164220,49.266,C,3,S6,1
96,106,14,87,79,55,"1,2,3",378015,113.404,A,1,S2,0
96,43,5,54,48,34,"1,2,3",88128,26.438,A,1,S2,1
96,7,1,64,42,26,"2,3",69888,20.966,C,3,S6,1
96,18,2,92,58,52,"1,2,3",277472,83.242,C,3,S6,1
96,52,6,95,62,45,"2,3",265050,79.515,A,1,S2,1
96,53,6,95,62,45,"2,3",265050,79.515,C,3,S6,1
96,118,15,81,52,45,"1,2,3",189540,56.862,C,3,S6,1
96,122,15,81,52,45,"1,2,3",189540,56.862,C,3,S6,1
96,76,10,113,90,54,"2,3",549180,164.754,A,1,S1,0
96,58,7,72,49,46,"1,2,3",162288,48.686,A,1,S3,1
96,6,1,64,42,26,"2,3",69888,20.966,A,1,S1,1
96,27,3,92,85,21,3,164220,49.266,C,3,S6,1
96,19,2,92,58,52,"1,2,3",277472,83.242,A,1,S3,1
96,29,3,92,85,21,3,164220,49.266,A,1,S1,1
96,71,9,64,34,26,"2,3",56576,16.973,C,3,S6,1
96,22,3,92,85,21,3,164220,49.266,C,3,S6,1
96,8,1,64,42,26,"2,3",69888,20.966,C,3,S6,1
96,128,15,81,52,45,"1,2,3",189540,56.862,B,2,S5,1
96,60,7,72,49,46,"1,2,3",162288,48.686,B,2,S4,1
96,66,9,64,34,26,"2,3",56576,16.973,B,2,S4,1
96,38,5,54,48,34,"1,2,3",88128,26.438,B,2,S4,1
96,41,5,54,48,34,"1,2,3",88128,26.438,B,2,S5,1
96,24,3,92,85,21,3,164220,49.266,C,3,S6,1
96,115,14,87,79,55,"1,2,3",378015,113.404,A,1,S2,0
96,54,6,95,62,45,"2,3",265050,79.515,B,2,S5,1
96,119,15,81,52,45,"1,2,3",189540,56.862,B,2,S5,0
96,123,15,81,52,45,"1,2,3",189540,56.862,B,2,S5,1
96,37,5,54,48,34,"1,2,3",88128,26.438,B,2,S4,1
96,59,7,72,49,46,"1,2,3",162288,48.686,B,2,S4,1
96,83,11,113,52,42,"2,3",246792,74.038,B,2,S4,1
96,69,9,64,34,26,"2,3",56576,16.973,A,1,S3,1
96,11,2,92,58,52,"1,2,3",277472,83.242,A,1,S2,1
96,57,7,72,49,46,"1,2,3",162288,48.686,A,1,S3,1
96,84,11,113,52,42,"2,3",246792,74.038,A,1,S3,1
96,44,5,54,48,34,"1,2,3",88128,26.438,A,1,S3,0
96,20,2,92,58,52,"1,2,3",277472,83.242,A,1,S1,1
96,77,10,113,90,54,"2,3",549180,164.754,A,1,S1,1
96,130,15,81,52,45,"1,2,3",189540,56.862,A,1,S1,1
96,51,6,95,62,45,"2,3",265050,79.515,A,1,S2,1
96,73,9,64,34,26,"2,3",56576,16.973,C,3,S6,1
96,50,6,95,62,45,"2,3",265050,79.515,C,3,S6,1
96,16,2,92,58,52,"1,2,3",277472,83.242,A,1,S3,0
96,17,2,92,58,52,"1,2,3",277472,83.242,A,1,S2,1
96,121,15,81,52,45,"1,2,3",189540,56.862,B,2,S4,1
96,4,1,64,42,26,"2,3",69888,20.966,B,2,S4,1
96,34,4,90,49,33,"2,3",145530,43.659,B,2,S4,1
96,5,1,64,42,26,"2,3",69888,20.966,A,1,S3,1
96,114,14,87,79,55,"1,2,3",378015,113.404,B,2,S4,1
96,124,15,81,52,45,"1,2,3",189540,56.862,B,2,S5,1
96,90,12,94,86,38,3,307192,92.158,C,3,S6,1
96,78,10,113,90,54,"2,3",549180,164.754,C,3,S6,1
96,91,12,94,86,38,3,307192,92.158,B,2,S5,0
96,100,12,94,86,38,3,307192,92.158,B,2,S4,1
96,109,14,87,79,55,"1,2,3",378015,113.404,B,2,S5,1
96,117,14,87,79,55,"1,2,3",378015,113.404,A,1,S3,1
96,68,9,64,34,26,"2,3",56576,16.973,A,1,S3,1
96,85,11,113,52,42,"2,3",246792,74.038,A,1,S2,1
96,72,9,64,34,26,"2,3",56576,16.973,A,1,S2,1
96,97,12,94,86,38,3,307192,92.158,A,1,S3,1
96,82,11,113,52,42,"2,3",246792,74.038,A,1,S1,0
96,99,12,94,86,38,3,307192,92.158,C,3,S6,1
96,125,15,81,52,45,"1,2,3",189540,56.862,C,3,S6,1
96,70,9,64,34,26,"2,3",56576,16.973,C,3,S6,1
96,110,14,87,79,55,"1,2,3",378015,113.404,C,3,S6,1
96,111,14,87,79,55,"1,2,3",378015,113.404,C,3,S6,1
96,46,6,95,62,45,"2,3",265050,79.515,B,2,S5,1
96,126,15,81,52,45,"1,2,3",189540,56.862,A,1,S2,1
96,75,10,113,90,54,"2,3",549180,164.754,A,1,S1,1
96,102,13,81,80,68,"1,2,3",440640,132.192,A,1,S3,1
96,104,13,81,80,68,"1,2,3",440640,132.192,A,1,S3,1
96,107,14,87,79,55,"1,2,3",378015,113.404,A,1,S1,1
96,62,7,72,49,46,"1,2,3",162288,48.686,C,3,S6,1
96,48,6,95,62,45,"2,3",265050,79.515,B,2,S5,1
96,74,10,113,90,54,"2,3",549180,164.754,B,2,S4,1
96,15,2,92,58,52,"1,2,3",277472,83.242,A,1,S3,1
96,86,11,113,52,42,"2,3",246792,74.038,A,1,S3,1
96,94,12,94,86,38,3,307192,92.158,A,1,S2,1
96,92,12,94,86,38,3,307192,92.158,C,3,S6,1
96,2,1,64,42,26,"2,3",69888,20.966,C,3,S6,1
96,9,1,64,42,26,"2,3",69888,20.966,C,3,S6,1
96,129,15,81,52,45,"1,2,3",189540,56.862,B,2,S5,1
96,63,8,56,42,25,"2,3",58800,17.64,B,2,S5,1
96,81,11,113,52,42,"2,3",246792,74.038,B,2,S4,1
96,103,13,81,80,68,"1,2,3",440640,132.192,C,3,S6,1
96,95,12,94,86,38,3,307192,92.158,A,1,S3,1
96,26,3,92,85,21,3,164220,49.266,A,1,S3,0
96,12,2,92,58,52,"1,2,3",277472,83.242,A,1,S1,1
96,80,11,113,52,42,"2,3",246792,74.038,A,1,S3,1
96,93,12,94,86,38,3,307192,92.158,A,1,S3,1
96,1,1,64,42,26,"2,3",69888,20.966,A,1,S2,1
96,35,4,90,49,33,"2,3",145530,43.659,A,1,S3,1
96,67,9,64,34,26,"2,3",56576,16.973,A,1,S3,1
96,55,6,95,62,45,"2,3",265050,79.515,A,1,S2,0
96,101,13,81,80,68,"1,2,3",440640,132.192,A,1,S2,1
96,25,3,92,85,21,3,164220,49.266,C,3,S6,1
96,30,3,92,85,21,3,164220,49.266,C,3,S6,1
96,61,7,72,49,46,"1,2,3",162288,48.686,B,2,S4,1
96,120,15,81,52,45,"1,2,3",189540,56.862,B,2,S4,1
96,10,1,64,42,26,"2,3",69888,20.966,B,2,S4,1
96,127,15,81,52,45,"1,2,3",189540,56.862,C,3,S6,1
96,88,12,94,86,38,3,307192,92.158,C,3,S6,1
96,113,14,87,79,55,"1,2,3",378015,113.404,C,3,S6,1
96,14,2,92,58,52,"1,2,3",277472,83.242,C,3,S6,1
96,87,11,113,52,42,"2,3",246792,74.038,B,2,S4,1
96,56,6,95,62,45,"2,3",265050,79.515,A,1,S2,1
96,36,5,54,48,34,"1,2,3",88128,26.438,B,2,S5,1
96,116,14,87,79,55,"1,2,3",378015,113.404,B,2,S4,1
96,79,10,113,90,54,"2,3",549180,164.754,B,2,S5,1
96,49,6,95,62,45,"2,3",265050,79.515,B,2,S5,1
96,47,6,95,62,45,"2,3",265050,79.515,B,2,S5,1
96,105,13,81,80,68,"1,2,3",440640,132.192,B,2,S4,1
96,131,15,81,52,45,"1,2,3",189540,56.862,B,2,S5,0
96,3,1,64,42,26,"2,3",69888,20.966,B,2,S4,1
96,23,3,92,85,21,3,164220,49.266,B,2,S5,1
96,108,14,87,79,55,"1,2,3",378015,113.404,A,1,S1,1
96,45,6,95,62,45,"2,3",265050,79.515,A,1,S1,1
96,89,12,94,86,38,3,307192,92.158,A,1,S1,1
96,64,8,56,42,25,"2,3",58800,17.64,A,1,S2,1
96,32,4,90,49,33,"2,3",145530,43.659,A,1,S1,1
96,28,3,92,85,21,3,164220,49.266,B,2,S4,1
96,42,5,54,48,34,"1,2,3",88128,26.438,B,2,S5,0
96,40,5,54,48,34,"1,2,3",88128,26.438,B,2,S5,0
96,39,5,54,48,34,"1,2,3",88128,26.438,B,2,S5,1
96,31,4,90,49,33,"2,3",145530,43.659,B,2,S5,1
96,65,8,56,42,25,"2,3",58800,17.64,B,2,S5,1
96,98,12,94,86,38,3,307192,92.158,B,2,S5,1
96,13,2,92,58,52,"1,2,3",277472,83.242,B,2,S4,1
97,70,8,76,71,61,"1,2,3",329156,98.747,B,2,S5,1
97,67,7,55,51,35,"1,2,3",98175,29.453,A,1,S3,1
97,26,3,95,74,42,"2,3",295260,88.578,A,1,S1,1
97,125,14,54,52,41,"1,2,3",115128,34.538,A,1,S1,1
97,17,2,100,50,43,"2,3",215000,64.5,C,3,S6,1
97,122,13,96,40,24,"2,3",92160,27.648,C,3,S6,1
97,5,1,74,60,32,"2,3",142080,42.624,C,3,S6,1
97,126,14,54,52,41,"1,2,3",115128,34.538,C,3,S6,0
97,91,10,98,81,26,3,206388,61.916,A,1,S1,1
97,93,11,86,69,61,"1,2,3",361974,108.592,A,1,S3,1
97,54,6,67,60,25,3,100500,30.15,B,2,S5,1
97,95,11,86,69,61,"1,2,3",361974,108.592,B,2,S5,1
97,77,8,76,71,61,"1,2,3",329156,98.747,A,1,S2,1
97,127,14,54,52,41,"1,2,3",115128,34.538,A,1,S1,1
97,49,6,67,60,25,3,100500,30.15,A,1,S2,1
97,134,15,89,61,41,"2,3",222589,66.777,B,2,S5,1
97,82,9,119,88,51,"2,3",534072,160.222,B,2,S5,1
97,15,2,100,50,43,"2,3",215000,64.5,A,1,S3,1
97,89,10,98,81,26,3,206388,61.916,A,1,S2,1
97,64,7,55,51,35,"1,2,3",98175,29.453,B,2,S5,0
97,19,3,95,74,42,"2,3",295260,88.578,B,2,S5,1
97,38,5,45,37,24,"1,2,3",39960,11.988,B,2,S5,1
97,114,12,117,54,30,"2,3",189540,56.862,B,2,S4,1
97,47,5,45,37,24,"1,2,3",39960,11.988,B,2,S4,1
97,132,15,89,61,41,"2,3",222589,66.777,B,2,S5,1
97,27,3,95,74,42,"2,3",295260,88.578,B,2,S4,1
97,115,12,117,54,30,"2,3",189540,56.862,A,1,S1,1
97,29,3,95,74,42,"2,3",295260,88.578,A,1,S2,1
97,37,4,95,70,30,3,199500,59.85,A,1,S3,1
97,51,6,67,60,25,3,100500,30.15,A,1,S1,0
97,11,2,100,50,43,"2,3",215000,64.5,A,1,S2,1
97,8,1,74,60,32,"2,3",142080,42.624,A,1,S3,1
97,107,12,117,54,30,"2,3",189540,56.862,A,1,S3,0
97,62,7,55,51,35,"1,2,3",98175,29.453,A,1,S3,0
97,79,9,119,88,51,"2,3",534072,160.222,A,1,S3,1
97,86,10,98,81,26,3,206388,61.916,A,1,S2,1
97,72,8,76,71,61,"1,2,3",329156,98.747,A,1,S3,1
97,101,11,86,69,61,"1,2,3",361974,108.592,C,3,S6,1
97,116,13,96,40,24,"2,3",92160,27.648,A,1,S3,1
97,12,2,100,50,43,"2,3",215000,64.5,A,1,S3,1
97,45,5,45,37,24,"1,2,3",39960,11.988,A,1,S3,1
97,36,4,95,70,30,3,199500,59.85,A,1,S2,1
97,59,7,55,51,35,"1,2,3",98175,29.453,A,1,S1,1
97,53,6,67,60,25,3,100500,30.15,B,2,S4,1
97,30,4,95,70,30,3,199500,59.85,B,2,S4,1
97,80,9,119,88,51,"2,3",534072,160.222,B,2,S4,1
97,42,5,45,37,24,"1,2,3",39960,11.988,B,2,S4,0
97,118,13,96,40,24,"2,3",92160,27.648,A,1,S1,1
97,113,12,117,54,30,"2,3",189540,56.862,A,1,S1,1
97,25,3,95,74,42,"2,3",295260,88.578,A,1,S1,0
97,35,4,95,70,30,3,199500,59.85,A,1,S3,1
97,98,11,86,69,61,"1,2,3",361974,108.592,A,1,S2,1
97,66,7,55,51,35,"1,2,3",98175,29.453,A,1,S1,1
97,39,5,45,37,24,"1,2,3",39960,11.988,A,1,S3,1
97,135,15,89,61,41,"2,3",222589,66.777,A,1,S1,1
97,130,14,54,52,41,"1,2,3",115128,34.538,A,1,S3,1
97,96,11,86,69,61,"1,2,3",361974,108.592,B,2,S4,1
97,108,12,117,54,30,"2,3",189540,56.862,B,2,S5,1
97,103,11,86,69,61,"1,2,3",361974,108.592,A,1,S1,1
97,138,15,89,61,41,"2,3",222589,66.777,A,1,S3,1
97,43,5,45,37,24,"1,2,3",39960,11.988,B,2,S4,1
97,9,1,74,60,32,"2,3",142080,42.624,B,2,S4,0
97,136,15,89,61,41,"2,3",222589,66.777,A,1,S3,1
97,57,7,55,51,35,"1,2,3",98175,29.453,B,2,S5,0
97,120,13,96,40,24,"2,3",92160,27.648,B,2,S5,1
97,124,14,54,52,41,"1,2,3",115128,34.538,B,2,S4,1
97,28,3,95,74,42,"2,3",295260,88.578,B,2,S4,1
97,112,12,117,54,30,"2,3",189540,56.862,C,3,S6,1
97,61,7,55,51,35,"1,2,3",98175,29.453,C,3,S6,1
97,111,12,117,54,30,"2,3",189540,56.862,B,2,S4,1
97,10,1,74,60,32,"2,3",142080,42.624,B,2,S5,1
97,41,5,45,37,24,"1,2,3",39960,11.988,A,1,S2,1
97,100,11,86,69,61,"1,2,3",361974,108.592,A,1,S3,1
97,141,15,89,61,41,"2,3",222589,66.777,A,1,S2,1
97,32,4,95,70,30,3,199500,59.85,C,3,S6,1
97,123,13,96,40,24,"2,3",92160,27.648,C,3,S6,1
97,110,12,117,54,30,"2,3",189540,56.862,A,1,S2,1
97,76,8,76,71,61,"1,2,3",329156,98.747,A,1,S1,1
97,60,7,55,51,35,"1,2,3",98175,29.453,A,1,S1,1
97,85,9,119,88,51,"2,3",534072,160.222,B,2,S5,1
97,2,1,74,60,32,"2,3",142080,42.624,B,2,S4,1
97,139,15,89,61,41,"2,3",222589,66.777,B,2,S4,1
97,1,1,74,60,32,"2,3",142080,42.624,B,2,S4,1
97,63,7,55,51,35,"1,2,3",98175,29.453,B,2,S4,1
97,78,9,119,88,51,"2,3",534072,160.222,A,1,S3,1
97,6,1,74,60,32,"2,3",142080,42.624,A,1,S3,1
97,69,8,76,71,61,"1,2,3",329156,98.747,B,2,S5,1
97,21,3,95,74,42,"2,3",295260,88.578,B,2,S5,1
97,34,4,95,70,30,3,199500,59.85,A,1,S1,1
97,16,2,100,50,43,"2,3",215000,64.5,A,1,S2,0
97,92,10,98,81,26,3,206388,61.916,A,1,S1,1
97,50,6,67,60,25,3,100500,30.15,C,3,S6,1
97,40,5,45,37,24,"1,2,3",39960,11.988,C,3,S6,1
97,20,3,95,74,42,"2,3",295260,88.578,C,3,S6,1
97,131,14,54,52,41,"1,2,3",115128,34.538,C,3,S6,1
97,14,2,100,50,43,"2,3",215000,64.5,C,3,S6,1
97,99,11,86,69,61,"1,2,3",361974,108.592,A,1,S1,1
97,83,9,119,88,51,"2,3",534072,160.222,A,1,S3,1
97,128,14,54,52,41,"1,2,3",115128,34.538,A,1,S3,1
97,13,2,100,50,43,"2,3",215000,64.5,A,1,S3,1
97,129,14,54,52,41,"1,2,3",115128,34.538,A,1,S2,1
97,3,1,74,60,32,"2,3",142080,42.624,A,1,S1,1
97,23,3,95,74,42,"2,3",295260,88.578,A,1,S3,1
97,133,15,89,61,41,"2,3",222589,66.777,A,1,S3,1
97,56,6,67,60,25,3,100500,30.15,B,2,S5,0
97,105,11,86,69,61,"1,2,3",361974,108.592,B,2,S4,1
97,137,15,89,61,41,"2,3",222589,66.777,B,2,S4,1
97,58,7,55,51,35,"1,2,3",98175,29.453,B,2,S4,1
97,24,3,95,74,42,"2,3",295260,88.578,B,2,S4,0
97,81,9,119,88,51,"2,3",534072,160.222,B,2,S4,1
97,97,11,86,69,61,"1,2,3",361974,108.592,B,2,S5,1
97,44,5,45,37,24,"1,2,3",39960,11.988,C,3,S6,0
97,84,9,119,88,51,"2,3",534072,160.222,C,3,S6,1
97,68,8,76,71,61,"1,2,3",329156,98.747,B,2,S5,1
97,52,6,67,60,25,3,100500,30.15,C,3,S6,1
97,109,12,117,54,30,"2,3",189540,56.862,B,2,S4,0
97,104,11,86,69,61,"1,2,3",361974,108.592,B,2,S4,1
97,94,11,86,69,61,"1,2,3",361974,108.592,B,2,S4,1
97,106,12,117,54,30,"2,3",189540,56.862,B,2,S5,1
97,121,13,96,40,24,"2,3",92160,27.648,C,3,S6,1
97,90,10,98,81,26,3,206388,61.916,C,3,S6,1
97,140,15,89,61,41,"2,3",222589,66.777,C,3,S6,1
97,119,13,96,40,24,"2,3",92160,27.648,C,3,S6,1
97,31,4,95,70,30,3,199500,59.85,C,3,S6,1
97,87,10,98,81,26,3,206388,61.916,B,2,S5,1
97,48,5,45,37,24,"1,2,3",39960,11.988,C,3,S6,1
97,18,2,100,50,43,"2,3",215000,64.5,C,3,S6,1
97,71,8,76,71,61,"1,2,3",329156,98.747,C,3,S6,1
97,73,8,76,71,61,"1,2,3",329156,98.747,C,3,S6,1
97,117,13,96,40,24,"2,3",92160,27.648,B,2,S4,1
97,22,3,95,74,42,"2,3",295260,88.578,B,2,S5,1
97,7,1,74,60,32,"2,3",142080,42.624,B,2,S4,1
97,65,7,55,51,35,"1,2,3",98175,29.453,C,3,S6,1
97,33,4,95,70,30,3,199500,59.85,C,3,S6,1
97,75,8,76,71,61,"1,2,3",329156,98.747,C,3,S6,1
97,4,1,74,60,32,"2,3",142080,42.624,C,3,S6,1
97,102,11,86,69,61,"1,2,3",361974,108.592,C,3,S6,1
97,55,6,67,60,25,3,100500,30.15,C,3,S6,1
97,88,10,98,81,26,3,206388,61.916,C,3,S6,1
97,74,8,76,71,61,"1,2,3",329156,98.747,C,3,S6,1
97,46,5,45,37,24,"1,2,3",39960,11.988,C,3,S6,1
98,30,3,106,63,57,"1,2,3",380646,114.194,C,3,S6,1
98,98,10,58,48,30,"1,2,3",83520,25.056,C,3,S6,1
98,32,3,106,63,57,"1,2,3",380646,114.194,A,1,S2,1
98,76,7,90,64,53,"1,2,3",305280,91.584,A,1,S3,1
98,75,7,90,64,53,"1,2,3",305280,91.584,B,2,S5,1
98,79,7,90,64,53,"1,2,3",305280,91.584,B,2,S4,1
98,46,4,71,66,51,"1,2,3",238986,71.696,A,1,S1,1
98,39,4,71,66,51,"1,2,3",238986,71.696,A,1,S1,1
98,126,13,111,76,40,"2,3",337440,101.232,B,2,S4,0
98,128,13,111,76,40,"2,3",337440,101.232,C,3,S6,1
98,104,10,58,48,30,"1,2,3",83520,25.056,A,1,S3,1
98,132,14,113,27,26,"2,3",79326,23.798,A,1,S1,1
98,123,12,71,56,41,"1,2,3",163016,48.905,A,1,S2,1
98,37,4,71,66,51,"1,2,3",238986,71.696,A,1,S2,1
98,145,15,50,41,36,"1,2,3",73800,22.14,C,3,S6,1
98,92,9,83,75,67,"1,2,3",417075,125.123,A,1,S2,1
98,65,6,75,49,39,"1,2,3",143325,42.998,A,1,S1,1
98,81,8,96,79,55,"1,2,3",417120,125.136,C,3,S6,1
98,6,1,106,55,38,"2,3",221540,66.462,A,1,S1,1
98,3,1,106,55,38,"2,3",221540,66.462,A,1,S2,1
98,15,2,69,50,48,"1,2,3",165600,49.68,A,1,S2,1
98,133,14,113,27,26,"2,3",79326,23.798,C,3,S6,1
98,138,14,113,27,26,"2,3",79326,23.798,B,2,S4,1
98,91,9,83,75,67,"1,2,3",417075,125.123,C,3,S6,1
98,115,12,71,56,41,"1,2,3",163016,48.905,A,1,S2,1
98,70,6,75,49,39,"1,2,3",143325,42.998,A,1,S2,1
98,49,4,71,66,51,"1,2,3",238986,71.696,B,2,S4,1
98,21,2,69,50,48,"1,2,3",165600,49.68,A,1,S1,1
98,41,4,71,66,51,"1,2,3",238986,71.696,A,1,S2,1
98,56,5,62,41,36,"1,2,3",91512,27.454,B,2,S5,1
98,85,8,96,79,55,"1,2,3",417120,125.136,B,2,S4,1
98,99,10,58,48,30,"1,2,3",83520,25.056,A,1,S2,0
98,146,15,50,41,36,"1,2,3",73800,22.14,B,2,S5,1
98,118,12,71,56,41,"1,2,3",163016,48.905,B,2,S5,1
98,24,2,69,50,48,"1,2,3",165600,49.68,A,1,S1,1
98,130,13,111,76,40,"2,3",337440,101.232,A,1,S1,1
98,131,13,111,76,40,"2,3",337440,101.232,C,3,S6,0
98,9,1,106,55,38,"2,3",221540,66.462,B,2,S4,1
98,47,4,71,66,51,"1,2,3",238986,71.696,C,3,S6,1
98,140,15,50,41,36,"1,2,3",73800,22.14,B,2,S5,1
98,59,5,62,41,36,"1,2,3",91512,27.454,B,2,S5,1
98,34,3,106,63,57,"1,2,3",380646,114.194,A,1,S3,1
98,28,2,69,50,48,"1,2,3",165600,49.68,A,1,S3,1
98,25,2,69,50,48,"1,2,3",165600,49.68,A,1,S1,0
98,54,5,62,41,36,"1,2,3",91512,27.454,A,1,S3,1
98,96,10,58,48,30,"1,2,3",83520,25.056,B,2,S4,1
98,116,12,71,56,41,"1,2,3",163016,48.905,B,2,S4,1
98,109,11,81,59,24,3,114696,34.409,B,2,S5,1
98,141,15,50,41,36,"1,2,3",73800,22.14,B,2,S4,1
98,105,10,58,48,30,"1,2,3",83520,25.056,B,2,S5,1
98,5,1,106,55,38,"2,3",221540,66.462,B,2,S4,1
98,13,2,69,50,48,"1,2,3",165600,49.68,A,1,S1,1
98,73,7,90,64,53,"1,2,3",305280,91.584,A,1,S3,1
98,45,4,71,66,51,"1,2,3",238986,71.696,A,1,S1,1
98,80,8,96,79,55,"1,2,3",417120,125.136,B,2,S5,1
98,31,3,106,63,57,"1,2,3",380646,114.194,B,2,S5,1
98,82,8,96,79,55,"1,2,3",417120,125.136,C,3,S6,1
98,119,12,71,56,41,"1,2,3",163016,48.905,A,1,S3,1
98,44,4,71,66,51,"1,2,3",238986,71.696,A,1,S2,1
98,38,4,71,66,51,"1,2,3",238986,71.696,A,1,S1,1
98,107,11,81,59,24,3,114696,34.409,C,3,S6,1
98,43,4,71,66,51,"1,2,3",238986,71.696,C,3,S6,1
98,61,6,75,49,39,"1,2,3",143325,42.998,A,1,S1,1
98,125,13,111,76,40,"2,3",337440,101.232,C,3,S6,1
98,143,15,50,41,36,"1,2,3",73800,22.14,B,2,S4,1
98,95,9,83,75,67,"1,2,3",417075,125.123,A,1,S1,1
98,103,10,58,48,30,"1,2,3",83520,25.056,B,2,S4,1
98,20,2,69,50,48,"1,2,3",165600,49.68,B,2,S5,1
98,117,12,71,56,41,"1,2,3",163016,48.905,C,3,S6,0
98,26,2,69,50,48,"1,2,3",165600,49.68,B,2,S5,1
98,112,11,81,59,24,3,114696,34.409,B,2,S5,1
98,86,8,96,79,55,"1,2,3",417120,125.136,B,2,S5,1
98,11,1,106,55,38,"2,3",221540,66.462,B,2,S5,1
98,22,2,69,50,48,"1,2,3",165600,49.68,B,2,S5,0
98,60,5,62,41,36,"1,2,3",91512,27.454,B,2,S5,1
98,144,15,50,41,36,"1,2,3",73800,22.14,A,1,S2,1
98,97,10,58,48,30,"1,2,3",83520,25.056,A,1,S3,1
98,19,2,69,50,48,"1,2,3",165600,49.68,A,1,S2,1
98,57,5,62,41,36,"1,2,3",91512,27.454,A,1,S1,1
98,48,4,71,66,51,"1,2,3",238986,71.696,C,3,S6,1
98,42,4,71,66,51,"1,2,3",238986,71.696,C,3,S6,0
98,8,1,106,55,38,"2,3",221540,66.462,C,3,S6,1
98,84,8,96,79,55,"1,2,3",417120,125.136,C,3,S6,1
98,33,3,106,63,57,"1,2,3",380646,114.194,C,3,S6,1
98,36,3,106,63,57,"1,2,3",380646,114.194,C,3,S6,1
98,29,2,69,50,48,"1,2,3",165600,49.68,C,3,S6,1
98,106,11,81,59,24,3,114696,34.409,C,3,S6,0
98,78,7,90,64,53,"1,2,3",305280,91.584,C,3,S6,1
98,134,14,113,27,26,"2,3",79326,23.798,A,1,S2,1
98,74,7,90,64,53,"1,2,3",305280,91.584,C,3,S6,1
98,122,12,71,56,41,"1,2,3",163016,48.905,B,2,S5,1
98,147,15,50,41,36,"1,2,3",73800,22.14,B,2,S5,1
98,121,12,71,56,41,"1,2,3",163016,48.905,B,2,S5,1
98,66,6,75,49,39,"1,2,3",143325,42.998,B,2,S5,1
98,127,13,111,76,40,"2,3",337440,101.232,A,1,S3,1
98,101,10,58,48,30,"1,2,3",83520,25.056,A,1,S2,1
98,111,11,81,59,24,3,114696,34.409,B,2,S5,1
98,68,6,75,49,39,"1,2,3",143325,42.998,B,2,S5,1
98,17,2,69,50,48,"1,2,3",165600,49.68,C,3,S6,0
98,63,6,75,49,39,"1,2,3",143325,42.998,C,3,S6,1
98,139,15,50,41,36,"1,2,3",73800,22.14,A,1,S2,1
98,77,7,90,64,53,"1,2,3",305280,91.584,A,1,S1,1
98,4,1,106,55,38,"2,3",221540,66.462,C,3,S6,0
98,83,8,96,79,55,"1,2,3",417120,125.136,C,3,S6,1
98,113,11,81,59,24,3,114696,34.409,C,3,S6,1
98,18,2,69,50,48,"1,2,3",165600,49.68,B,2,S5,1
98,87,8,96,79,55,"1,2,3",417120,125.136,C,3,S6,1
98,69,6,75,49,39,"1,2,3",143325,42.998,C,3,S6,1
98,89,9,83,75,67,"1,2,3",417075,125.123,A,1,S2,1
98,102,10,58,48,30,"1,2,3",83520,25.056,A,1,S3,1
98,40,4,71,66,51,"1,2,3",238986,71.696,A,1,S3,1
98,53,5,62,41,36,"1,2,3",91512,27.454,B,2,S4,0
98,110,11,81,59,24,3,114696,34.409,B,2,S5,1
98,35,3,106,63,57,"1,2,3",380646,114.194,B,2,S4,1
98,137,14,113,27,26,"2,3",79326,23.798,C,3,S6,1
98,72,6,75,49,39,"1,2,3",143325,42.998,C,3,S6,1
98,52,5,62,41,36,"1,2,3",91512,27.454,B,2,S4,1
98,142,15,50,41,36,"1,2,3",73800,22.14,B,2,S4,1
98,88,8,96,79,55,"1,2,3",417120,125.136,B,2,S5,0
98,124,12,71,56,41,"1,2,3",163016,48.905,A,1,S1,1
98,14,2,69,50,48,"1,2,3",165600,49.68,A,1,S2,1
98,120,12,71,56,41,"1,2,3",163016,48.905,A,1,S1,1
98,90,9,83,75,67,"1,2,3",417075,125.123,A,1,S1,1
98,50,4,71,66,51,"1,2,3",238986,71.696,C,3,S6,1
98,1,1,106,55,38,"2,3",221540,66.462,C,3,S6,1
98,62,6,75,49,39,"1,2,3",143325,42.998,C,3,S6,1
98,10,1,106,55,38,"2,3",221540,66.462,C,3,S6,1
98,129,13,111,76,40,"2,3",337440,101.232,B,2,S5,1
98,100,10,58,48,30,"1,2,3",83520,25.056,A,1,S3,0
98,114,12,71,56,41,"1,2,3",163016,48.905,B,2,S4,1
98,7,1,106,55,38,"2,3",221540,66.462,B,2,S5,0
98,55,5,62,41,36,"1,2,3",91512,27.454,B,2,S5,1
98,12,2,69,50,48,"1,2,3",165600,49.68,B,2,S5,1
98,51,5,62,41,36,"1,2,3",91512,27.454,A,1,S3,1
98,136,14,113,27,26,"2,3",79326,23.798,B,2,S5,1
98,23,2,69,50,48,"1,2,3",165600,49.68,B,2,S5,1
98,94,9,83,75,67,"1,2,3",417075,125.123,B,2,S5,1
98,27,2,69,50,48,"1,2,3",165600,49.68,B,2,S5,1
98,67,6,75,49,39,"1,2,3",143325,42.998,A,1,S2,0
98,16,2,69,50,48,"1,2,3",165600,49.68,A,1,S1,1
98,2,1,106,55,38,"2,3",221540,66.462,A,1,S3,1
98,93,9,83,75,67,"1,2,3",417075,125.123,A,1,S2,1
98,71,6,75,49,39,"1,2,3",143325,42.998,A,1,S3,1
98,64,6,75,49,39,"1,2,3",143325,42.998,A,1,S3,1
98,58,5,62,41,36,"1,2,3",91512,27.454,A,1,S1,1
98,135,14,113,27,26,"2,3",79326,23.798,A,1,S1,1
98,108,11,81,59,24,3,114696,34.409,A,1,S1,1
99,52,6,103,89,73,"1,2,3",669191,200.757,A,1,S2,1
99,90,11,100,40,32,"2,3",128000,38.4,A,1,S3,1
99,73,9,62,48,22,3,65472,19.642,A,1,S1,0
99,95,12,87,53,26,3,119886,35.966,B,2,S5,1
99,113,14,80,75,75,"1,2,3",450000,135.0,A,1,S2,1
99,21,2,95,92,47,"2,3",410780,123.234,A,1,S2,1
99,101,13,57,35,35,"1,2,3",69825,20.947,A,1,S3,0
99,44,5,117,44,38,"2,3",195624,58.687,C,3,S6,0
99,97,12,87,53,26,3,119886,35.966,B,2,S4,1
99,70,8,116,98,40,3,454720,136.416,B,2,S5,1
99,1,1,51,46,44,"1,2,3",103224,30.967,B,2,S4,1
99,109,14,80,75,75,"1,2,3",450000,135.0,B,2,S4,1
99,79,9,62,48,22,3,65472,19.642,B,2,S5,1
99,56,6,103,89,73,"1,2,3",669191,200.757,B,2,S5,1
99,11,1,51,46,44,"1,2,3",103224,30.967,A,1,S2,1
99,3,1,51,46,44,"1,2,3",103224,30.967,B,2,S4,0
99,107,14,80,75,75,"1,2,3",450000,135.0,B,2,S5,1
99,88,11,100,40,32,"2,3",128000,38.4,B,2,S5,1
99,23,2,95,92,47,"2,3",410780,123.234,A,1,S2,1
99,40,4,51,37,32,"1,2,3",60384,18.115,B,2,S5,1
99,15,2,95,92,47,"2,3",410780,123.234,A,1,S1,1
99,108,14,80,75,75,"1,2,3",450000,135.0,C,3,S6,1
99,49,5,117,44,38,"2,3",195624,58.687,A,1,S2,1
99,84,10,106,38,30,"2,3",120840,36.252,B,2,S4,1
99,29,3,116,39,23,"2,3",104052,31.216,A,1,S1,1
99,5,1,51,46,44,"1,2,3",103224,30.967,A,1,S2,1
99,48,5,117,44,38,"2,3",195624,58.687,B,2,S4,1
99,112,14,80,75,75,"1,2,3",450000,135.0,A,1,S1,1
99,98,12,87,53,26,3,119886,35.966,B,2,S5,1
99,115,15,111,88,32,3,312576,93.773,A,1,S1,1
99,24,2,95,92,47,"2,3",410780,123.234,B,2,S4,1
99,69,8,116,98,40,3,454720,136.416,B,2,S5,1
99,6,1,51,46,44,"1,2,3",103224,30.967,B,2,S5,1
99,16,2,95,92,47,"2,3",410780,123.234,B,2,S4,0
99,63,7,73,55,54,"1,2,3",216810,65.043,B,2,S5,1
99,57,6,103,89,73,"1,2,3",669191,200.757,B,2,S4,1
99,42,4,51,37,32,"1,2,3",60384,18.115,A,1,S1,1
99,86,10,106,38,30,"2,3",120840,36.252,A,1,S3,1
99,12,1,51,46,44,"1,2,3",103224,30.967,B,2,S5,1
99,99,12,87,53,26,3,119886,35.966,B,2,S4,1
99,89,11,100,40,32,"2,3",128000,38.4,B,2,S5,1
99,38,4,51,37,32,"1,2,3",60384,18.115,B,2,S4,1
99,58,7,73,55,54,"1,2,3",216810,65.043,A,1,S2,1
99,81,10,106,38,30,"2,3",120840,36.252,A,1,S1,1
99,33,3,116,39,23,"2,3",104052,31.216,A,1,S3,1
99,22,2,95,92,47,"2,3",410780,123.234,A,1,S2,1
99,47,5,117,44,38,"2,3",195624,58.687,C,3,S6,1
99,62,7,73,55,54,"1,2,3",216810,65.043,C,3,S6,1
99,72,8,116,98,40,3,454720,136.416,B,2,S5,1
99,28,2,95,92,47,"2,3",410780,123.234,C,3,S6,1
99,10,1,51,46,44,"1,2,3",103224,30.967,C,3,S6,1
99,87,10,106,38,30,"2,3",120840,36.252,A,1,S3,1
99,65,8,116,98,40,3,454720,136.416,A,1,S2,0
99,13,1,51,46,44,"1,2,3",103224,30.967,C,3,S6,1
99,111,14,80,75,75,"1,2,3",450000,135.0,C,3,S6,1
99,120,15,111,88,32,3,312576,93.773,B,2,S5,1
99,20,2,95,92,47,"2,3",410780,123.234,B,2,S5,1
99,37,4,51,37,32,"1,2,3",60384,18.115,A,1,S2,1
99,94,11,100,40,32,"2,3",128000,38.4,C,3,S6,0
99,53,6,103,89,73,"1,2,3",669191,200.757,C,3,S6,1
99,119,15,111,88,32,3,312576,93.773,C,3,S6,1
99,26,2,95,92,47,"2,3",410780,123.234,A,1,S3,1
99,104,14,80,75,75,"1,2,3",450000,135.0,A,1,S3,1
99,8,1,51,46,44,"1,2,3",103224,30.967,A,1,S2,1
99,4,1,51,46,44,"1,2,3",103224,30.967,B,2,S4,1
99,45,5,117,44,38,"2,3",195624,58.687,B,2,S4,1
99,36,4,51,37,32,"1,2,3",60384,18.115,C,3,S6,1
99,103,13,57,35,35,"1,2,3",69825,20.947,A,1,S1,1
99,51,6,103,89,73,"1,2,3",669191,200.757,A,1,S3,1
99,39,4,51,37,32,"1,2,3",60384,18.115,A,1,S1,1
99,110,14,80,75,75,"1,2,3",450000,135.0,A,1,S1,1
99,118,15,111,88,32,3,312576,93.773,A,1,S2,1
99,7,1,51,46,44,"1,2,3",103224,30.967,A,1,S2,1
99,60,7,73,55,54,"1,2,3",216810,65.043,B,2,S4,1
99,116,15,111,88,32,3,312576,93.773,A,1,S2,1
99,14,1,51,46,44,"1,2,3",103224,30.967,B,2,S5,1
99,61,7,73,55,54,"1,2,3",216810,65.043,A,1,S2,1
99,19,2,95,92,47,"2,3",410780,123.234,A,1,S3,1
99,55,6,103,89,73,"1,2,3",669191,200.757,B,2,S4,1
99,43,5,117,44,38,"2,3",195624,58.687,B,2,S4,1
99,92,11,100,40,32,"2,3",128000,38.4,B,2,S5,1
99,96,12,87,53,26,3,119886,35.966,A,1,S1,1
99,41,4,51,37,32,"1,2,3",60384,18.115,B,2,S4,1
99,59,7,73,55,54,"1,2,3",216810,65.043,B,2,S4,1
99,74,9,62,48,22,3,65472,19.642,C,3,S6,0
99,18,2,95,92,47,"2,3",410780,123.234,B,2,S4,1
99,27,2,95,92,47,"2,3",410780,123.234,B,2,S5,0
99,64,8,116,98,40,3,454720,136.416,C,3,S6,1
99,100,13,57,35,35,"1,2,3",69825,20.947,B,2,S4,1
99,77,9,62,48,22,3,65472,19.642,A,1,S2,1
99,105,14,80,75,75,"1,2,3",450000,135.0,A,1,S2,1
99,35,3,116,39,23,"2,3",104052,31.216,A,1,S1,1
99,68,8,116,98,40,3,454720,136.416,B,2,S4,1
99,2,1,51,46,44,"1,2,3",103224,30.967,B,2,S4,1
99,83,10,106,38,30,"2,3",120840,36.252,A,1,S3,0
99,66,8,116,98,40,3,454720,136.416,C,3,S6,1
99,76,9,62,48,22,3,65472,19.642,C,3,S6,1
99,46,5,117,44,38,"2,3",195624,58.687,A,1,S2,1
99,32,3,116,39,23,"2,3",104052,31.216,A,1,S1,1
99,67,8,116,98,40,3,454720,136.416,A,1,S1,1
99,80,9,62,48,22,3,65472,19.642,A,1,S2,1
99,34,3,116,39,23,"2,3",104052,31.216,A,1,S2,1
99,93,11,100,40,32,"2,3",128000,38.4,A,1,S1,0
99,75,9,62,48,22,3,65472,19.642,B,2,S5,1
99,50,5,117,44,38,"2,3",195624,58.687,A,1,S2,0
99,54,6,103,89,73,"1,2,3",669191,200.757,A,1,S2,1
99,31,3,116,39,23,"2,3",104052,31.216,C,3,S6,1
99,82,10,106,38,30,"2,3",120840,36.252,C,3,S6,1
99,106,14,80,75,75,"1,2,3",450000,135.0,C,3,S6,1
99,102,13,57,35,35,"1,2,3",69825,20.947,C,3,S6,1
99,71,8,116,98,40,3,454720,136.416,C,3,S6,1
99,117,15,111,88,32,3,312576,93.773,C,3,S6,1
99,91,11,100,40,32,"2,3",128000,38.4,C,3,S6,1
99,85,10,106,38,30,"2,3",120840,36.252,C,3,S6,1
99,17,2,95,92,47,"2,3",410780,123.234,C,3,S6,1
99,25,2,95,92,47,"2,3",410780,123.234,C,3,S6,1
99,9,1,51,46,44,"1,2,3",103224,30.967,C,3,S6,1
99,78,9,62,48,22,3,65472,19.642,C,3,S6,1
99,114,14,80,75,75,"1,2,3",450000,135.0,C,3,S6,1
99,30,3,116,39,23,"2,3",104052,31.216,C,3,S6,1
100,9,2,46,45,43,"1,2,3",89010,26.703,B,2,S5,1
100,14,2,46,45,43,"1,2,3",89010,26.703,B,2,S4,1
100,21,3,98,44,36,"2,3",155232,46.57,B,2,S4,1
100,98,11,96,56,44,"2,3",236544,70.963,B,2,S4,1
100,45,7,108,82,56,"1,2,3",495936,148.781,B,2,S4,1
100,54,7,108,82,56,"1,2,3",495936,148.781,B,2,S4,1
100,5,1,78,49,47,"1,2,3",179634,53.89,B,2,S5,1
100,106,12,117,64,42,"2,3",314496,94.349,B,2,S5,0
100,25,4,100,89,31,3,275900,82.77,B,2,S5,1
100,94,10,74,62,46,"1,2,3",211048,63.314,C,3,S6,1
100,63,8,45,41,24,"1,2,3",44280,13.284,C,3,S6,1
100,118,13,73,71,50,"1,2,3",259150,77.745,A,1,S1,1
100,55,7,108,82,56,"1,2,3",495936,148.781,A,1,S3,1
100,38,5,108,76,47,"2,3",385776,115.733,A,1,S3,1
100,46,7,108,82,56,"1,2,3",495936,148.781,A,1,S1,1
100,93,10,74,62,46,"1,2,3",211048,63.314,C,3,S6,1
100,129,15,91,49,27,"2,3",120393,36.118,C,3,S6,1
100,68,8,45,41,24,"1,2,3",44280,13.284,C,3,S6,0
100,102,11,96,56,44,"2,3",236544,70.963,B,2,S4,1
100,73,8,45,41,24,"1,2,3",44280,13.284,B,2,S4,1
100,32,5,108,76,47,"2,3",385776,115.733,B,2,S5,1
100,88,10,74,62,46,"1,2,3",211048,63.314,B,2,S5,1
100,133,15,91,49,27,"2,3",120393,36.118,B,2,S4,1
100,20,3,98,44,36,"2,3",155232,46.57,B,2,S4,1
100,69,8,45,41,24,"1,2,3",44280,13.284,B,2,S5,1
100,40,6,75,36,28,"2,3",75600,22.68,A,1,S1,1
100,99,11,96,56,44,"2,3",236544,70.963,B,2,S4,1
100,85,10,74,62,46,"1,2,3",211048,63.314,B,2,S4,0
100,59,8,45,41,24,"1,2,3",44280,13.284,B,2,S4,1
100,8,2,46,45,43,"1,2,3",89010,26.703,C,3,S6,1
100,80,9,103,48,38,"2,3",187872,56.362,B,2,S4,1
100,44,7,108,82,56,"1,2,3",495936,148.781,B,2,S4,1
100,97,11,96,56,44,"2,3",236544,70.963,B,2,S5,1
100,7,1,78,49,47,"1,2,3",179634,53.89,B,2,S4,1
100,19,3,98,44,36,"2,3",155232,46.57,B,2,S5,1
100,110,12,117,64,42,"2,3",314496,94.349,A,1,S1,1
100,48,7,108,82,56,"1,2,3",495936,148.781,A,1,S1,0
100,138,15,91,49,27,"2,3",120393,36.118,B,2,S5,1
100,113,12,117,64,42,"2,3",314496,94.349,B,2,S5,1
100,131,15,91,49,27,"2,3",120393,36.118,A,1,S1,1
100,84,10,74,62,46,"1,2,3",211048,63.314,B,2,S4,1
100,128,15,91,49,27,"2,3",120393,36.118,A,1,S2,1
100,35,5,108,76,47,"2,3",385776,115.733,C,3,S6,1
100,23,3,98,44,36,"2,3",155232,46.57,B,2,S5,1
100,126,14,61,48,47,"1,2,3",137616,41.285,A,1,S1,1
100,135,15,91,49,27,"2,3",120393,36.118,C,3,S6,1
100,4,1,78,49,47,"1,2,3",179634,53.89,C,3,S6,1
100,82,9,103,48,38,"2,3",187872,56.362,B,2,S4,1
100,87,10,74,62,46,"1,2,3",211048,63.314,B,2,S5,1
100,60,8,45,41,24,"1,2,3",44280,13.284,B,2,S5,1
100,58,8,45,41,24,"1,2,3",44280,13.284,B,2,S5,1
100,116,13,73,71,50,"1,2,3",259150,77.745,A,1,S2,0
100,10,2,46,45,43,"1,2,3",89010,26.703,C,3,S6,1
100,43,6,75,36,28,"2,3",75600,22.68,A,1,S2,1
100,57,7,108,82,56,"1,2,3",495936,148.781,B,2,S4,1
100,66,8,45,41,24,"1,2,3",44280,13.284,C,3,S6,0
100,37,5,108,76,47,"2,3",385776,115.733,B,2,S4,1
100,123,14,61,48,47,"1,2,3",137616,41.285,B,2,S4,1
100,83,10,74,62,46,"1,2,3",211048,63.314,B,2,S5,0
100,132,15,91,49,27,"2,3",120393,36.118,B,2,S5,1
100,27,4,100,89,31,3,275900,82.77,B,2,S4,1
100,127,15,91,49,27,"2,3",120393,36.118,B,2,S5,1
100,109,12,117,64,42,"2,3",314496,94.349,A,1,S2,1
100,22,3,98,44,36,"2,3",155232,46.57,B,2,S4,1
100,78,9,103,48,38,"2,3",187872,56.362,A,1,S2,1
100,90,10,74,62,46,"1,2,3",211048,63.314,C,3,S6,1
100,36,5,108,76,47,"2,3",385776,115.733,C,3,S6,1
100,115,13,73,71,50,"1,2,3",259150,77.745,C,3,S6,1
100,33,5,108,76,47,"2,3",385776,115.733,C,3,S6,1
100,28,4,100,89,31,3,275900,82.77,B,2,S4,0
100,103,11,96,56,44,"2,3",236544,70.963,B,2,S5,1
100,70,8,45,41,24,"1,2,3",44280,13.284,B,2,S4,1
100,51,7,108,82,56,"1,2,3",495936,148.781,B,2,S4,1
100,117,13,73,71,50,"1,2,3",259150,77.745,B,2,S5,0
100,61,8,45,41,24,"1,2,3",44280,13.284,B,2,S5,1
100,16,3,98,44,36,"2,3",155232,46.57,B,2,S5,1
100,122,14,61,48,47,"1,2,3",137616,41.285,B,2,S5,1
100,67,8,45,41,24,"1,2,3",44280,13.284,A,1,S1,1
100,119,13,73,71,50,"1,2,3",259150,77.745,B,2,S4,1
100,86,10,74,62,46,"1,2,3",211048,63.314,A,1,S2,1
100,53,7,108,82,56,"1,2,3",495936,148.781,A,1,S2,1
100,76,9,103,48,38,"2,3",187872,56.362,C,3,S6,1
100,137,15,91,49,27,"2,3",120393,36.118,C,3,S6,1
100,104,11,96,56,44,"2,3",236544,70.963,C,3,S6,1
100,18,3,98,44,36,"2,3",155232,46.57,A,1,S1,1
100,96,11,96,56,44,"2,3",236544,70.963,A,1,S2,1
100,34,5,108,76,47,"2,3",385776,115.733,A,1,S3,1
100,15,3,98,44,36,"2,3",155232,46.57,A,1,S1,1
100,92,10,74,62,46,"1,2,3",211048,63.314,A,1,S1,1
100,49,7,108,82,56,"1,2,3",495936,148.781,C,3,S6,1
100,89,10,74,62,46,"1,2,3",211048,63.314,C,3,S6,1
100,26,4,100,89,31,3,275900,82.77,C,3,S6,1
100,101,11,96,56,44,"2,3",236544,70.963,C,3,S6,1
100,42,6,75,36,28,"2,3",75600,22.68,A,1,S2,1
100,64,8,45,41,24,"1,2,3",44280,13.284,C,3,S6,1
100,75,9,103,48,38,"2,3",187872,56.362,A,1,S2,1
100,107,12,117,64,42,"2,3",314496,94.349,A,1,S1,1
100,31,4,100,89,31,3,275900,82.77,A,1,S2,1
100,114,12,117,64,42,"2,3",314496,94.349,A,1,S3,1
100,139,15,91,49,27,"2,3",120393,36.118,C,3,S6,1
100,29,4,100,89,31,3,275900,82.77,C,3,S6,0
100,39,6,75,36,28,"2,3",75600,22.68,C,3,S6,1
100,56,7,108,82,56,"1,2,3",495936,148.781,C,3,S6,0
100,65,8,45,41,24,"1,2,3",44280,13.284,C,3,S6,1
100,41,6,75,36,28,"2,3",75600,22.68,C,3,S6,1
100,62,8,45,41,24,"1,2,3",44280,13.284,C,3,S6,1
100,3,1,78,49,47,"1,2,3",179634,53.89,C,3,S6,1
100,91,10,74,62,46,"1,2,3",211048,63.314,C,3,S6,1
100,12,2,46,45,43,"1,2,3",89010,26.703,A,1,S2,1
100,17,3,98,44,36,"2,3",155232,46.57,A,1,S1,1
100,74,9,103,48,38,"2,3",187872,56.362,A,1,S2,1
100,71,8,45,41,24,"1,2,3",44280,13.284,A,1,S2,0
100,24,4,100,89,31,3,275900,82.77,A,1,S3,1
100,72,8,45,41,24,"1,2,3",44280,13.284,A,1,S2,1
100,121,14,61,48,47,"1,2,3",137616,41.285,A,1,S2,1
100,95,10,74,62,46,"1,2,3",211048,63.314,A,1,S3,1
100,105,12,117,64,42,"2,3",314496,94.349,A,1,S1,1
100,11,2,46,45,43,"1,2,3",89010,26.703,A,1,S3,1
100,13,2,46,45,43,"1,2,3",89010,26.703,A,1,S2,1
100,136,15,91,49,27,"2,3",120393,36.118,A,1,S1,1
100,111,12,117,64,42,"2,3",314496,94.349,C,3,S6,1
100,52,7,108,82,56,"1,2,3",495936,148.781,C,3,S6,1
100,50,7,108,82,56,"1,2,3",495936,148.781,A,1,S3,1
100,47,7,108,82,56,"1,2,3",495936,148.781,A,1,S1,1
100,125,14,61,48,47,"1,2,3",137616,41.285,A,1,S3,1
100,79,9,103,48,38,"2,3",187872,56.362,C,3,S6,1
100,2,1,78,49,47,"1,2,3",179634,53.89,A,1,S1,1
100,100,11,96,56,44,"2,3",236544,70.963,A,1,S2,1
100,134,15,91,49,27,"2,3",120393,36.118,A,1,S3,1
100,130,15,91,49,27,"2,3",120393,36.118,A,1,S1,0
100,30,4,100,89,31,3,275900,82.77,A,1,S3,0
100,77,9,103,48,38,"2,3",187872,56.362,A,1,S2,1
100,6,1,78,49,47,"1,2,3",179634,53.89,A,1,S1,1
100,112,12,117,64,42,"2,3",314496,94.349,A,1,S2,1
100,1,1,78,49,47,"1,2,3",179634,53.89,A,1,S1,1
100,108,12,117,64,42,"2,3",314496,94.349,A,1,S3,1
100,81,9,103,48,38,"2,3",187872,56.362,A,1,S1,1
100,120,13,73,71,50,"1,2,3",259150,77.745,A,1,S3,1
100,124,14,61,48,47,"1,2,3",137616,41.285,A,1,S3,1
